GPA,University_Rating,Major_Category,Region,Prior_Internships,Extra_Curricular_Activities,Networking_Events_Attended,School_Size,Primary_Search_Platform,Months_Searching,Applications_Submitted,First_Round_Interviews,Second_Round_Interviews,Offer_Received,Offer_Salary
3.09,Lower-tier,STEM,Northeast,1,2,5,Small,Handshake,7,21,3,1,,
4.0,Lower-tier,Humanities,South,1,3,7,Large,LinkedIn,10,111,3,1,,
3.53,Mid-tier,STEM,Midwest,2,0,2,Small,LinkedIn,3,42,3,2,,
3.3,Lower-tier,Healthcare,South,1,2,2,Medium,Handshake,1,5,1,1,,
3.27,Mid-tier,Humanities,Midwest,0,0,5,Medium,LinkedIn,1,6,1,0,,
3.21,Mid-tier,Business,West,1,3,3,Medium,Indeed,6,68,2,1,,
3.11,Top-tier,STEM,Northeast,0,1,1,Large,Handshake,3,15,3,1,,
4.0,Top-tier,Healthcare,Northeast,4,3,5,Medium,LinkedIn,5,22,2,2,,
2.52,Mid-tier,Humanities,Midwest,0,2,0,Medium,Handshake,9,24,2,1,,
2.81,Mid-tier,Humanities,West,1,0,5,Large,LinkedIn,4,35,0,0,,
3.11,Lower-tier,STEM,Midwest,0,6,2,Medium,Indeed,1,10,0,0,,
3.13,Lower-tier,Business,Northeast,2,3,2,Large,Handshake,11,5,1,0,,
3.14,Mid-tier,Business,Midwest,0,2,1,Large,Handshake,11,38,2,1,,
3.26,Mid-tier,Humanities,South,1,1,2,Large,Indeed,6,37,1,1,,
3.39,Lower-tier,STEM,Northeast,1,1,2,Small,Handshake,12,72,8,2,,
3.26,Mid-tier,Business,Northeast,0,1,2,Medium,LinkedIn,4,33,0,0,,
3.34,Mid-tier,Business,Midwest,0,0,4,Medium,LinkedIn,3,23,2,0,,
3.89,Mid-tier,Business,Midwest,2,0,4,Medium,Handshake,6,38,2,0,,
3.5,Mid-tier,Business,West,2,4,2,Small,LinkedIn,9,54,1,0,,
3.08,Lower-tier,Humanities,Midwest,0,2,4,Medium,Indeed,8,70,0,0,,
3.07,Mid-tier,Humanities,Northeast,0,2,2,Small,Handshake,1,7,2,2,,
3.14,Mid-tier,STEM,South,1,0,4,Large,Indeed,3,47,0,0,,
2.89,Mid-tier,STEM,Northeast,2,1,3,Large,Indeed,5,27,2,2,,
3.16,Mid-tier,Business,West,0,3,6,Medium,LinkedIn,4,20,0,0,,
3.67,Lower-tier,Healthcare,Midwest,1,2,2,Large,LinkedIn,5,42,2,0,,
2.54,Mid-tier,STEM,Northeast,2,2,3,Small,Indeed,5,56,3,2,,
3.72,Mid-tier,STEM,Northeast,2,1,4,Medium,Indeed,9,78,1,0,,
3.42,Lower-tier,Healthcare,West,0,2,1,Medium,Handshake,12,38,1,0,,
2.96,Lower-tier,STEM,South,1,1,2,Large,Handshake,8,40,2,1,,
3.21,Mid-tier,Arts,West,0,1,2,Small,Indeed,9,15,0,0,,
3.55,Mid-tier,Business,Midwest,0,2,1,Small,Indeed,2,30,2,1,,
3.07,Mid-tier,Healthcare,Midwest,0,1,3,Large,Indeed,12,92,0,0,,
3.26,Lower-tier,Business,West,2,1,3,Medium,LinkedIn,3,17,0,0,,
3.19,Mid-tier,Business,Northeast,0,0,4,Small,Indeed,8,140,0,0,,
3.23,Top-tier,Business,Midwest,1,2,2,Medium,Indeed,2,43,2,2,,
3.32,Lower-tier,Business,Northeast,0,4,3,Large,Handshake,9,85,3,1,,
2.31,Lower-tier,STEM,South,1,3,0,Large,Handshake,11,82,9,1,,
2.8,Mid-tier,Arts,South,0,1,4,Small,Handshake,7,52,2,2,,
3.27,Mid-tier,STEM,Northeast,1,5,4,Large,Indeed,5,76,0,0,,
3.73,Mid-tier,Business,Midwest,1,0,4,Small,Indeed,3,65,0,0,,
3.03,Mid-tier,STEM,West,1,3,0,Small,LinkedIn,7,24,2,2,,
3.23,Lower-tier,STEM,Midwest,1,2,2,Medium,Handshake,2,5,2,1,,
2.59,Lower-tier,Humanities,South,2,2,4,Medium,LinkedIn,4,32,2,0,,
4.0,Top-tier,Healthcare,Northeast,1,2,3,Small,Handshake,12,66,4,3,,
3.75,Lower-tier,STEM,West,1,1,2,Large,Indeed,8,69,0,0,,
3.97,Mid-tier,Humanities,Northeast,0,2,1,Medium,Indeed,10,180,1,0,,
2.9,Top-tier,STEM,West,1,3,6,Small,LinkedIn,12,78,2,1,,
3.41,Lower-tier,Business,West,1,3,2,Medium,Handshake,2,19,2,1,,
3.32,Mid-tier,Business,Northeast,1,2,2,Small,Handshake,12,22,2,0,,
3.32,Mid-tier,Business,Midwest,1,2,2,Medium,LinkedIn,5,51,2,1,,
2.9,Top-tier,Business,West,1,2,3,Large,Handshake,2,5,2,1,,
3.07,Mid-tier,Humanities,South,0,3,7,Medium,Handshake,2,11,2,2,,
3.37,Top-tier,Business,West,1,0,1,Large,Indeed,12,224,10,10,,
3.15,Mid-tier,Arts,Midwest,0,3,1,Large,Indeed,11,119,1,0,,
3.53,Top-tier,Arts,Northeast,2,1,4,Large,LinkedIn,2,27,0,0,,
3.16,Top-tier,STEM,Midwest,1,0,1,Medium,Handshake,3,22,2,0,,
3.71,Lower-tier,STEM,South,1,5,3,Large,Indeed,11,196,3,0,,
3.07,Mid-tier,Business,Midwest,0,3,2,Large,LinkedIn,1,9,0,0,,
3.96,Lower-tier,STEM,Midwest,0,3,4,Large,LinkedIn,7,82,3,1,,
2.79,Mid-tier,Business,Northeast,1,2,4,Medium,LinkedIn,6,73,3,2,,
3.57,Mid-tier,STEM,South,0,0,0,Small,Handshake,2,17,1,0,,
3.03,Lower-tier,Business,South,2,0,1,Medium,LinkedIn,1,5,2,1,,
4.0,Lower-tier,Humanities,South,2,1,1,Medium,LinkedIn,1,12,2,2,,
3.3,Mid-tier,STEM,South,2,4,4,Medium,Handshake,10,50,3,1,,
3.13,Mid-tier,Business,South,1,0,0,Medium,LinkedIn,2,15,2,0,,
3.07,Mid-tier,Business,Midwest,1,4,2,Medium,LinkedIn,8,120,5,0,,
3.13,Mid-tier,Humanities,Midwest,2,4,5,Large,Handshake,2,5,4,2,,
3.04,Mid-tier,Business,South,0,1,4,Large,Indeed,7,82,1,0,,
3.7,Mid-tier,Humanities,Northeast,2,1,3,Large,LinkedIn,12,150,3,2,,
3.36,Mid-tier,STEM,South,0,1,2,Large,Handshake,12,86,8,2,,
3.22,Lower-tier,Humanities,South,0,3,2,Small,Handshake,9,21,2,1,,
2.61,Top-tier,STEM,Midwest,0,1,4,Medium,LinkedIn,7,23,1,1,,
2.78,Mid-tier,STEM,Northeast,1,2,2,Large,Indeed,6,74,4,4,,
2.55,Top-tier,STEM,South,3,6,5,Medium,Handshake,11,49,2,1,,
2.77,Mid-tier,STEM,West,1,2,3,Large,Indeed,3,34,1,0,,
2.6,Lower-tier,Healthcare,West,0,4,1,Small,Handshake,4,20,4,1,,
3.66,Mid-tier,Healthcare,Midwest,1,2,4,Small,LinkedIn,9,81,2,0,,
2.42,Mid-tier,Healthcare,Midwest,1,4,6,Medium,Handshake,6,11,0,0,,
3.4,Mid-tier,STEM,Northeast,1,2,2,Medium,Handshake,1,5,0,0,,
3.59,Lower-tier,Business,Midwest,3,1,2,Small,LinkedIn,6,59,2,1,,
3.61,Lower-tier,Humanities,South,3,4,4,Medium,Indeed,3,25,0,0,,
2.9,Mid-tier,Arts,West,0,3,0,Medium,Indeed,2,25,1,0,,
3.68,Lower-tier,Business,West,0,2,6,Large,Handshake,8,22,3,2,,
2.79,Mid-tier,STEM,West,2,3,0,Large,LinkedIn,9,79,2,0,,
3.09,Mid-tier,Business,Midwest,0,3,3,Large,LinkedIn,8,52,1,1,,
2.65,Mid-tier,Humanities,Midwest,0,1,2,Medium,Indeed,3,39,1,0,,
3.07,Mid-tier,Humanities,South,3,3,4,Large,LinkedIn,1,8,0,0,,
3.57,Top-tier,Healthcare,Northeast,1,2,3,Medium,LinkedIn,2,19,2,1,,
3.18,Mid-tier,Business,South,0,3,2,Large,Indeed,3,33,0,0,,
3.48,Lower-tier,Healthcare,South,3,1,1,Medium,LinkedIn,8,94,2,0,,
3.78,Lower-tier,Healthcare,Midwest,1,0,3,Medium,Handshake,6,32,2,2,,
3.45,Mid-tier,Humanities,Midwest,1,1,4,Medium,Handshake,2,5,1,0,,
2.64,Lower-tier,Humanities,West,0,2,1,Medium,Handshake,9,54,3,1,,
2.5,Mid-tier,Business,Northeast,0,3,2,Medium,LinkedIn,7,44,3,1,,
3.36,Mid-tier,STEM,Midwest,0,1,4,Large,Indeed,4,44,0,0,,
3.46,Lower-tier,STEM,South,0,2,4,Medium,LinkedIn,1,11,1,1,,
3.51,Lower-tier,STEM,Midwest,2,2,2,Medium,Indeed,8,97,0,0,,
2.55,Lower-tier,Business,South,1,0,6,Large,Handshake,6,5,0,0,,
3.45,Top-tier,Healthcare,West,1,3,2,Medium,LinkedIn,7,108,5,2,,
4.0,Top-tier,Healthcare,Northeast,2,2,3,Large,Handshake,1,6,0,0,,
3.2,Mid-tier,Business,West,1,1,6,Large,LinkedIn,3,35,0,0,,
3.31,Mid-tier,Business,South,1,2,5,Large,LinkedIn,11,155,5,2,,
3.33,Top-tier,STEM,Midwest,3,2,2,Large,LinkedIn,2,15,2,1,,
2.38,Mid-tier,Arts,South,1,3,4,Small,Indeed,1,21,1,0,,
3.3,Mid-tier,Healthcare,West,0,3,3,Large,LinkedIn,10,105,1,1,,
3.25,Mid-tier,Humanities,Midwest,0,1,4,Medium,LinkedIn,7,92,4,4,,
3.33,Top-tier,STEM,Northeast,1,2,6,Large,LinkedIn,4,22,1,0,,
3.05,Lower-tier,STEM,West,2,1,6,Large,Indeed,2,37,2,1,,
2.98,Mid-tier,Healthcare,South,0,4,2,Large,Handshake,8,46,7,1,,
3.33,Mid-tier,Healthcare,Midwest,3,3,0,Small,LinkedIn,5,40,3,3,,
3.03,Lower-tier,STEM,Northeast,0,3,4,Large,Handshake,7,36,0,0,,
3.59,Mid-tier,Business,South,1,3,8,Medium,Indeed,11,221,1,1,,
3.07,Mid-tier,Business,South,1,3,3,Large,Handshake,1,5,0,0,,
3.21,Mid-tier,STEM,Northeast,0,0,6,Medium,LinkedIn,11,67,1,0,,
3.23,Lower-tier,Business,Midwest,1,4,3,Medium,Handshake,6,30,2,1,,
3.16,Lower-tier,Humanities,Northeast,2,4,2,Medium,LinkedIn,4,26,1,0,,
2.85,Lower-tier,Business,Midwest,0,1,8,Small,Handshake,8,26,2,2,,
4.0,Mid-tier,STEM,West,3,1,7,Large,Indeed,4,77,4,3,,
2.85,Lower-tier,Healthcare,South,3,2,2,Medium,Handshake,7,49,2,2,,
3.31,Mid-tier,STEM,Midwest,2,2,3,Large,Handshake,2,7,0,0,,
3.25,Lower-tier,Business,West,2,1,3,Large,LinkedIn,4,8,1,0,,
3.76,Top-tier,Arts,South,0,1,2,Large,Indeed,7,106,4,1,,
3.46,Lower-tier,Business,Midwest,1,4,0,Medium,Handshake,12,76,4,3,,
3.35,Mid-tier,Business,Northeast,0,2,2,Large,Handshake,2,8,1,0,,
3.35,Top-tier,STEM,South,2,3,5,Medium,LinkedIn,12,146,6,3,,
2.65,Mid-tier,STEM,Midwest,0,4,3,Medium,Indeed,7,67,0,0,,
3.62,Mid-tier,Arts,Northeast,3,3,2,Medium,Handshake,2,8,2,2,,
3.04,Mid-tier,Humanities,Midwest,1,0,3,Large,LinkedIn,1,16,0,0,,
2.8,Lower-tier,Business,West,0,3,1,Large,LinkedIn,8,129,4,2,,
3.32,Mid-tier,STEM,South,0,5,2,Medium,Handshake,2,8,2,1,,
3.43,Lower-tier,STEM,South,0,0,1,Medium,Handshake,7,5,2,1,,
3.62,Mid-tier,Healthcare,West,1,3,3,Large,Indeed,12,118,2,1,,
3.06,Mid-tier,Business,Midwest,2,3,4,Medium,LinkedIn,1,10,2,2,,
3.22,Lower-tier,Humanities,Midwest,1,6,2,Medium,Indeed,9,181,0,0,,
3.04,Top-tier,STEM,Northeast,1,0,3,Large,Indeed,10,33,0,0,,
2.34,Lower-tier,Business,South,2,3,4,Small,LinkedIn,3,22,0,0,,
3.05,Lower-tier,Humanities,South,0,3,2,Large,Indeed,8,110,0,0,,
2.93,Lower-tier,Healthcare,Northeast,3,2,1,Large,Handshake,2,9,0,0,,
3.49,Mid-tier,Healthcare,Northeast,0,2,4,Medium,LinkedIn,3,10,0,0,,
3.25,Mid-tier,STEM,Midwest,0,0,4,Large,LinkedIn,4,26,0,0,,
3.91,Mid-tier,Business,Midwest,1,0,3,Small,LinkedIn,11,77,3,1,,
3.35,Mid-tier,STEM,Northeast,0,1,2,Medium,Handshake,4,29,3,1,,
3.73,Lower-tier,Business,Northeast,2,1,3,Medium,Indeed,7,65,2,1,,
3.23,Top-tier,Humanities,South,2,1,4,Large,LinkedIn,12,100,7,2,,
3.45,Mid-tier,Humanities,Northeast,1,1,4,Small,Indeed,7,131,6,6,,
3.55,Lower-tier,Healthcare,South,0,4,3,Large,LinkedIn,1,5,0,0,,
2.97,Mid-tier,STEM,Northeast,1,3,5,Large,Handshake,8,41,5,0,,
2.75,Lower-tier,STEM,West,0,4,2,Small,Handshake,2,10,1,0,,
3.6,Mid-tier,Humanities,West,0,1,6,Large,Handshake,3,5,2,1,,
2.85,Mid-tier,Arts,South,1,2,4,Large,Handshake,9,45,6,2,,
3.71,Top-tier,Healthcare,South,4,6,2,Medium,Indeed,11,152,2,1,,
3.44,Mid-tier,Humanities,Northeast,1,2,1,Medium,Handshake,4,34,2,1,,
2.74,Top-tier,Humanities,South,3,1,0,Medium,LinkedIn,5,68,3,1,,
3.28,Lower-tier,Business,South,1,3,4,Small,LinkedIn,10,71,4,1,,
3.87,Mid-tier,Healthcare,West,2,1,3,Medium,Handshake,10,31,2,2,,
2.9,Lower-tier,STEM,Midwest,0,3,2,Large,LinkedIn,9,75,2,1,,
3.02,Mid-tier,STEM,South,1,2,1,Large,LinkedIn,9,15,1,0,,
2.98,Lower-tier,STEM,Northeast,2,1,4,Large,LinkedIn,6,80,5,1,,
3.32,Mid-tier,Healthcare,Northeast,2,4,3,Large,LinkedIn,5,65,3,1,,
3.93,Mid-tier,Arts,Northeast,1,2,3,Large,Indeed,1,11,0,0,,
3.39,Mid-tier,STEM,Midwest,0,1,0,Medium,Indeed,6,107,1,0,,
3.86,Lower-tier,Humanities,Northeast,1,2,5,Small,Handshake,9,28,3,1,,
3.43,Mid-tier,Business,West,1,2,4,Large,Handshake,12,5,0,0,,
3.17,Lower-tier,Business,Midwest,0,4,3,Large,Handshake,5,11,2,1,,
3.07,Mid-tier,STEM,West,3,1,0,Small,Handshake,12,8,0,0,,
3.52,Mid-tier,Arts,Midwest,2,4,2,Large,Indeed,5,109,1,0,,
3.5,Mid-tier,Business,West,0,0,4,Large,LinkedIn,6,47,2,0,,
3.34,Mid-tier,STEM,Northeast,1,1,5,Medium,Handshake,3,18,2,0,,
3.26,Top-tier,Business,South,2,2,4,Medium,LinkedIn,7,67,2,1,,
2.98,Mid-tier,STEM,Midwest,2,3,3,Large,Handshake,4,32,3,1,,
2.38,Mid-tier,STEM,West,2,2,0,Medium,Indeed,10,125,1,0,,
3.44,Mid-tier,STEM,West,2,0,3,Large,LinkedIn,9,67,3,3,,
2.74,Mid-tier,Healthcare,South,0,2,2,Large,Handshake,9,27,4,1,,
3.13,Lower-tier,Business,South,1,1,3,Small,LinkedIn,8,82,2,2,,
3.22,Mid-tier,Business,Midwest,1,1,1,Small,Handshake,7,64,7,4,,
4.0,Mid-tier,Humanities,West,4,3,2,Large,LinkedIn,11,51,2,1,,
3.29,Top-tier,STEM,Midwest,4,3,4,Large,Indeed,1,11,2,2,,
3.4,Lower-tier,Humanities,Northeast,1,0,6,Medium,LinkedIn,12,142,3,2,,
3.28,Lower-tier,Business,Midwest,2,3,3,Large,Handshake,3,29,2,1,,
2.95,Top-tier,Healthcare,Midwest,4,3,4,Large,Indeed,6,131,2,1,,
2.76,Lower-tier,STEM,Northeast,0,1,3,Large,Handshake,6,32,1,0,,
3.61,Lower-tier,Business,Midwest,0,3,6,Small,Handshake,2,5,0,0,,
3.54,Top-tier,Business,South,0,4,3,Medium,Handshake,2,7,0,0,,
3.06,Mid-tier,Business,Midwest,0,4,2,Medium,Handshake,9,60,2,2,,
3.54,Top-tier,Humanities,West,3,0,1,Large,Indeed,10,151,0,0,,
3.33,Mid-tier,Arts,Northeast,2,3,1,Medium,Handshake,12,38,2,2,,
3.11,Mid-tier,STEM,South,3,2,3,Medium,Indeed,9,85,0,0,,
3.05,Lower-tier,STEM,West,1,4,5,Medium,LinkedIn,12,58,3,1,,
2.6,Mid-tier,Business,West,3,2,3,Medium,LinkedIn,12,150,7,1,,
2.99,Lower-tier,STEM,Midwest,2,2,3,Large,Handshake,3,17,1,0,,
3.24,Lower-tier,STEM,Northeast,0,1,4,Large,Indeed,3,44,0,0,,
3.55,Lower-tier,Humanities,Northeast,3,1,1,Large,Indeed,12,34,2,1,,
2.39,Mid-tier,STEM,West,0,1,1,Large,Indeed,6,90,1,1,,
3.89,Lower-tier,Business,South,2,3,4,Medium,Indeed,12,86,5,1,,
3.67,Top-tier,Business,Midwest,1,1,7,Large,Indeed,1,8,0,0,,
2.31,Mid-tier,STEM,South,1,1,3,Medium,Handshake,5,20,2,1,,
3.2,Lower-tier,Business,Midwest,1,3,5,Small,LinkedIn,9,150,6,3,,
3.04,Lower-tier,Business,South,0,0,5,Large,Handshake,8,29,2,2,,
3.08,Top-tier,Healthcare,South,1,0,1,Large,Indeed,8,101,1,0,,
3.43,Mid-tier,STEM,West,0,3,7,Large,LinkedIn,12,84,2,2,,
2.83,Lower-tier,STEM,Midwest,4,3,2,Medium,LinkedIn,11,64,2,2,,
2.78,Mid-tier,STEM,West,1,3,1,Medium,Handshake,11,71,4,1,,
3.91,Mid-tier,Business,Midwest,3,1,3,Large,LinkedIn,12,48,3,3,,
2.94,Mid-tier,STEM,South,1,1,2,Medium,Indeed,9,117,2,2,,
3.46,Lower-tier,Business,Northeast,4,2,2,Large,Handshake,12,88,7,1,,
3.47,Lower-tier,STEM,West,0,2,1,Medium,Handshake,4,10,1,0,,
2.99,Mid-tier,STEM,Northeast,0,1,3,Large,LinkedIn,9,37,4,0,,
3.04,Mid-tier,STEM,Midwest,2,1,1,Small,Handshake,11,66,3,1,,
2.83,Lower-tier,Humanities,South,3,3,2,Small,Handshake,3,30,2,2,,
2.94,Lower-tier,Business,West,0,1,4,Small,Handshake,8,16,2,0,,
3.97,Mid-tier,STEM,West,1,2,3,Large,Handshake,3,19,2,1,,
2.94,Mid-tier,Humanities,Northeast,3,0,7,Large,Indeed,10,163,6,5,,
3.12,Lower-tier,Business,West,2,1,3,Large,LinkedIn,9,64,4,4,,
3.14,Top-tier,STEM,West,1,3,3,Large,Indeed,5,58,1,0,,
3.37,Lower-tier,Healthcare,South,0,1,1,Large,Indeed,1,12,0,0,,
3.52,Mid-tier,STEM,West,2,3,2,Small,Indeed,3,19,2,1,,
3.01,Top-tier,Arts,Northeast,2,0,3,Medium,LinkedIn,3,18,1,0,,
3.56,Lower-tier,Business,Northeast,1,5,2,Medium,LinkedIn,6,5,0,0,,
3.64,Mid-tier,Business,Northeast,0,0,2,Medium,Handshake,9,45,6,0,,
3.47,Mid-tier,Humanities,West,1,4,2,Medium,Indeed,10,160,1,1,,
3.66,Mid-tier,STEM,West,0,3,1,Medium,Handshake,1,5,0,0,,
2.65,Lower-tier,STEM,South,2,6,2,Medium,LinkedIn,6,7,0,0,,
2.22,Top-tier,Business,West,2,3,4,Medium,Handshake,12,138,16,5,,
3.59,Lower-tier,STEM,South,1,0,6,Medium,Indeed,8,113,1,0,,
2.97,Lower-tier,STEM,South,1,2,4,Large,Handshake,7,56,7,2,,
3.56,Mid-tier,STEM,South,3,2,3,Small,Handshake,8,73,2,2,,
3.17,Top-tier,STEM,West,1,3,2,Small,Handshake,11,84,4,2,,
3.05,Lower-tier,STEM,Midwest,3,4,7,Medium,Indeed,8,88,0,0,,
3.48,Top-tier,Business,Northeast,3,2,5,Medium,LinkedIn,11,42,2,0,,
3.44,Mid-tier,Humanities,Midwest,1,0,2,Medium,LinkedIn,7,50,2,1,,
2.78,Lower-tier,Business,Midwest,1,3,3,Large,Handshake,5,5,0,0,,
3.14,Mid-tier,Business,Northeast,0,2,5,Large,Handshake,11,29,1,0,,
2.75,Mid-tier,Business,South,0,3,2,Large,LinkedIn,3,18,1,0,,
3.79,Top-tier,Business,Northeast,3,3,4,Medium,Handshake,1,5,2,2,,
2.63,Mid-tier,STEM,South,0,0,5,Small,Handshake,5,40,1,0,,
2.72,Top-tier,STEM,Northeast,1,1,3,Medium,Indeed,2,22,2,1,,
3.02,Lower-tier,Business,South,0,1,2,Medium,LinkedIn,9,85,2,1,,
2.64,Mid-tier,Business,South,1,4,4,Medium,LinkedIn,3,21,1,1,,
3.19,Top-tier,Healthcare,South,2,2,5,Small,LinkedIn,7,84,1,0,,
2.83,Mid-tier,Business,Northeast,0,3,0,Small,Handshake,9,45,0,0,,
3.11,Top-tier,STEM,Northeast,2,3,5,Medium,LinkedIn,12,68,2,1,,
3.3,Mid-tier,STEM,Northeast,3,5,3,Medium,Indeed,2,26,0,0,,
2.61,Mid-tier,STEM,Midwest,0,4,2,Medium,Handshake,12,96,7,2,,
2.79,Lower-tier,Healthcare,South,0,3,2,Large,Indeed,2,12,0,0,,
3.21,Mid-tier,STEM,Midwest,1,0,5,Medium,Indeed,5,30,0,0,,
2.67,Lower-tier,Business,South,0,1,1,Large,LinkedIn,9,12,1,1,,
3.24,Mid-tier,Business,Midwest,3,5,2,Medium,Handshake,11,53,3,1,,
2.86,Lower-tier,Healthcare,Northeast,2,3,5,Large,LinkedIn,8,65,4,2,,
3.28,Mid-tier,Humanities,Midwest,1,2,1,Small,LinkedIn,9,147,4,3,,
3.62,Mid-tier,STEM,Midwest,3,4,1,Medium,LinkedIn,11,106,5,4,,
2.98,Mid-tier,Business,Midwest,4,2,3,Large,LinkedIn,11,146,6,6,,
3.34,Lower-tier,STEM,Northeast,0,3,4,Small,Indeed,6,93,3,2,,
3.22,Top-tier,Business,Northeast,2,0,5,Small,Handshake,8,56,6,4,,
3.22,Mid-tier,STEM,South,2,1,3,Large,Handshake,8,25,2,1,,
2.82,Mid-tier,Humanities,South,2,2,1,Medium,Indeed,3,17,0,0,,
3.02,Mid-tier,Healthcare,South,0,1,2,Large,Indeed,6,117,0,0,,
2.95,Mid-tier,Business,West,1,0,3,Medium,LinkedIn,11,67,1,0,,
3.7,Lower-tier,Business,West,2,2,3,Large,Indeed,9,61,0,0,,
3.05,Mid-tier,Humanities,Midwest,1,1,4,Large,LinkedIn,11,71,2,0,,
3.85,Mid-tier,Humanities,Midwest,0,0,5,Large,Indeed,7,120,0,0,,
2.85,Lower-tier,Business,West,3,2,4,Large,LinkedIn,2,13,1,0,,
2.69,Mid-tier,Healthcare,Midwest,0,2,5,Medium,LinkedIn,5,52,1,1,,
2.2,Lower-tier,Humanities,Midwest,2,3,2,Large,LinkedIn,5,50,3,3,,
2.47,Lower-tier,STEM,Northeast,0,0,1,Medium,Indeed,8,98,3,3,,
3.15,Mid-tier,Business,South,0,1,3,Large,Handshake,2,5,1,1,,
2.49,Mid-tier,Humanities,Northeast,0,1,3,Small,Handshake,4,17,2,1,,
2.1,Mid-tier,STEM,Midwest,3,4,3,Large,LinkedIn,2,16,2,2,,
3.11,Lower-tier,Business,Midwest,1,3,1,Medium,Indeed,9,73,3,2,,
2.55,Lower-tier,STEM,West,2,1,2,Small,Handshake,6,35,2,0,,
3.23,Mid-tier,Business,South,0,3,3,Large,Handshake,4,36,3,1,,
2.62,Mid-tier,Humanities,West,2,1,5,Large,Handshake,12,80,6,3,,
3.64,Mid-tier,STEM,Midwest,0,1,5,Large,LinkedIn,10,95,5,0,,
2.86,Mid-tier,STEM,South,1,4,2,Large,Handshake,4,28,3,3,,
2.96,Lower-tier,Healthcare,South,3,0,1,Medium,Indeed,6,81,1,1,,
3.08,Top-tier,STEM,South,0,3,4,Small,Indeed,3,22,0,0,,
3.42,Mid-tier,STEM,Northeast,2,2,2,Medium,Indeed,10,145,6,5,,
3.07,Lower-tier,STEM,Midwest,2,4,4,Medium,LinkedIn,5,70,3,1,,
3.85,Top-tier,STEM,Northeast,1,6,1,Large,Handshake,9,37,4,0,,
3.66,Top-tier,Business,West,2,1,1,Large,Handshake,10,45,3,2,,
3.55,Lower-tier,Business,Northeast,4,0,3,Large,Indeed,6,107,3,1,,
2.94,Mid-tier,STEM,South,0,1,3,Large,LinkedIn,6,62,4,4,,
3.79,Lower-tier,Business,South,1,2,2,Medium,Handshake,6,34,3,1,,
2.81,Mid-tier,Business,Northeast,1,3,4,Small,Indeed,11,89,0,0,,
3.47,Lower-tier,STEM,West,1,2,3,Large,Handshake,2,11,0,0,,
3.65,Top-tier,Business,West,0,0,8,Small,LinkedIn,7,51,2,0,,
2.67,Top-tier,STEM,Northeast,2,2,2,Medium,Handshake,10,78,5,2,,
3.22,Top-tier,Healthcare,West,1,2,5,Medium,LinkedIn,6,66,4,3,,
2.82,Lower-tier,Business,South,1,6,1,Large,Handshake,10,30,2,1,,
4.0,Mid-tier,Humanities,South,0,1,1,Medium,Handshake,6,24,0,0,,
3.29,Mid-tier,STEM,South,0,4,0,Large,Indeed,2,28,1,0,,
3.04,Top-tier,Business,West,1,0,2,Medium,LinkedIn,2,6,0,0,,
3.09,Mid-tier,STEM,South,1,2,3,Medium,LinkedIn,3,6,0,0,,
3.11,Lower-tier,Business,Northeast,2,1,3,Large,LinkedIn,3,19,0,0,,
3.23,Top-tier,Arts,West,0,1,3,Medium,LinkedIn,11,38,2,2,,
3.02,Top-tier,STEM,South,2,2,5,Large,Handshake,12,54,1,0,,
2.86,Mid-tier,STEM,Northeast,4,2,4,Large,LinkedIn,10,66,4,3,,
3.17,Top-tier,Business,South,2,8,6,Medium,Handshake,2,7,0,0,,
3.51,Mid-tier,Business,West,2,2,4,Small,Indeed,4,68,0,0,,
3.06,Lower-tier,Arts,West,0,4,3,Small,Handshake,5,27,1,0,,
3.13,Mid-tier,Arts,Midwest,2,2,6,Large,Indeed,2,20,0,0,,
3.39,Lower-tier,STEM,Northeast,0,2,5,Medium,Handshake,5,26,4,1,,
3.5,Lower-tier,Humanities,Northeast,2,2,3,Large,LinkedIn,10,106,4,4,,
2.74,Mid-tier,STEM,West,1,3,2,Medium,Indeed,10,160,3,1,,
2.95,Mid-tier,Arts,West,0,3,1,Small,Handshake,5,26,2,0,,
3.87,Lower-tier,STEM,Northeast,3,3,2,Medium,Indeed,10,171,0,0,,
3.33,Lower-tier,STEM,Northeast,2,1,3,Small,LinkedIn,3,22,2,1,,
2.94,Lower-tier,STEM,South,1,2,2,Large,Handshake,12,66,5,2,,
3.35,Mid-tier,STEM,Northeast,2,1,2,Medium,Indeed,6,56,0,0,,
4.0,Mid-tier,Business,South,1,3,4,Large,LinkedIn,7,58,3,1,,
3.2,Lower-tier,STEM,South,0,5,1,Large,Indeed,3,51,2,2,,
2.82,Mid-tier,Business,South,0,1,4,Medium,Handshake,1,5,2,2,,
2.77,Mid-tier,STEM,South,0,1,3,Small,Handshake,10,36,2,2,,
2.37,Mid-tier,Business,South,1,3,4,Medium,LinkedIn,8,48,2,1,,
3.24,Mid-tier,Healthcare,Northeast,0,2,6,Large,LinkedIn,2,19,0,0,,
3.06,Lower-tier,STEM,Northeast,2,3,4,Medium,LinkedIn,4,14,1,0,,
3.02,Lower-tier,Healthcare,West,0,0,3,Medium,LinkedIn,5,39,2,2,,
2.9,Mid-tier,Healthcare,South,2,1,10,Medium,Indeed,5,40,3,2,,
3.93,Mid-tier,Humanities,West,4,4,2,Large,LinkedIn,6,9,2,1,,
3.18,Lower-tier,STEM,South,1,4,3,Medium,LinkedIn,8,64,1,0,,
3.47,Top-tier,Arts,Northeast,3,2,3,Medium,LinkedIn,12,130,6,4,,
2.79,Mid-tier,Healthcare,South,2,2,3,Medium,Handshake,3,13,3,0,,
3.17,Top-tier,Business,South,1,2,5,Medium,Indeed,6,66,1,0,,
3.47,Mid-tier,STEM,Northeast,3,2,2,Medium,Handshake,4,17,2,2,,
3.19,Top-tier,STEM,South,1,1,0,Large,Handshake,11,82,4,3,,
3.1,Lower-tier,Business,Northeast,3,3,2,Large,LinkedIn,11,128,7,5,,
3.55,Top-tier,STEM,South,5,5,4,Large,LinkedIn,3,6,2,2,,
2.97,Mid-tier,STEM,West,0,3,1,Large,Indeed,12,232,4,0,,
3.17,Mid-tier,Business,South,3,2,4,Small,Indeed,7,122,3,0,,
3.47,Lower-tier,STEM,Northeast,1,2,6,Small,Indeed,11,166,0,0,,
3.55,Mid-tier,STEM,South,0,4,4,Large,LinkedIn,1,5,2,1,,
3.74,Lower-tier,Healthcare,Northeast,1,1,4,Small,Handshake,10,25,2,0,,
2.62,Mid-tier,Business,Northeast,3,1,2,Medium,Handshake,11,33,2,2,,
3.88,Mid-tier,Business,West,0,3,1,Large,LinkedIn,11,154,5,3,,
2.77,Mid-tier,Business,Midwest,0,4,2,Large,Indeed,3,38,1,1,,
3.19,Mid-tier,STEM,West,0,2,2,Medium,Handshake,10,33,2,2,,
3.44,Mid-tier,Humanities,South,3,1,4,Medium,Handshake,2,6,2,1,,
2.67,Mid-tier,Business,South,4,1,5,Medium,Handshake,4,35,2,1,,
2.8,Mid-tier,STEM,Northeast,2,1,2,Medium,Handshake,10,5,2,1,,
3.33,Mid-tier,Business,South,0,1,4,Small,Handshake,5,25,2,1,,
2.96,Lower-tier,Arts,West,1,1,2,Medium,LinkedIn,9,118,5,0,,
3.39,Lower-tier,STEM,West,4,0,3,Large,Indeed,9,171,6,6,,
3.73,Mid-tier,Business,West,2,2,2,Medium,Indeed,4,60,2,1,,
3.4,Top-tier,Business,South,1,3,3,Large,Indeed,6,108,1,0,,
2.9,Mid-tier,Healthcare,South,3,4,1,Medium,Indeed,8,101,3,0,,
3.69,Top-tier,Healthcare,Midwest,0,2,2,Large,LinkedIn,8,92,4,0,,
2.49,Mid-tier,STEM,South,1,1,5,Medium,Indeed,12,262,3,1,,
2.71,Lower-tier,Humanities,West,0,4,2,Medium,Indeed,4,42,0,0,,
2.38,Lower-tier,STEM,West,0,2,2,Medium,LinkedIn,8,92,4,1,,
3.27,Mid-tier,Arts,Northeast,0,2,3,Small,Handshake,2,13,0,0,,
3.49,Mid-tier,Humanities,West,0,3,2,Medium,LinkedIn,7,58,2,1,,
3.49,Mid-tier,Healthcare,West,0,3,2,Medium,Handshake,12,42,3,2,,
3.58,Top-tier,Business,South,1,2,2,Large,Indeed,5,44,3,1,,
3.37,Mid-tier,Business,Midwest,0,2,3,Medium,Handshake,6,14,0,0,,
3.46,Lower-tier,Humanities,Northeast,0,0,3,Small,Handshake,8,69,6,2,,
2.99,Mid-tier,Healthcare,West,1,0,3,Small,Handshake,10,60,6,2,,
3.22,Mid-tier,Business,West,0,0,2,Large,Handshake,7,35,3,0,,
3.21,Mid-tier,Healthcare,Northeast,0,2,2,Small,LinkedIn,6,26,2,1,,
2.16,Lower-tier,STEM,South,4,4,3,Medium,Indeed,9,207,8,5,,
2.6,Mid-tier,Healthcare,Midwest,0,3,2,Small,Handshake,1,5,2,2,,
3.33,Top-tier,Business,Midwest,1,2,2,Large,LinkedIn,12,126,5,2,,
3.22,Lower-tier,Healthcare,Northeast,1,1,3,Medium,Indeed,1,11,2,1,,
3.62,Mid-tier,Business,West,3,3,3,Large,Handshake,11,27,1,0,,
3.82,Lower-tier,Business,South,2,4,0,Medium,LinkedIn,7,23,0,0,,
2.77,Mid-tier,Healthcare,Midwest,1,3,1,Small,Handshake,9,78,4,3,,
3.39,Mid-tier,STEM,Midwest,3,2,3,Medium,Handshake,1,5,2,1,,
2.81,Mid-tier,Humanities,South,0,4,6,Medium,Handshake,6,25,2,0,,
2.91,Lower-tier,Humanities,Midwest,0,0,3,Large,Handshake,7,5,2,1,,
2.73,Lower-tier,STEM,South,2,1,0,Large,LinkedIn,10,113,4,1,,
2.8,Lower-tier,Business,West,3,3,1,Large,LinkedIn,5,27,0,0,,
3.04,Mid-tier,Humanities,Midwest,0,5,1,Large,LinkedIn,8,70,5,2,,
2.79,Mid-tier,STEM,West,1,2,4,Medium,Indeed,2,23,1,0,,
3.62,Mid-tier,Business,South,1,2,5,Small,Indeed,4,34,1,0,,
3.09,Mid-tier,STEM,South,2,0,3,Small,Indeed,9,81,0,0,,
3.2,Lower-tier,Business,Northeast,3,2,1,Large,LinkedIn,3,24,2,1,,
3.07,Mid-tier,Humanities,South,0,4,2,Medium,Indeed,6,50,0,0,,
3.87,Lower-tier,Healthcare,South,0,0,3,Large,LinkedIn,11,93,7,3,,
3.31,Lower-tier,Business,Midwest,1,4,2,Medium,Handshake,8,74,2,2,,
3.54,Mid-tier,Business,Northeast,3,2,1,Medium,Handshake,7,80,3,2,,
3.15,Mid-tier,STEM,Northeast,3,0,4,Medium,Indeed,12,178,1,0,,
2.95,Mid-tier,Humanities,Northeast,1,5,3,Medium,LinkedIn,1,5,0,0,,
2.6,Lower-tier,Business,South,2,3,5,Large,Indeed,1,14,0,0,,
3.43,Mid-tier,Business,Northeast,0,3,2,Large,Indeed,11,216,4,4,,
4.0,Lower-tier,Business,West,0,1,8,Large,LinkedIn,5,9,0,0,,
3.82,Mid-tier,STEM,Northeast,1,1,4,Large,Handshake,9,25,2,0,,
2.83,Mid-tier,Healthcare,Midwest,1,5,1,Medium,Handshake,3,22,3,2,,
3.68,Mid-tier,Humanities,South,2,3,7,Small,Handshake,6,12,2,2,,
2.86,Lower-tier,STEM,West,1,4,6,Large,Handshake,4,23,2,2,,
2.22,Lower-tier,Business,Northeast,4,2,0,Large,LinkedIn,1,7,2,1,,
3.13,Lower-tier,Healthcare,Midwest,0,1,0,Medium,Indeed,3,57,0,0,,
3.33,Lower-tier,STEM,Midwest,2,0,3,Medium,LinkedIn,5,54,6,5,,
3.69,Mid-tier,Healthcare,Northeast,0,2,4,Medium,LinkedIn,8,104,2,0,,
2.9,Mid-tier,Humanities,West,1,1,3,Small,Handshake,2,16,2,1,,
3.52,Top-tier,Healthcare,West,0,2,1,Medium,Indeed,2,35,1,0,,
3.1,Top-tier,Healthcare,South,0,3,1,Medium,Indeed,3,9,0,0,,
3.24,Top-tier,Humanities,South,0,2,3,Medium,LinkedIn,7,74,3,0,,
2.61,Mid-tier,Business,Northeast,1,5,4,Medium,Handshake,9,64,8,5,,
3.05,Lower-tier,Business,West,2,2,4,Large,Indeed,2,41,2,2,,
3.88,Mid-tier,STEM,South,3,1,1,Small,Indeed,4,34,2,2,,
3.41,Mid-tier,Humanities,Northeast,0,2,1,Large,Handshake,5,5,0,0,,
3.22,Mid-tier,STEM,South,2,1,5,Medium,LinkedIn,4,54,4,1,,
3.03,Lower-tier,Humanities,Northeast,0,4,2,Small,LinkedIn,9,55,0,0,,
3.39,Mid-tier,STEM,Northeast,4,1,4,Large,Indeed,1,12,0,0,,
3.59,Top-tier,Humanities,Northeast,3,1,3,Large,Handshake,12,5,0,0,,
2.81,Lower-tier,Arts,Midwest,0,2,5,Small,Handshake,2,14,0,0,,
2.84,Mid-tier,STEM,South,2,2,3,Small,Indeed,11,100,2,0,,
2.48,Mid-tier,Business,Midwest,2,2,2,Medium,LinkedIn,11,91,5,2,,
3.37,Mid-tier,STEM,Northeast,1,1,3,Large,Indeed,8,140,2,1,,
2.94,Top-tier,Healthcare,Northeast,1,1,3,Medium,Handshake,1,5,2,1,,
3.88,Lower-tier,STEM,South,0,3,3,Small,Handshake,12,36,3,0,,
3.33,Mid-tier,Business,Midwest,0,1,1,Small,LinkedIn,12,166,9,1,,
3.13,Lower-tier,Business,Midwest,2,3,0,Large,Handshake,8,41,2,2,,
3.67,Mid-tier,STEM,Northeast,2,2,5,Large,Handshake,4,22,3,1,,
3.13,Top-tier,STEM,South,2,3,2,Medium,Indeed,7,91,0,0,,
4.0,Mid-tier,Business,Northeast,2,3,2,Large,Indeed,8,41,1,0,,
3.35,Mid-tier,STEM,Midwest,1,4,5,Small,Indeed,6,78,1,0,,
3.59,Lower-tier,Arts,Midwest,0,5,4,Medium,Handshake,5,25,2,0,,
3.17,Top-tier,STEM,South,0,1,2,Medium,LinkedIn,2,17,0,0,,
2.92,Top-tier,STEM,South,0,2,3,Medium,LinkedIn,5,18,2,1,,
2.83,Mid-tier,Business,South,1,2,1,Medium,Indeed,12,220,3,2,,
3.28,Mid-tier,Arts,South,1,2,1,Medium,Indeed,9,78,1,0,,
3.22,Mid-tier,STEM,South,2,2,1,Medium,Handshake,10,60,5,2,,
2.99,Mid-tier,Business,Midwest,3,4,2,Medium,Indeed,3,61,4,4,,
2.65,Top-tier,STEM,Midwest,3,3,1,Medium,LinkedIn,1,6,1,0,,
3.52,Lower-tier,Business,Northeast,1,5,3,Large,Handshake,4,32,2,1,,
2.82,Mid-tier,STEM,Midwest,2,1,3,Large,Indeed,5,119,3,0,,
2.97,Lower-tier,STEM,Northeast,2,3,2,Medium,LinkedIn,9,63,2,2,,
2.73,Mid-tier,Humanities,Northeast,2,2,3,Medium,Indeed,7,95,3,3,,
3.54,Mid-tier,Humanities,Midwest,0,1,2,Medium,Handshake,2,8,2,2,,
3.72,Top-tier,Humanities,Northeast,0,3,0,Large,LinkedIn,11,89,3,2,,
2.0,Lower-tier,STEM,South,1,0,2,Medium,Handshake,10,20,2,2,,
3.14,Mid-tier,Arts,Northeast,1,0,5,Medium,LinkedIn,4,51,4,0,,
3.08,Lower-tier,STEM,West,1,1,4,Small,Handshake,2,6,1,0,,
2.48,Mid-tier,STEM,West,1,1,4,Large,LinkedIn,10,106,1,1,,
3.56,Mid-tier,Humanities,Midwest,2,1,3,Medium,Handshake,5,35,2,0,,
2.78,Lower-tier,Business,South,0,1,3,Large,LinkedIn,12,46,1,0,,
3.58,Mid-tier,Business,Midwest,0,3,3,Large,Handshake,10,31,2,1,,
2.9,Mid-tier,Humanities,Northeast,0,3,4,Large,LinkedIn,10,121,6,4,,
2.99,Lower-tier,Business,Midwest,2,2,3,Small,Handshake,9,36,3,0,,
3.26,Lower-tier,STEM,Northeast,2,2,5,Medium,Indeed,7,38,1,0,,
2.74,Mid-tier,Humanities,South,0,2,4,Medium,LinkedIn,11,104,5,3,,
2.82,Lower-tier,STEM,Northeast,2,1,4,Large,Indeed,10,105,2,2,,
3.16,Mid-tier,Business,South,2,1,3,Medium,Indeed,8,146,4,2,,
3.13,Mid-tier,Healthcare,South,1,2,0,Small,Handshake,7,39,2,1,,
2.85,Mid-tier,Arts,Northeast,0,2,1,Large,LinkedIn,12,98,3,1,,
3.04,Top-tier,Healthcare,West,1,4,2,Large,Handshake,3,21,2,2,,
3.31,Lower-tier,STEM,West,2,1,1,Large,Handshake,2,9,1,0,,
3.76,Mid-tier,Humanities,South,1,1,2,Large,LinkedIn,12,114,5,1,,
3.75,Lower-tier,Healthcare,Northeast,2,2,4,Large,Handshake,11,58,2,1,,
3.74,Mid-tier,Business,Midwest,0,2,1,Medium,LinkedIn,12,82,3,3,,
3.76,Lower-tier,Business,South,1,1,1,Large,LinkedIn,11,51,2,2,,
3.09,Lower-tier,Business,Northeast,3,4,2,Large,Indeed,7,36,1,0,,
3.74,Top-tier,Healthcare,South,2,2,4,Large,LinkedIn,1,8,2,1,,
3.68,Lower-tier,STEM,Midwest,0,0,1,Small,LinkedIn,12,88,5,1,,
4.0,Top-tier,STEM,South,5,1,2,Medium,LinkedIn,4,52,3,1,,
3.32,Mid-tier,STEM,Northeast,2,2,5,Large,LinkedIn,10,83,4,2,,
3.65,Mid-tier,Humanities,Midwest,0,2,3,Large,LinkedIn,4,39,2,1,,
3.71,Lower-tier,Healthcare,Midwest,0,1,2,Medium,LinkedIn,5,38,1,0,,
2.63,Mid-tier,Humanities,Northeast,0,1,3,Small,Handshake,11,12,0,0,,
3.1,Mid-tier,Business,West,3,1,2,Medium,Handshake,10,50,4,1,,
3.44,Mid-tier,STEM,West,3,1,5,Large,Handshake,1,5,2,2,,
3.34,Lower-tier,STEM,West,0,1,2,Large,Indeed,10,38,2,2,,
2.53,Mid-tier,Healthcare,West,2,0,3,Medium,LinkedIn,6,5,0,0,,
2.84,Mid-tier,Healthcare,Northeast,2,1,6,Medium,LinkedIn,4,33,1,0,,
3.04,Mid-tier,STEM,West,3,4,1,Large,LinkedIn,5,28,2,1,,
3.8,Lower-tier,STEM,West,0,4,3,Large,LinkedIn,3,16,2,2,,
3.26,Mid-tier,STEM,Northeast,2,3,1,Large,LinkedIn,8,38,2,1,,
2.66,Mid-tier,Healthcare,South,1,1,2,Large,Indeed,3,44,0,0,,
2.8,Lower-tier,STEM,Northeast,0,2,2,Medium,Indeed,8,34,0,0,,
3.25,Mid-tier,Business,Midwest,1,3,4,Small,Indeed,6,67,0,0,,
3.36,Mid-tier,STEM,Northeast,1,3,1,Small,LinkedIn,11,62,2,1,,
3.41,Lower-tier,STEM,Midwest,3,4,4,Small,Handshake,8,18,2,1,,
3.04,Top-tier,STEM,South,1,3,0,Large,LinkedIn,4,30,1,0,,
3.81,Mid-tier,STEM,Northeast,1,1,2,Medium,LinkedIn,8,65,4,1,,
2.89,Lower-tier,STEM,South,0,2,4,Small,LinkedIn,8,78,5,1,,
4.0,Lower-tier,Business,South,1,2,1,Medium,Handshake,5,15,1,1,,
3.92,Mid-tier,Business,South,2,3,3,Medium,Handshake,11,99,10,4,,
3.6,Lower-tier,STEM,Northeast,0,3,0,Large,Handshake,5,17,1,0,,
3.81,Mid-tier,Humanities,Midwest,0,1,4,Medium,Indeed,10,158,2,1,,
2.63,Mid-tier,Humanities,South,1,4,3,Large,Indeed,12,108,1,0,,
3.52,Lower-tier,Business,South,4,2,1,Medium,LinkedIn,9,102,2,1,,
2.9,Top-tier,Arts,Northeast,0,1,3,Large,Indeed,10,91,1,0,,
2.71,Mid-tier,Humanities,Northeast,1,6,2,Large,LinkedIn,6,19,0,0,,
4.0,Lower-tier,Business,Midwest,3,2,1,Medium,LinkedIn,12,28,2,2,,
3.27,Mid-tier,STEM,South,1,2,4,Large,Indeed,4,31,1,0,,
3.03,Mid-tier,Business,South,1,2,3,Large,LinkedIn,2,26,2,1,,
3.14,Lower-tier,Healthcare,South,1,1,2,Small,Handshake,11,82,5,1,,
3.27,Mid-tier,Business,South,4,0,2,Large,LinkedIn,2,9,1,0,,
3.71,Mid-tier,Healthcare,South,1,0,2,Medium,Indeed,10,208,1,1,,
2.9,Lower-tier,Business,Midwest,2,1,4,Medium,LinkedIn,10,68,1,0,,
2.98,Mid-tier,Business,West,3,3,6,Medium,LinkedIn,1,9,2,1,,
3.7,Lower-tier,Healthcare,Northeast,4,1,2,Small,LinkedIn,7,8,2,1,,
2.64,Lower-tier,Business,South,1,1,4,Large,LinkedIn,6,33,3,2,,
3.55,Mid-tier,Humanities,West,0,3,2,Small,Handshake,7,5,0,0,,
3.27,Mid-tier,Business,Midwest,4,0,0,Large,LinkedIn,8,65,3,3,,
3.35,Lower-tier,STEM,Northeast,2,3,5,Medium,Handshake,7,33,4,1,,
2.37,Lower-tier,STEM,West,0,3,9,Large,LinkedIn,10,121,2,1,,
3.98,Mid-tier,Business,West,2,0,1,Large,LinkedIn,2,17,2,1,,
2.88,Lower-tier,STEM,Midwest,0,2,2,Medium,Indeed,5,118,4,3,,
3.23,Mid-tier,Business,West,0,1,1,Medium,LinkedIn,5,14,1,1,,
3.22,Mid-tier,STEM,Midwest,0,0,2,Small,LinkedIn,4,22,2,1,,
2.66,Lower-tier,STEM,West,0,0,4,Large,Handshake,11,31,1,1,,
3.71,Lower-tier,Business,Midwest,2,3,1,Small,LinkedIn,7,59,2,1,,
2.91,Mid-tier,STEM,Midwest,4,1,5,Medium,Handshake,4,5,2,1,,
3.0,Lower-tier,Humanities,South,2,4,4,Small,Handshake,5,38,3,0,,
3.01,Lower-tier,STEM,South,0,1,3,Large,Handshake,10,41,4,1,,
2.9,Mid-tier,Humanities,West,0,4,7,Large,Handshake,3,13,2,0,,
2.93,Mid-tier,Business,South,2,2,3,Large,Handshake,9,40,2,1,,
3.19,Lower-tier,Business,Midwest,1,1,3,Small,LinkedIn,2,10,2,1,,
3.16,Mid-tier,Business,South,2,1,5,Large,LinkedIn,12,132,6,3,,
2.62,Lower-tier,STEM,West,0,3,5,Medium,Indeed,11,172,9,7,,
3.47,Top-tier,STEM,Northeast,1,2,5,Medium,LinkedIn,1,5,0,0,,
3.71,Lower-tier,Arts,Northeast,0,0,6,Large,Handshake,7,26,2,1,,
3.44,Mid-tier,STEM,West,0,1,0,Medium,Handshake,10,93,10,3,,
3.48,Mid-tier,Arts,Northeast,1,1,3,Large,Indeed,10,126,0,0,,
3.58,Top-tier,Humanities,Midwest,1,2,5,Large,LinkedIn,7,78,4,2,,
2.59,Lower-tier,Humanities,Northeast,1,1,6,Large,Indeed,8,116,2,1,,
2.98,Mid-tier,Healthcare,Midwest,0,3,3,Small,Handshake,4,40,4,1,,
3.1,Lower-tier,STEM,West,1,4,3,Small,Handshake,5,25,2,2,,
2.0,Lower-tier,Humanities,South,0,3,1,Medium,Handshake,3,5,1,0,,
3.67,Lower-tier,Healthcare,West,1,0,1,Medium,LinkedIn,12,38,1,0,,
4.0,Mid-tier,Business,West,1,4,4,Small,Handshake,8,52,2,1,,
3.31,Mid-tier,STEM,West,0,2,2,Medium,LinkedIn,7,94,8,4,,
2.67,Mid-tier,Business,Midwest,1,2,5,Large,LinkedIn,10,33,0,0,,
2.99,Mid-tier,Healthcare,South,0,1,1,Large,LinkedIn,5,95,3,3,,
3.36,Top-tier,STEM,Northeast,0,1,3,Small,Indeed,7,155,3,1,,
3.7,Top-tier,Healthcare,Northeast,2,2,4,Medium,LinkedIn,10,40,3,3,,
2.93,Mid-tier,Humanities,South,0,4,3,Large,LinkedIn,12,172,5,2,,
2.9,Lower-tier,Healthcare,South,1,1,1,Medium,Handshake,9,40,3,1,,
3.24,Lower-tier,STEM,Northeast,0,1,5,Small,Indeed,11,161,2,2,,
3.57,Lower-tier,STEM,West,0,2,6,Large,Indeed,6,76,0,0,,
3.86,Top-tier,Healthcare,Northeast,0,1,4,Medium,LinkedIn,3,27,2,0,,
4.0,Mid-tier,STEM,South,1,0,5,Large,Handshake,10,120,6,2,,
3.01,Lower-tier,STEM,South,0,0,3,Large,LinkedIn,1,13,0,0,,
3.08,Top-tier,Business,Midwest,2,6,0,Large,Indeed,6,85,0,0,,
2.74,Mid-tier,Business,Northeast,0,6,4,Medium,LinkedIn,2,8,1,0,,
2.19,Mid-tier,STEM,South,1,0,4,Medium,Indeed,6,63,0,0,,
3.17,Lower-tier,Healthcare,Midwest,0,2,3,Medium,Indeed,5,70,0,0,,
2.72,Top-tier,Business,West,3,0,5,Medium,Indeed,2,19,0,0,,
2.72,Mid-tier,STEM,South,0,3,3,Small,Handshake,2,12,2,2,,
3.13,Lower-tier,Business,South,0,3,2,Small,Handshake,2,12,0,0,,
3.24,Mid-tier,STEM,Northeast,0,1,4,Medium,Indeed,8,150,2,0,,
3.44,Mid-tier,STEM,West,2,2,2,Medium,Indeed,3,50,0,0,,
2.88,Top-tier,STEM,Midwest,5,2,3,Large,Handshake,12,32,1,0,,
2.41,Lower-tier,Humanities,West,2,2,1,Small,Handshake,8,34,3,1,,
3.09,Mid-tier,STEM,West,2,1,0,Large,LinkedIn,8,77,3,3,,
2.9,Mid-tier,Healthcare,West,3,1,6,Large,LinkedIn,4,31,1,0,,
3.23,Lower-tier,Humanities,West,0,1,2,Large,Handshake,9,81,3,3,,
3.1,Mid-tier,Arts,West,0,4,3,Medium,LinkedIn,12,98,8,2,,
2.84,Mid-tier,Business,Midwest,1,2,5,Large,Handshake,1,6,1,0,,
2.37,Top-tier,Arts,South,2,1,2,Small,Indeed,4,79,2,2,,
2.97,Lower-tier,STEM,Midwest,2,2,5,Large,LinkedIn,3,41,1,0,,
2.98,Lower-tier,STEM,Midwest,0,5,1,Large,Indeed,10,141,1,1,,
3.28,Lower-tier,STEM,South,2,6,1,Small,Handshake,2,13,1,1,,
3.25,Mid-tier,STEM,Midwest,1,1,5,Medium,LinkedIn,2,28,1,0,,
3.52,Top-tier,Healthcare,Midwest,2,1,1,Medium,LinkedIn,7,66,2,0,,
2.93,Lower-tier,Healthcare,South,1,0,5,Small,Indeed,1,16,1,0,,
3.64,Mid-tier,Business,West,1,3,3,Large,LinkedIn,11,102,5,3,,
2.95,Lower-tier,STEM,Midwest,3,0,6,Medium,Indeed,8,130,1,0,,
2.74,Lower-tier,Business,Midwest,2,0,5,Medium,LinkedIn,8,85,4,2,,
4.0,Lower-tier,Healthcare,Northeast,1,0,4,Large,LinkedIn,8,89,5,2,,
2.94,Lower-tier,STEM,Midwest,1,1,5,Small,Handshake,11,7,2,0,,
3.0,Top-tier,Business,South,1,1,5,Large,Handshake,1,5,2,1,,
3.05,Mid-tier,Business,West,0,2,2,Large,LinkedIn,12,166,9,2,,
3.79,Mid-tier,STEM,Northeast,0,4,3,Large,Indeed,4,72,2,2,,
3.48,Mid-tier,STEM,Midwest,1,0,3,Large,Indeed,7,67,1,0,,
3.18,Lower-tier,Humanities,South,3,4,1,Large,Indeed,12,300,3,3,,
3.34,Lower-tier,Healthcare,Midwest,0,1,3,Large,Handshake,12,84,4,4,,
3.48,Lower-tier,STEM,South,0,1,3,Large,Handshake,11,51,3,2,,
2.97,Lower-tier,Business,Midwest,1,4,4,Large,Handshake,4,32,2,1,,
3.29,Mid-tier,Arts,Midwest,1,1,2,Large,Handshake,6,57,5,1,,
3.81,Mid-tier,STEM,Northeast,3,3,3,Small,Handshake,5,28,2,2,,
2.47,Mid-tier,Healthcare,Midwest,1,2,2,Medium,LinkedIn,4,18,1,0,,
3.51,Mid-tier,STEM,Midwest,0,3,4,Medium,LinkedIn,4,51,3,3,,
3.11,Mid-tier,Business,West,0,1,3,Medium,LinkedIn,9,72,7,4,,
3.61,Mid-tier,STEM,Northeast,0,1,4,Large,Handshake,9,5,0,0,,
2.86,Lower-tier,Healthcare,Northeast,1,2,2,Large,Handshake,8,5,1,1,,
3.19,Mid-tier,STEM,Northeast,0,2,5,Medium,Handshake,2,11,0,0,,
3.94,Mid-tier,STEM,West,2,2,6,Small,Handshake,2,11,2,1,,
3.64,Mid-tier,Humanities,West,1,4,2,Large,Indeed,2,40,0,0,,
3.4,Mid-tier,STEM,South,0,5,2,Medium,LinkedIn,6,11,0,0,,
3.29,Lower-tier,Healthcare,South,0,0,1,Large,LinkedIn,5,5,0,0,,
3.55,Top-tier,Humanities,Northeast,1,1,1,Large,Handshake,1,5,0,0,,
3.3,Lower-tier,Business,South,0,4,3,Medium,LinkedIn,3,15,1,0,,
3.29,Top-tier,Humanities,Northeast,3,1,4,Medium,Handshake,12,34,1,0,,
3.04,Lower-tier,STEM,West,2,0,5,Small,Handshake,5,35,2,2,,
2.79,Top-tier,STEM,West,0,2,1,Small,LinkedIn,11,44,0,0,,
3.44,Mid-tier,Business,Midwest,1,2,2,Medium,LinkedIn,3,29,2,2,,
4.0,Mid-tier,Business,Northeast,0,2,2,Medium,LinkedIn,1,13,1,0,,
3.52,Lower-tier,Healthcare,South,2,3,0,Small,Handshake,12,6,1,0,,
3.57,Mid-tier,STEM,Northeast,3,2,4,Large,Handshake,9,45,3,2,,
3.51,Mid-tier,STEM,South,1,1,4,Large,Handshake,2,5,0,0,,
2.93,Mid-tier,Business,Midwest,3,1,2,Medium,LinkedIn,11,78,3,3,,
3.68,Lower-tier,STEM,Northeast,1,2,0,Medium,Handshake,4,18,2,1,,
2.56,Lower-tier,Healthcare,Northeast,2,3,4,Medium,LinkedIn,6,44,2,0,,
3.57,Lower-tier,Business,Midwest,1,0,3,Small,LinkedIn,9,108,6,2,,
3.36,Lower-tier,Business,West,2,1,2,Medium,Handshake,1,9,0,0,,
2.77,Lower-tier,Humanities,West,1,2,2,Small,Handshake,6,5,1,0,,
2.58,Lower-tier,Business,Midwest,0,0,3,Large,Indeed,7,29,0,0,,
3.05,Mid-tier,STEM,Midwest,2,3,5,Small,Handshake,4,8,0,0,,
3.38,Lower-tier,Business,West,1,2,3,Small,LinkedIn,4,25,3,2,,
2.76,Lower-tier,STEM,Midwest,0,4,2,Small,Indeed,1,9,0,0,,
3.35,Mid-tier,Business,South,1,1,3,Small,LinkedIn,4,37,0,0,,
3.5,Lower-tier,STEM,Northeast,1,0,5,Medium,LinkedIn,6,64,3,1,,
3.63,Top-tier,Humanities,Midwest,3,1,8,Small,LinkedIn,8,42,3,1,,
3.89,Mid-tier,Humanities,West,3,5,1,Medium,LinkedIn,3,23,0,0,,
2.31,Mid-tier,STEM,Northeast,0,3,5,Large,Handshake,12,104,2,2,,
3.82,Mid-tier,Healthcare,Northeast,2,1,3,Medium,Handshake,2,8,2,1,,
2.51,Mid-tier,STEM,Northeast,2,1,5,Large,Indeed,3,45,0,0,,
2.5,Lower-tier,STEM,South,1,6,7,Large,Handshake,8,40,0,0,,
3.45,Lower-tier,Business,Midwest,1,2,2,Medium,Handshake,3,11,1,0,,
2.98,Mid-tier,Arts,West,0,3,2,Large,Indeed,2,24,0,0,,
2.93,Mid-tier,STEM,West,1,3,1,Medium,LinkedIn,1,7,0,0,,
3.08,Mid-tier,Business,West,1,3,2,Large,LinkedIn,11,111,1,0,,
2.95,Top-tier,Humanities,Northeast,0,3,1,Large,Indeed,8,86,2,1,,
3.71,Mid-tier,Humanities,Northeast,3,2,3,Medium,Indeed,9,118,2,0,,
3.1,Mid-tier,Humanities,Midwest,1,2,1,Small,Indeed,9,148,8,2,,
3.07,Mid-tier,STEM,South,1,0,5,Small,Handshake,3,13,2,1,,
2.46,Mid-tier,Healthcare,Northeast,2,1,6,Small,Handshake,5,19,2,2,,
3.39,Lower-tier,Business,Midwest,1,2,2,Large,Handshake,1,5,1,0,,
3.42,Mid-tier,STEM,Midwest,3,2,2,Large,LinkedIn,3,36,2,1,,
3.05,Lower-tier,Humanities,Midwest,0,0,2,Small,Indeed,10,80,2,1,,
3.28,Mid-tier,Business,Midwest,2,3,4,Medium,LinkedIn,2,7,0,0,,
3.19,Top-tier,STEM,West,0,0,3,Large,LinkedIn,1,5,2,1,,
2.98,Top-tier,Humanities,Midwest,1,4,2,Large,Handshake,12,96,8,2,,
3.07,Mid-tier,Healthcare,Midwest,1,3,2,Medium,LinkedIn,6,65,4,4,,
2.67,Mid-tier,STEM,West,1,1,0,Small,Handshake,8,34,2,2,,
2.79,Mid-tier,Humanities,West,1,0,1,Medium,Indeed,10,171,3,0,,
3.14,Lower-tier,Business,Northeast,1,3,4,Small,Handshake,12,58,2,1,,
3.02,Lower-tier,Healthcare,Midwest,0,3,7,Large,Handshake,10,91,7,4,,
2.74,Mid-tier,Arts,South,1,2,5,Large,LinkedIn,6,28,2,1,,
2.97,Mid-tier,Humanities,South,3,0,0,Large,Indeed,6,81,1,0,,
2.92,Mid-tier,Healthcare,South,2,0,2,Large,LinkedIn,7,49,2,2,,
3.08,Mid-tier,Business,South,1,6,4,Medium,LinkedIn,8,64,2,0,,
3.1,Lower-tier,Humanities,Midwest,2,1,2,Medium,Indeed,5,67,0,0,,
2.86,Mid-tier,STEM,Midwest,3,4,5,Large,LinkedIn,8,56,3,0,,
2.92,Mid-tier,Healthcare,Northeast,1,4,3,Large,LinkedIn,2,22,0,0,,
3.1,Top-tier,Humanities,West,2,3,1,Medium,LinkedIn,2,18,0,0,,
3.54,Mid-tier,Healthcare,West,0,1,9,Small,Handshake,1,5,2,2,,
3.65,Mid-tier,Business,South,0,1,2,Medium,LinkedIn,2,17,1,0,,
2.86,Lower-tier,Humanities,Midwest,3,5,1,Medium,Handshake,3,6,0,0,,
3.31,Mid-tier,Arts,South,3,2,3,Medium,Indeed,10,5,2,2,,
3.11,Lower-tier,STEM,Midwest,5,2,2,Small,Handshake,12,100,3,0,,
3.12,Mid-tier,STEM,South,0,4,2,Medium,Indeed,8,144,8,4,,
2.92,Lower-tier,Business,Northeast,0,1,3,Large,LinkedIn,4,27,3,1,,
2.98,Top-tier,Business,West,0,1,4,Large,Indeed,3,56,0,0,,
4.0,Mid-tier,Business,Northeast,1,2,3,Small,Handshake,3,23,0,0,,
3.09,Mid-tier,Business,Midwest,2,3,3,Small,Handshake,10,73,3,2,,
3.58,Lower-tier,Humanities,Midwest,4,3,6,Medium,Handshake,3,18,1,1,,
2.87,Lower-tier,Healthcare,Northeast,0,2,2,Large,LinkedIn,4,37,2,1,,
3.0,Mid-tier,STEM,Midwest,0,1,3,Small,LinkedIn,8,97,5,1,,
3.29,Lower-tier,STEM,West,0,3,6,Medium,Indeed,11,95,2,1,,
3.63,Top-tier,Business,West,2,1,1,Large,Handshake,4,19,2,1,,
3.51,Mid-tier,STEM,West,0,2,3,Medium,LinkedIn,5,34,2,2,,
3.18,Mid-tier,Healthcare,Northeast,3,3,4,Large,LinkedIn,12,96,4,1,,
3.57,Lower-tier,Humanities,Midwest,0,3,6,Large,LinkedIn,10,53,2,2,,
3.5,Mid-tier,Humanities,West,0,2,4,Large,Handshake,8,13,2,1,,
3.17,Lower-tier,Business,Midwest,2,1,1,Large,Indeed,3,25,2,1,,
3.07,Mid-tier,STEM,Midwest,2,2,2,Small,Indeed,5,63,0,0,,
3.6,Top-tier,STEM,Midwest,1,4,2,Medium,Indeed,10,113,1,0,,
2.52,Top-tier,STEM,Northeast,2,2,1,Medium,LinkedIn,4,21,0,0,,
3.79,Lower-tier,Humanities,Midwest,0,3,0,Medium,LinkedIn,6,64,3,2,,
2.74,Mid-tier,Humanities,South,1,1,7,Small,Handshake,7,32,4,2,,
3.05,Mid-tier,Healthcare,Midwest,0,5,4,Medium,Indeed,9,30,1,0,,
3.54,Lower-tier,Humanities,Midwest,1,2,4,Medium,LinkedIn,7,56,3,2,,
3.06,Top-tier,Business,South,1,1,2,Large,LinkedIn,1,5,2,2,,
2.45,Lower-tier,Business,South,2,0,2,Large,LinkedIn,10,106,6,4,,
3.47,Mid-tier,Business,Northeast,4,0,3,Small,LinkedIn,4,36,2,1,,
2.41,Lower-tier,Business,Midwest,0,0,2,Large,LinkedIn,7,75,3,1,,
2.97,Lower-tier,STEM,Northeast,0,0,5,Medium,LinkedIn,4,38,4,2,,
3.28,Lower-tier,Business,South,0,1,7,Large,LinkedIn,4,56,3,0,,
2.45,Mid-tier,Business,South,1,3,3,Small,LinkedIn,2,19,0,0,,
3.28,Mid-tier,Humanities,West,0,0,2,Medium,LinkedIn,4,14,1,1,,
3.92,Mid-tier,Humanities,West,1,3,6,Medium,LinkedIn,1,12,0,0,,
2.91,Lower-tier,STEM,Northeast,2,2,4,Medium,Handshake,6,41,5,2,,
3.28,Lower-tier,Business,South,1,3,6,Large,Handshake,11,55,3,2,,
3.37,Mid-tier,Humanities,South,0,0,2,Large,Indeed,6,79,3,3,,
2.87,Mid-tier,Business,West,0,2,4,Large,Handshake,10,36,5,4,,
3.25,Mid-tier,STEM,South,2,3,2,Large,LinkedIn,8,82,2,1,,
3.56,Mid-tier,STEM,South,1,4,1,Medium,Handshake,10,40,5,2,,
3.1,Mid-tier,Healthcare,Midwest,2,1,3,Small,LinkedIn,9,85,2,1,,
3.2,Mid-tier,Humanities,West,1,2,0,Medium,Handshake,4,16,2,2,,
3.93,Mid-tier,STEM,West,1,3,4,Large,LinkedIn,8,36,2,1,,
2.6,Lower-tier,Humanities,Northeast,0,0,2,Large,Handshake,10,65,2,2,,
3.04,Lower-tier,Business,South,0,2,6,Large,LinkedIn,6,56,2,1,,
3.41,Top-tier,Business,Northeast,1,5,4,Medium,LinkedIn,6,62,3,2,,
3.64,Mid-tier,Business,South,1,5,3,Large,LinkedIn,10,43,1,0,,
3.02,Mid-tier,Healthcare,West,1,2,3,Medium,Indeed,7,124,3,1,,
3.12,Top-tier,STEM,West,2,3,3,Large,Handshake,6,24,1,0,,
4.0,Mid-tier,STEM,Northeast,2,4,3,Medium,Handshake,7,28,2,2,,
2.66,Mid-tier,Humanities,West,1,2,4,Large,Indeed,10,118,4,3,,
2.88,Lower-tier,Arts,South,1,1,3,Small,Handshake,10,95,4,0,,
2.51,Mid-tier,Healthcare,Midwest,1,3,4,Large,LinkedIn,6,25,2,2,,
3.38,Lower-tier,Business,Northeast,1,2,5,Small,Indeed,9,130,1,0,,
4.0,Lower-tier,Humanities,Northeast,1,1,4,Large,Indeed,5,29,0,0,,
3.42,Lower-tier,STEM,Midwest,1,2,5,Large,Handshake,6,53,3,1,,
3.52,Mid-tier,Business,West,1,3,3,Large,Handshake,5,20,2,1,,
3.32,Mid-tier,Business,South,1,3,4,Large,Handshake,2,10,2,0,,
2.55,Lower-tier,Healthcare,Northeast,1,3,5,Large,Indeed,3,12,0,0,,
3.48,Lower-tier,STEM,Northeast,2,3,5,Medium,LinkedIn,1,9,2,0,,
3.76,Lower-tier,Healthcare,Midwest,0,2,2,Medium,Handshake,5,37,2,1,,
3.07,Mid-tier,STEM,West,3,3,4,Medium,LinkedIn,6,59,2,2,,
3.7,Mid-tier,STEM,Midwest,1,2,0,Small,Handshake,8,5,2,2,,
3.28,Mid-tier,Business,Midwest,0,1,3,Large,LinkedIn,11,88,5,4,,
2.52,Lower-tier,Healthcare,Northeast,0,3,2,Medium,Indeed,10,128,0,0,,
3.31,Lower-tier,Business,Midwest,1,4,4,Medium,LinkedIn,12,70,2,2,,
2.77,Mid-tier,Business,South,0,1,4,Small,Indeed,9,84,1,0,,
3.11,Lower-tier,Humanities,Northeast,0,1,3,Large,Indeed,2,37,1,0,,
3.55,Top-tier,Humanities,Midwest,0,3,3,Large,LinkedIn,5,45,3,1,,
3.5,Top-tier,Arts,Northeast,3,2,1,Small,Handshake,10,55,3,3,,
3.65,Mid-tier,Business,Northeast,0,3,2,Medium,Handshake,2,14,1,1,,
2.88,Lower-tier,Healthcare,Northeast,2,0,2,Small,Handshake,11,89,6,0,,
3.22,Lower-tier,Business,South,0,1,4,Large,Indeed,11,141,0,0,,
3.37,Lower-tier,Healthcare,West,1,1,2,Large,Indeed,12,112,4,1,,
2.85,Lower-tier,Healthcare,Northeast,1,1,1,Small,LinkedIn,9,66,2,1,,
2.91,Lower-tier,STEM,Midwest,1,3,5,Large,LinkedIn,4,21,1,0,,
3.18,Mid-tier,STEM,Midwest,1,1,2,Small,Handshake,10,50,7,3,,
2.9,Mid-tier,Healthcare,South,0,2,2,Medium,Indeed,7,38,0,0,,
3.47,Top-tier,Business,Midwest,4,1,2,Medium,LinkedIn,9,114,5,4,,
2.99,Lower-tier,Business,West,1,3,5,Medium,Handshake,4,27,3,0,,
3.52,Top-tier,STEM,Midwest,3,0,1,Large,Indeed,6,46,0,0,,
3.05,Lower-tier,STEM,Northeast,1,3,3,Medium,Handshake,4,24,3,1,,
3.38,Lower-tier,STEM,Northeast,0,0,1,Large,LinkedIn,7,84,1,1,,
2.64,Lower-tier,STEM,West,0,4,1,Large,Handshake,11,62,2,1,,
3.47,Lower-tier,Humanities,Midwest,0,1,4,Small,Handshake,10,76,9,1,,
3.49,Lower-tier,Business,Midwest,0,5,2,Small,LinkedIn,10,90,3,2,,
3.22,Lower-tier,STEM,Northeast,1,5,4,Large,Handshake,1,7,0,0,,
2.94,Top-tier,Healthcare,Northeast,3,2,5,Medium,LinkedIn,2,13,2,2,,
3.15,Mid-tier,Healthcare,West,0,3,4,Medium,LinkedIn,12,98,4,2,,
3.64,Lower-tier,Healthcare,Northeast,0,2,3,Medium,LinkedIn,10,78,4,2,,
3.24,Top-tier,STEM,Midwest,3,2,2,Medium,Indeed,7,32,2,1,,
3.06,Mid-tier,STEM,Northeast,0,0,5,Medium,LinkedIn,6,84,1,0,,
3.36,Mid-tier,Healthcare,South,1,2,1,Medium,Indeed,11,170,3,1,,
3.34,Lower-tier,STEM,South,0,2,2,Large,LinkedIn,5,54,1,1,,
3.08,Lower-tier,Business,Midwest,3,3,3,Medium,LinkedIn,8,40,2,1,,
2.6,Lower-tier,Business,South,2,3,3,Large,Indeed,9,112,5,1,,
3.31,Top-tier,STEM,Midwest,0,2,1,Small,LinkedIn,8,38,2,2,,
2.71,Mid-tier,STEM,West,1,2,2,Small,LinkedIn,1,5,0,0,,
3.8,Mid-tier,Business,West,1,5,2,Small,Indeed,12,80,0,0,,
3.63,Top-tier,Healthcare,West,2,0,4,Medium,LinkedIn,10,150,7,0,,
2.92,Lower-tier,STEM,West,3,3,1,Medium,LinkedIn,7,46,3,2,,
3.29,Lower-tier,Business,Midwest,0,0,6,Large,Indeed,7,79,0,0,,
2.49,Lower-tier,STEM,South,2,1,4,Large,LinkedIn,3,26,0,0,,
3.51,Lower-tier,Business,Midwest,0,2,2,Medium,LinkedIn,2,17,1,0,,
3.43,Lower-tier,STEM,Northeast,0,0,5,Small,LinkedIn,8,38,0,0,,
3.08,Lower-tier,Business,Northeast,0,1,3,Large,LinkedIn,4,30,0,0,,
2.63,Mid-tier,Business,West,1,1,2,Large,LinkedIn,9,97,2,1,,
3.3,Mid-tier,Business,South,2,1,1,Medium,Indeed,10,155,0,0,,
3.2,Lower-tier,Humanities,Northeast,0,1,8,Large,Indeed,3,53,1,0,,
2.95,Mid-tier,Business,South,0,2,2,Large,Handshake,6,5,1,0,,
3.05,Mid-tier,Business,West,3,3,0,Medium,Handshake,12,84,7,3,,
2.88,Mid-tier,Humanities,Northeast,0,1,4,Large,LinkedIn,9,84,4,4,,
2.99,Mid-tier,Business,Midwest,1,1,3,Large,LinkedIn,12,190,10,8,,
3.18,Mid-tier,Business,South,0,0,5,Medium,LinkedIn,9,78,4,3,,
3.38,Lower-tier,Business,West,1,2,3,Medium,Indeed,11,40,0,0,,
3.42,Lower-tier,STEM,Midwest,5,1,4,Large,LinkedIn,1,10,2,2,,
3.25,Lower-tier,STEM,South,1,2,5,Large,Handshake,12,52,2,1,,
3.16,Top-tier,Business,Northeast,1,2,2,Large,LinkedIn,8,98,3,0,,
2.88,Lower-tier,Arts,West,0,6,7,Large,LinkedIn,12,106,4,2,,
3.53,Mid-tier,Business,Northeast,1,4,5,Large,LinkedIn,12,184,2,2,,
3.33,Mid-tier,Humanities,Northeast,3,0,2,Medium,LinkedIn,11,77,2,1,,
4.0,Lower-tier,STEM,West,1,3,2,Large,LinkedIn,9,100,5,2,,
2.95,Lower-tier,Humanities,West,0,2,2,Large,Indeed,7,95,3,3,,
4.0,Top-tier,Healthcare,West,1,2,7,Large,Handshake,3,16,2,1,,
3.99,Mid-tier,Humanities,Northeast,0,2,4,Large,LinkedIn,4,48,3,1,,
2.47,Mid-tier,STEM,Northeast,1,0,2,Small,Handshake,8,9,2,1,,
3.38,Top-tier,STEM,Northeast,1,0,1,Medium,Handshake,10,55,5,0,,
3.28,Lower-tier,Business,West,3,2,2,Medium,LinkedIn,8,5,2,1,,
3.14,Top-tier,Business,Northeast,3,1,3,Large,Handshake,10,50,5,1,,
3.23,Lower-tier,Business,Midwest,1,2,3,Large,Handshake,6,38,2,1,,
3.28,Lower-tier,STEM,West,1,4,2,Small,Indeed,6,106,4,4,,
3.5,Mid-tier,Humanities,Northeast,2,1,1,Small,Indeed,5,79,3,0,,
2.92,Mid-tier,STEM,Midwest,0,1,0,Small,Handshake,3,13,2,0,,
3.12,Lower-tier,Arts,Midwest,0,0,0,Medium,Indeed,8,158,0,0,,
3.66,Top-tier,Arts,Northeast,5,1,4,Large,LinkedIn,3,24,2,1,,
3.4,Lower-tier,STEM,Midwest,0,1,3,Large,Indeed,12,260,8,1,,
2.63,Mid-tier,Arts,Midwest,0,1,2,Large,LinkedIn,3,20,0,0,,
3.7,Top-tier,STEM,Northeast,1,2,4,Large,Handshake,3,23,1,1,,
3.19,Lower-tier,Business,Midwest,2,1,3,Large,LinkedIn,4,37,4,2,,
2.71,Mid-tier,Healthcare,South,2,1,3,Small,Indeed,9,93,0,0,,
2.59,Top-tier,STEM,South,2,2,7,Medium,LinkedIn,4,34,3,1,,
4.0,Mid-tier,STEM,Northeast,4,1,3,Large,LinkedIn,2,13,2,2,,
3.07,Mid-tier,Healthcare,Midwest,0,5,4,Medium,LinkedIn,2,22,1,1,,
3.79,Lower-tier,Humanities,Northeast,2,5,4,Medium,LinkedIn,5,49,2,0,,
2.87,Mid-tier,Humanities,West,0,2,7,Small,Indeed,10,71,1,1,,
3.82,Mid-tier,Business,West,0,4,5,Large,Handshake,5,32,1,0,,
3.0,Lower-tier,STEM,West,2,1,2,Medium,Handshake,8,34,2,2,,
2.81,Lower-tier,Business,West,0,2,3,Large,LinkedIn,9,45,0,0,,
3.46,Lower-tier,Humanities,West,0,5,3,Large,LinkedIn,5,51,2,1,,
3.35,Lower-tier,Business,West,1,0,1,Medium,LinkedIn,4,59,2,1,,
3.91,Mid-tier,STEM,Northeast,3,3,4,Medium,LinkedIn,7,26,2,1,,
3.02,Mid-tier,STEM,Midwest,1,1,3,Large,Indeed,4,68,1,1,,
3.33,Lower-tier,Business,West,2,3,2,Medium,LinkedIn,2,15,2,1,,
2.52,Mid-tier,Arts,Northeast,4,4,6,Medium,LinkedIn,10,95,3,1,,
2.31,Mid-tier,STEM,South,0,0,2,Large,LinkedIn,12,148,6,2,,
3.82,Mid-tier,Healthcare,West,2,2,8,Medium,Indeed,10,161,2,1,,
3.18,Mid-tier,STEM,Midwest,1,0,6,Small,Indeed,11,135,1,0,,
3.47,Lower-tier,Business,South,1,3,3,Large,LinkedIn,9,58,3,2,,
3.12,Lower-tier,STEM,Northeast,0,1,2,Large,LinkedIn,11,124,3,0,,
3.0,Mid-tier,Business,West,0,2,5,Large,LinkedIn,10,95,9,0,,
3.04,Mid-tier,Healthcare,Northeast,4,3,1,Small,Handshake,2,5,2,2,,
3.34,Mid-tier,Business,South,1,3,2,Medium,LinkedIn,8,120,6,6,,
2.92,Mid-tier,STEM,West,2,1,5,Small,Indeed,6,96,3,1,,
2.34,Lower-tier,STEM,West,0,3,3,Large,LinkedIn,8,88,7,2,,
3.03,Mid-tier,Humanities,Midwest,1,6,3,Large,Indeed,6,19,0,0,,
2.83,Lower-tier,STEM,Northeast,1,1,5,Small,Handshake,3,12,1,0,,
3.2,Mid-tier,STEM,Northeast,0,1,1,Small,LinkedIn,3,9,0,0,,
3.14,Lower-tier,STEM,South,0,2,6,Small,Indeed,11,231,6,0,,
3.76,Mid-tier,STEM,Northeast,3,2,6,Small,Indeed,9,142,8,5,,
3.27,Lower-tier,Business,West,1,3,2,Large,Indeed,5,60,0,0,,
3.6,Top-tier,Business,West,1,3,3,Medium,Handshake,3,8,1,0,,
3.49,Mid-tier,Business,West,3,2,3,Large,Indeed,12,184,6,3,,
3.58,Mid-tier,Arts,West,2,2,3,Large,Indeed,6,62,0,0,,
3.5,Mid-tier,STEM,South,1,3,4,Medium,Indeed,3,24,0,0,,
3.34,Mid-tier,STEM,West,1,4,4,Large,Indeed,7,129,2,1,,
3.53,Mid-tier,STEM,West,1,2,5,Medium,Indeed,5,71,2,0,,
3.3,Mid-tier,STEM,West,2,2,1,Medium,Handshake,5,17,2,0,,
2.99,Mid-tier,Arts,Midwest,1,4,5,Large,Indeed,6,25,0,0,,
2.82,Mid-tier,STEM,West,2,3,4,Small,Handshake,9,5,2,1,,
3.2,Top-tier,Humanities,West,1,5,5,Large,LinkedIn,1,11,0,0,,
3.32,Lower-tier,STEM,Northeast,1,1,6,Small,Handshake,8,8,2,2,,
2.67,Lower-tier,STEM,Midwest,2,0,4,Medium,Handshake,4,22,0,0,,
2.53,Lower-tier,Business,Northeast,2,0,0,Large,Indeed,8,37,2,2,,
2.72,Lower-tier,Humanities,Northeast,2,5,2,Small,Handshake,6,31,2,1,,
3.1,Mid-tier,Healthcare,West,0,4,2,Large,Handshake,10,38,2,2,,
3.17,Lower-tier,Business,Midwest,2,1,6,Medium,Handshake,2,8,2,1,,
3.32,Lower-tier,STEM,Northeast,1,0,4,Large,LinkedIn,9,85,5,2,,
3.25,Lower-tier,Business,West,3,4,4,Medium,LinkedIn,2,8,2,1,,
3.05,Mid-tier,Humanities,Midwest,2,1,5,Large,Handshake,2,6,2,0,,
3.06,Mid-tier,Healthcare,West,0,1,4,Small,Indeed,6,85,0,0,,
3.91,Lower-tier,Business,Midwest,0,0,6,Large,Handshake,10,33,4,1,,
2.75,Mid-tier,Arts,Midwest,3,3,2,Medium,Indeed,11,99,2,0,,
2.68,Mid-tier,STEM,West,2,1,4,Medium,Handshake,9,43,0,0,,
3.13,Mid-tier,Healthcare,Midwest,1,0,1,Small,Handshake,5,29,5,1,,
3.27,Top-tier,Humanities,Midwest,0,3,4,Large,Handshake,5,18,2,1,,
2.65,Top-tier,STEM,Northeast,3,3,1,Large,Indeed,5,75,1,0,,
2.74,Mid-tier,Business,West,0,3,2,Large,LinkedIn,5,66,4,2,,
3.28,Top-tier,STEM,Midwest,0,1,3,Small,LinkedIn,6,31,1,1,,
3.31,Mid-tier,STEM,South,1,2,1,Medium,Indeed,10,116,0,0,,
3.37,Mid-tier,Arts,Midwest,0,5,2,Large,LinkedIn,5,54,3,1,,
3.61,Lower-tier,Humanities,Midwest,1,2,4,Large,Handshake,11,60,4,1,,
2.55,Lower-tier,Business,South,0,4,3,Large,Handshake,10,51,4,4,,
3.07,Lower-tier,STEM,Midwest,1,1,5,Large,LinkedIn,9,117,3,1,,
2.59,Lower-tier,Business,Midwest,2,5,2,Large,LinkedIn,12,76,3,3,,
4.0,Top-tier,Healthcare,Midwest,4,1,4,Small,Indeed,3,38,2,1,,
3.86,Mid-tier,Business,South,2,1,4,Large,LinkedIn,3,15,1,0,,
3.35,Lower-tier,Business,Midwest,2,1,1,Large,LinkedIn,5,13,0,0,,
3.06,Lower-tier,Humanities,Midwest,0,2,1,Medium,LinkedIn,12,102,7,2,,
3.3,Lower-tier,STEM,West,0,3,3,Medium,LinkedIn,4,19,1,0,,
2.83,Mid-tier,STEM,South,3,4,4,Large,LinkedIn,2,8,0,0,,
3.06,Lower-tier,Business,Midwest,3,0,5,Large,LinkedIn,10,95,0,0,,
3.8,Lower-tier,Humanities,Midwest,1,1,2,Large,LinkedIn,7,57,3,2,,
3.32,Mid-tier,STEM,South,2,7,2,Medium,Indeed,6,84,0,0,,
2.79,Top-tier,STEM,Midwest,2,1,4,Large,Handshake,12,20,2,1,,
3.18,Mid-tier,Humanities,West,0,1,2,Large,Handshake,10,51,4,1,,
3.04,Mid-tier,Healthcare,West,0,1,2,Small,Handshake,7,70,5,0,,
3.43,Lower-tier,Business,Northeast,1,3,5,Medium,Indeed,1,9,0,0,,
2.93,Lower-tier,Business,South,0,2,2,Medium,Handshake,7,44,2,2,,
3.27,Mid-tier,STEM,West,1,0,2,Large,LinkedIn,2,36,1,0,,
3.52,Mid-tier,STEM,West,1,5,6,Medium,Handshake,11,95,16,7,,
2.6,Lower-tier,STEM,South,1,2,1,Small,Indeed,7,110,5,3,,
2.95,Mid-tier,STEM,Northeast,2,2,2,Medium,Handshake,5,25,2,1,,
2.74,Mid-tier,STEM,Northeast,1,2,2,Medium,Indeed,10,101,5,2,,
2.92,Mid-tier,Humanities,West,3,2,0,Small,Handshake,2,21,1,1,,
2.99,Mid-tier,Business,South,1,3,0,Large,LinkedIn,4,60,2,1,,
2.56,Mid-tier,Humanities,Midwest,0,0,3,Large,LinkedIn,11,108,5,1,,
2.81,Top-tier,Business,West,2,2,2,Large,Handshake,11,66,1,1,,
4.0,Top-tier,STEM,Northeast,1,2,5,Large,LinkedIn,1,6,0,0,,
2.71,Top-tier,Humanities,South,1,1,2,Small,Indeed,11,225,4,0,,
3.32,Top-tier,Humanities,West,2,1,2,Medium,LinkedIn,8,94,1,1,,
2.5,Mid-tier,Arts,South,2,1,3,Large,Indeed,10,88,2,1,,
3.17,Mid-tier,Healthcare,West,0,3,0,Large,Handshake,2,7,0,0,,
3.53,Mid-tier,Business,South,1,3,0,Small,LinkedIn,11,137,4,2,,
2.98,Mid-tier,Business,Northeast,2,2,0,Large,Handshake,9,61,4,4,,
3.58,Lower-tier,Business,South,1,2,7,Medium,Handshake,11,42,3,2,,
3.36,Lower-tier,Healthcare,Northeast,1,0,7,Medium,Indeed,12,136,0,0,,
3.94,Mid-tier,Business,Midwest,1,1,5,Large,Handshake,12,44,8,4,,
3.88,Lower-tier,Healthcare,West,1,0,4,Large,LinkedIn,6,64,3,2,,
3.05,Mid-tier,STEM,Northeast,2,2,2,Small,Handshake,7,8,2,0,,
2.68,Mid-tier,Humanities,South,0,1,2,Medium,Handshake,11,5,0,0,,
3.63,Mid-tier,STEM,South,3,1,3,Medium,Indeed,8,101,1,0,,
3.75,Lower-tier,Arts,Northeast,1,2,4,Small,Handshake,6,18,2,0,,
3.72,Mid-tier,Business,Midwest,0,3,0,Large,Indeed,1,12,0,0,,
3.72,Mid-tier,STEM,Northeast,1,3,2,Medium,Handshake,1,5,0,0,,
3.63,Lower-tier,Business,South,4,2,3,Large,LinkedIn,1,8,2,1,,
2.88,Top-tier,Business,Northeast,1,0,0,Large,LinkedIn,1,6,0,0,,
3.44,Mid-tier,STEM,West,0,1,3,Medium,Handshake,6,5,0,0,,
3.27,Mid-tier,Business,West,0,2,6,Large,Indeed,3,33,0,0,,
3.57,Lower-tier,Business,Northeast,4,1,2,Medium,LinkedIn,12,30,2,2,,
3.31,Mid-tier,STEM,Northeast,2,2,3,Large,Handshake,6,79,8,1,,
3.7,Lower-tier,STEM,West,2,5,3,Large,LinkedIn,9,78,2,2,,
2.73,Lower-tier,STEM,West,3,2,4,Small,Handshake,2,6,0,0,,
3.48,Mid-tier,STEM,Northeast,2,1,3,Large,Handshake,10,86,4,2,,
3.39,Lower-tier,Healthcare,West,1,3,6,Small,Handshake,4,24,2,1,,
3.2,Mid-tier,STEM,South,0,1,1,Medium,Indeed,2,54,0,0,,
4.0,Lower-tier,Business,Midwest,0,0,2,Small,Indeed,9,123,1,0,,
2.82,Mid-tier,STEM,South,0,2,3,Large,Handshake,12,54,3,1,,
3.84,Lower-tier,STEM,Northeast,2,1,1,Large,LinkedIn,7,96,2,1,,
3.4,Mid-tier,Humanities,Northeast,0,1,6,Small,Handshake,3,5,0,0,,
3.21,Lower-tier,Business,Northeast,0,3,7,Medium,Indeed,12,156,1,0,,
2.89,Mid-tier,STEM,Midwest,2,2,1,Large,Indeed,3,54,1,0,,
2.78,Mid-tier,STEM,Northeast,1,5,1,Large,Handshake,10,96,8,3,,
3.11,Mid-tier,STEM,West,1,0,3,Large,LinkedIn,7,61,4,3,,
3.23,Mid-tier,STEM,Northeast,2,5,1,Small,Handshake,1,6,0,0,,
3.19,Mid-tier,Humanities,Midwest,0,1,3,Large,Handshake,6,49,4,1,,
3.66,Mid-tier,STEM,South,0,2,2,Medium,Indeed,6,79,2,1,,
2.41,Mid-tier,Business,Midwest,5,0,5,Large,Handshake,3,20,2,2,,
2.71,Mid-tier,Humanities,Northeast,3,1,0,Large,LinkedIn,10,123,5,1,,
2.88,Mid-tier,STEM,Midwest,1,1,2,Large,Handshake,9,36,2,2,,
2.85,Lower-tier,STEM,South,3,2,2,Large,Handshake,12,52,2,1,,
3.28,Lower-tier,STEM,Midwest,1,2,5,Large,Indeed,5,62,2,1,,
4.0,Lower-tier,Humanities,South,0,3,5,Large,Indeed,10,68,1,1,,
3.42,Lower-tier,STEM,Midwest,1,2,3,Large,Handshake,7,64,3,1,,
2.59,Lower-tier,Business,South,2,4,3,Large,Handshake,9,33,2,2,,
4.0,Mid-tier,STEM,South,0,1,1,Large,LinkedIn,10,91,5,1,,
3.19,Mid-tier,STEM,Midwest,0,2,1,Medium,Handshake,8,61,4,2,,
3.02,Lower-tier,Humanities,Midwest,2,3,6,Small,Handshake,4,26,2,2,,
2.77,Lower-tier,Business,Midwest,0,0,1,Small,Indeed,2,41,1,0,,
2.99,Lower-tier,Business,Midwest,0,2,6,Medium,Handshake,8,26,3,1,,
3.47,Lower-tier,Healthcare,Northeast,0,1,2,Large,LinkedIn,9,111,5,2,,
2.1,Mid-tier,Business,West,1,4,3,Large,LinkedIn,1,5,2,1,,
3.73,Mid-tier,Humanities,Northeast,1,3,4,Medium,LinkedIn,1,5,0,0,,
3.19,Lower-tier,Humanities,Midwest,3,5,4,Small,Handshake,5,20,2,2,,
2.8,Lower-tier,STEM,South,0,4,2,Medium,Handshake,11,86,7,0,,
3.19,Mid-tier,Business,West,1,1,3,Large,Handshake,2,7,0,0,,
2.03,Mid-tier,STEM,South,0,3,4,Large,Handshake,5,16,2,2,,
2.99,Mid-tier,Healthcare,South,2,1,3,Large,Handshake,11,99,11,5,,
3.58,Mid-tier,Business,Midwest,0,2,1,Medium,Indeed,8,56,1,0,,
3.1,Mid-tier,STEM,West,1,5,5,Medium,Handshake,3,10,1,0,,
2.03,Lower-tier,STEM,West,1,2,0,Medium,LinkedIn,12,156,5,1,,
2.77,Mid-tier,STEM,South,3,1,0,Large,Indeed,12,94,1,0,,
3.55,Mid-tier,Business,South,3,3,8,Large,Indeed,4,81,0,0,,
3.77,Mid-tier,Business,West,1,1,4,Medium,LinkedIn,6,5,2,2,,
2.17,Mid-tier,Business,South,2,3,4,Medium,LinkedIn,8,66,4,4,,
3.21,Mid-tier,Healthcare,South,0,1,3,Medium,Handshake,10,43,5,1,,
2.7,Mid-tier,Business,Midwest,0,2,4,Medium,LinkedIn,8,90,5,2,,
3.24,Mid-tier,Business,West,1,1,3,Medium,LinkedIn,9,114,4,2,,
3.29,Top-tier,Business,West,3,4,3,Large,Handshake,8,20,3,0,,
3.21,Mid-tier,Business,West,0,2,6,Medium,Indeed,12,122,2,2,,
3.36,Top-tier,Humanities,Midwest,1,0,3,Medium,LinkedIn,8,62,4,2,,
3.46,Top-tier,Humanities,Midwest,4,1,1,Large,LinkedIn,8,126,6,5,,
2.44,Mid-tier,Humanities,Northeast,3,5,1,Small,Handshake,6,22,2,1,,
3.21,Mid-tier,Humanities,West,0,2,1,Medium,LinkedIn,10,100,2,2,,
3.69,Top-tier,Arts,Northeast,2,6,4,Medium,Handshake,12,20,4,2,,
3.06,Top-tier,Humanities,Midwest,2,0,0,Large,Handshake,2,15,0,0,,
3.48,Lower-tier,STEM,South,2,0,1,Large,LinkedIn,6,53,2,1,,
3.53,Lower-tier,Healthcare,Midwest,0,4,4,Small,Handshake,7,35,4,1,,
2.72,Top-tier,Healthcare,South,4,2,3,Small,Indeed,12,5,2,1,,
3.55,Mid-tier,Humanities,Midwest,0,3,1,Large,Indeed,12,64,1,0,,
3.62,Lower-tier,Arts,Northeast,4,3,2,Small,Handshake,11,49,5,2,,
3.61,Mid-tier,Healthcare,Northeast,2,0,6,Small,Handshake,9,61,3,1,,
3.43,Lower-tier,Humanities,West,0,1,0,Large,Indeed,6,65,0,0,,
3.54,Mid-tier,STEM,Northeast,2,2,4,Small,LinkedIn,12,78,2,1,,
3.93,Mid-tier,STEM,Northeast,0,0,7,Small,LinkedIn,1,12,1,1,,
2.87,Lower-tier,Healthcare,Midwest,1,2,6,Large,Indeed,4,86,3,2,,
3.46,Mid-tier,Humanities,West,0,4,3,Small,Handshake,7,52,3,1,,
3.77,Lower-tier,STEM,Northeast,0,3,3,Small,LinkedIn,6,42,0,0,,
3.19,Mid-tier,Healthcare,West,1,4,1,Medium,LinkedIn,1,9,1,1,,
3.23,Lower-tier,Business,Northeast,0,3,3,Large,LinkedIn,1,9,0,0,,
3.56,Mid-tier,Humanities,Northeast,3,1,2,Medium,Handshake,2,6,2,1,,
3.09,Lower-tier,Business,Northeast,0,1,5,Large,LinkedIn,4,23,2,2,,
2.77,Lower-tier,STEM,South,1,4,3,Small,LinkedIn,1,7,2,1,,
3.48,Mid-tier,Business,West,1,4,2,Large,LinkedIn,9,109,2,2,,
3.21,Lower-tier,Humanities,Northeast,1,2,1,Small,Handshake,12,88,8,1,,
3.45,Mid-tier,Humanities,West,1,0,1,Large,Indeed,8,53,2,2,,
2.8,Mid-tier,STEM,Northeast,0,3,4,Medium,LinkedIn,2,9,0,0,,
3.92,Lower-tier,STEM,South,1,1,1,Large,LinkedIn,12,74,4,1,,
3.87,Mid-tier,Healthcare,Midwest,2,3,4,Medium,LinkedIn,11,181,7,4,,
2.9,Mid-tier,STEM,Northeast,0,3,3,Medium,Indeed,2,27,1,1,,
2.87,Lower-tier,Business,Midwest,0,2,5,Medium,Indeed,2,39,1,1,,
3.29,Mid-tier,STEM,West,0,2,2,Large,Indeed,3,40,0,0,,
2.84,Lower-tier,Healthcare,West,0,2,4,Medium,LinkedIn,6,61,3,2,,
3.08,Mid-tier,STEM,Midwest,2,0,2,Large,Indeed,6,98,1,1,,
3.1,Mid-tier,Business,Northeast,4,1,4,Large,LinkedIn,2,15,0,0,,
3.7,Lower-tier,Business,West,2,1,5,Medium,Handshake,12,64,4,4,,
3.37,Mid-tier,STEM,Northeast,1,1,6,Large,Handshake,3,5,2,2,,
2.94,Lower-tier,STEM,Northeast,0,4,2,Large,Indeed,8,89,2,2,,
3.03,Mid-tier,STEM,West,4,2,4,Medium,LinkedIn,2,16,2,2,,
3.55,Lower-tier,Healthcare,West,1,3,4,Medium,LinkedIn,9,63,5,1,,
3.38,Lower-tier,STEM,South,2,2,3,Large,Indeed,4,90,1,1,,
2.92,Lower-tier,Healthcare,Northeast,1,5,3,Large,Handshake,10,30,2,1,,
2.64,Lower-tier,Healthcare,Midwest,2,1,2,Large,LinkedIn,7,80,2,1,,
3.38,Mid-tier,Business,Northeast,1,3,2,Small,LinkedIn,7,60,2,0,,
3.18,Top-tier,Healthcare,West,3,3,4,Small,LinkedIn,9,34,2,0,,
2.84,Mid-tier,Business,Northeast,1,3,5,Large,LinkedIn,6,40,3,1,,
3.42,Mid-tier,Business,Northeast,1,2,4,Large,LinkedIn,6,38,0,0,,
3.72,Lower-tier,STEM,South,5,2,2,Small,Handshake,1,5,2,2,,
3.18,Mid-tier,Business,Northeast,1,1,6,Small,LinkedIn,4,38,1,0,,
3.53,Mid-tier,STEM,South,0,1,1,Medium,LinkedIn,7,65,4,2,,
2.59,Mid-tier,Business,South,4,2,7,Small,Handshake,8,44,3,0,,
2.43,Lower-tier,Humanities,Midwest,0,2,2,Large,Indeed,2,37,0,0,,
2.85,Lower-tier,Business,West,1,2,2,Medium,LinkedIn,5,47,1,0,,
2.03,Mid-tier,Business,Midwest,0,0,1,Large,Handshake,2,5,1,0,,
3.26,Mid-tier,Arts,Midwest,1,2,2,Large,LinkedIn,2,10,2,2,,
3.66,Lower-tier,Arts,Midwest,1,2,5,Large,Handshake,5,32,2,2,,
3.13,Top-tier,Healthcare,South,1,4,3,Small,LinkedIn,7,46,3,1,,
3.13,Mid-tier,Healthcare,Northeast,1,1,4,Medium,LinkedIn,5,22,0,0,,
2.97,Mid-tier,Humanities,West,0,2,2,Medium,Handshake,10,40,3,3,,
3.7,Mid-tier,Healthcare,West,1,1,5,Medium,LinkedIn,10,88,4,1,,
3.4,Top-tier,STEM,Northeast,1,0,8,Small,LinkedIn,1,10,1,0,,
2.64,Lower-tier,Healthcare,Northeast,0,1,3,Large,Indeed,9,168,1,0,,
3.24,Mid-tier,Business,Northeast,2,3,5,Large,Handshake,2,9,1,0,,
3.45,Mid-tier,Humanities,South,1,3,6,Large,Indeed,5,106,1,0,,
2.81,Mid-tier,Humanities,Northeast,2,4,0,Small,Handshake,9,49,3,3,,
3.09,Lower-tier,Arts,Northeast,0,3,4,Large,Handshake,2,9,0,0,,
3.92,Mid-tier,STEM,West,1,3,4,Large,LinkedIn,2,11,2,1,,
3.04,Mid-tier,Business,Midwest,0,2,3,Medium,Handshake,8,21,2,0,,
3.84,Mid-tier,Healthcare,Northeast,0,1,3,Medium,Indeed,3,8,2,2,,
3.26,Mid-tier,Healthcare,South,2,3,5,Large,Handshake,9,76,3,2,,
2.97,Top-tier,Healthcare,South,2,0,2,Large,Indeed,10,175,0,0,,
3.17,Lower-tier,Humanities,West,0,2,1,Medium,LinkedIn,2,5,1,0,,
2.81,Mid-tier,Healthcare,Northeast,1,2,2,Large,Indeed,11,163,8,3,,
3.86,Lower-tier,STEM,Midwest,0,1,5,Medium,Handshake,4,22,2,1,,
3.39,Top-tier,Business,Northeast,0,3,2,Small,Indeed,2,48,0,0,,
2.95,Mid-tier,STEM,Midwest,0,3,7,Large,LinkedIn,9,54,0,0,,
3.74,Mid-tier,STEM,Northeast,0,3,3,Small,LinkedIn,7,50,0,0,,
3.31,Top-tier,STEM,West,1,3,6,Large,Handshake,1,5,2,1,,
3.28,Mid-tier,Humanities,South,1,1,6,Large,Handshake,6,25,2,2,,
3.38,Lower-tier,Humanities,South,1,3,4,Medium,LinkedIn,2,16,2,0,,
2.75,Lower-tier,Business,South,1,3,1,Medium,Handshake,7,35,4,0,,
3.22,Lower-tier,Humanities,South,0,2,1,Large,LinkedIn,10,65,2,0,,
3.08,Top-tier,Arts,Northeast,0,3,5,Medium,Indeed,2,22,2,2,,
3.24,Mid-tier,Arts,South,3,1,1,Large,Indeed,9,177,0,0,,
3.1,Mid-tier,STEM,West,2,1,2,Large,Handshake,2,15,0,0,,
3.35,Mid-tier,Humanities,South,3,1,3,Medium,LinkedIn,11,146,7,4,,
3.87,Mid-tier,Business,West,0,4,6,Large,LinkedIn,9,118,5,1,,
2.96,Mid-tier,Humanities,Northeast,1,0,4,Medium,Indeed,10,196,3,1,,
2.46,Lower-tier,Healthcare,South,0,0,2,Medium,Indeed,8,117,2,1,,
2.55,Mid-tier,Business,Northeast,2,1,1,Medium,LinkedIn,9,79,2,0,,
2.87,Mid-tier,Healthcare,South,2,1,5,Small,Handshake,2,11,1,1,,
2.31,Mid-tier,Business,Northeast,3,1,2,Large,Indeed,8,116,5,5,,
2.93,Mid-tier,STEM,South,1,1,2,Small,Handshake,3,11,2,2,,
3.09,Mid-tier,STEM,Northeast,1,1,7,Large,Handshake,8,24,0,0,,
2.98,Mid-tier,Business,Northeast,1,3,0,Large,LinkedIn,4,33,1,0,,
2.14,Mid-tier,Business,Northeast,1,1,0,Large,Indeed,4,52,0,0,,
3.27,Mid-tier,Business,West,0,3,3,Large,LinkedIn,10,65,1,0,,
2.48,Lower-tier,Humanities,South,0,4,1,Large,Handshake,6,34,2,1,,
3.54,Lower-tier,STEM,Northeast,2,1,2,Small,Handshake,12,124,2,1,,
2.76,Mid-tier,Business,Midwest,2,0,6,Medium,LinkedIn,4,38,1,1,,
3.18,Mid-tier,Arts,West,2,3,1,Medium,Handshake,12,56,5,2,,
3.32,Mid-tier,Business,Northeast,1,4,3,Large,Handshake,12,62,2,2,,
3.33,Mid-tier,STEM,Midwest,0,1,2,Small,Handshake,11,49,2,0,,
3.26,Lower-tier,Humanities,South,0,0,5,Medium,Indeed,7,39,1,1,,
2.64,Lower-tier,Business,Midwest,1,1,3,Large,LinkedIn,8,101,6,2,,
2.9,Lower-tier,Business,Northeast,3,2,5,Medium,LinkedIn,10,66,3,2,,
3.77,Mid-tier,STEM,West,1,0,5,Large,LinkedIn,3,27,1,0,,
2.82,Mid-tier,Business,West,2,0,0,Large,LinkedIn,6,21,2,1,,
3.0,Mid-tier,STEM,South,0,3,0,Large,LinkedIn,10,51,2,1,,
3.05,Lower-tier,Business,West,1,0,2,Large,LinkedIn,2,18,2,2,,
3.47,Lower-tier,Healthcare,South,1,1,3,Small,Handshake,12,50,3,1,,
3.39,Mid-tier,STEM,Midwest,2,4,2,Large,Handshake,11,69,9,1,,
2.86,Mid-tier,Healthcare,West,0,2,3,Medium,Indeed,9,67,0,0,,
2.9,Top-tier,STEM,Midwest,2,3,2,Medium,Handshake,1,5,0,0,,
3.88,Lower-tier,Business,Midwest,1,3,5,Medium,Handshake,1,5,1,0,,
3.31,Lower-tier,Humanities,Midwest,0,3,6,Small,LinkedIn,7,72,5,2,,
3.43,Mid-tier,Healthcare,West,0,0,0,Medium,Handshake,7,43,3,0,,
3.19,Mid-tier,STEM,South,1,3,7,Large,Handshake,12,70,1,1,,
3.12,Top-tier,STEM,South,3,2,4,Large,LinkedIn,6,40,0,0,,
3.97,Mid-tier,Humanities,Northeast,1,2,6,Medium,LinkedIn,6,98,5,1,,
3.22,Lower-tier,STEM,Midwest,0,1,4,Small,Handshake,7,36,5,0,,
2.88,Top-tier,Humanities,Northeast,2,4,1,Small,Indeed,8,37,0,0,,
3.57,Lower-tier,Business,West,1,1,1,Large,LinkedIn,3,38,2,2,,
3.21,Mid-tier,STEM,Northeast,1,1,2,Medium,LinkedIn,7,114,2,2,,
2.76,Top-tier,Business,West,0,0,4,Small,LinkedIn,11,33,2,2,,
3.24,Lower-tier,STEM,West,0,2,2,Small,LinkedIn,9,102,6,3,,
3.26,Top-tier,Business,Midwest,3,0,3,Small,LinkedIn,11,119,2,2,,
2.19,Mid-tier,Arts,South,3,3,4,Large,LinkedIn,2,9,2,1,,
3.19,Mid-tier,Business,Northeast,0,1,5,Large,Handshake,3,11,1,1,,
3.38,Lower-tier,STEM,South,0,2,4,Large,Handshake,2,9,0,0,,
3.81,Top-tier,STEM,West,2,3,0,Large,LinkedIn,3,12,2,1,,
2.6,Lower-tier,Healthcare,West,3,4,3,Medium,Indeed,7,148,1,0,,
3.32,Mid-tier,Humanities,Midwest,0,2,3,Small,Handshake,7,63,6,1,,
2.53,Mid-tier,Arts,West,1,1,0,Small,Handshake,9,33,3,1,,
3.47,Mid-tier,Business,South,3,2,4,Medium,Handshake,5,23,0,0,,
3.22,Mid-tier,Business,South,0,0,1,Small,LinkedIn,1,5,2,1,,
2.82,Mid-tier,Business,Midwest,3,1,3,Medium,LinkedIn,8,78,4,2,,
3.07,Top-tier,Healthcare,South,0,3,2,Large,LinkedIn,6,92,3,1,,
3.0,Lower-tier,Humanities,West,0,2,7,Small,Handshake,6,52,2,2,,
3.66,Lower-tier,STEM,Northeast,0,4,3,Large,Handshake,5,10,1,1,,
3.31,Mid-tier,Arts,West,2,3,4,Large,Indeed,7,98,2,1,,
3.09,Lower-tier,Healthcare,South,2,4,3,Small,LinkedIn,12,58,3,3,,
4.0,Mid-tier,STEM,Midwest,1,1,0,Medium,LinkedIn,8,37,2,1,,
3.48,Mid-tier,Healthcare,Midwest,0,2,3,Large,Handshake,3,5,0,0,,
3.6,Mid-tier,Arts,Northeast,1,1,4,Medium,Handshake,12,80,5,5,,
3.79,Lower-tier,Humanities,Northeast,2,5,7,Small,Handshake,1,5,0,0,,
2.64,Mid-tier,Business,West,1,4,3,Medium,LinkedIn,11,71,3,2,,
3.35,Mid-tier,Healthcare,Midwest,2,0,3,Medium,Indeed,4,75,3,1,,
3.41,Top-tier,Business,Northeast,3,2,6,Small,Indeed,2,23,0,0,,
2.54,Lower-tier,Healthcare,Midwest,0,4,3,Medium,Indeed,5,53,0,0,,
2.79,Lower-tier,Humanities,Midwest,0,2,3,Large,Handshake,7,42,3,3,,
2.62,Mid-tier,STEM,West,2,4,5,Small,Indeed,1,10,0,0,,
2.86,Top-tier,Healthcare,South,2,3,2,Medium,Handshake,5,5,2,2,,
3.8,Mid-tier,Business,Northeast,3,2,1,Small,Handshake,4,23,3,2,,
3.18,Lower-tier,Business,South,5,2,2,Large,LinkedIn,7,65,3,3,,
2.02,Top-tier,Humanities,Northeast,0,2,2,Large,LinkedIn,3,23,2,2,,
3.39,Mid-tier,Business,South,0,1,2,Large,LinkedIn,1,9,1,0,,
3.73,Lower-tier,Healthcare,South,4,0,4,Large,Indeed,3,56,3,2,,
3.24,Top-tier,STEM,West,1,1,4,Medium,LinkedIn,3,34,0,0,,
3.23,Lower-tier,Business,West,1,0,2,Large,LinkedIn,11,111,4,0,,
4.0,Mid-tier,Business,West,2,5,1,Small,LinkedIn,7,45,4,1,,
3.78,Lower-tier,Business,Midwest,0,4,2,Large,LinkedIn,4,36,1,0,,
2.75,Top-tier,Humanities,Northeast,1,0,3,Medium,Indeed,8,90,1,0,,
3.23,Mid-tier,Business,Midwest,0,1,1,Small,Handshake,6,30,3,2,,
3.02,Lower-tier,STEM,South,3,1,4,Medium,Indeed,7,99,1,0,,
2.47,Lower-tier,Business,Northeast,1,2,0,Medium,Handshake,2,5,0,0,,
3.11,Mid-tier,Humanities,West,1,1,3,Small,Handshake,10,43,4,1,,
3.25,Mid-tier,Humanities,South,0,2,4,Medium,Handshake,11,88,5,2,,
3.38,Top-tier,Humanities,Northeast,2,4,3,Large,Indeed,8,184,3,0,,
3.56,Mid-tier,STEM,West,0,3,4,Medium,Handshake,11,40,5,4,,
3.46,Top-tier,STEM,Midwest,1,1,3,Large,LinkedIn,8,72,7,2,,
3.84,Lower-tier,Business,Northeast,1,1,2,Small,Handshake,8,52,4,1,,
3.2,Mid-tier,Humanities,South,0,2,0,Small,LinkedIn,11,73,2,0,,
3.28,Mid-tier,Business,Midwest,3,1,3,Small,Handshake,5,20,0,0,,
3.64,Lower-tier,Healthcare,Midwest,1,3,3,Large,Indeed,7,114,0,0,,
3.37,Top-tier,Healthcare,West,1,1,4,Small,LinkedIn,11,58,2,1,,
3.27,Mid-tier,Healthcare,Northeast,1,2,1,Small,LinkedIn,3,9,1,1,,
3.42,Top-tier,STEM,Northeast,1,2,3,Medium,LinkedIn,3,20,1,1,,
3.16,Mid-tier,STEM,Midwest,0,3,4,Medium,LinkedIn,9,55,2,1,,
2.99,Lower-tier,STEM,Northeast,0,2,5,Large,Indeed,12,106,2,2,,
3.01,Lower-tier,STEM,Midwest,1,2,2,Large,Handshake,7,30,2,2,,
3.21,Mid-tier,Humanities,Midwest,3,4,4,Medium,Indeed,8,102,2,1,,
3.4,Mid-tier,Business,West,1,2,4,Large,Handshake,3,8,1,0,,
3.49,Lower-tier,Humanities,West,1,0,6,Large,LinkedIn,1,5,0,0,,
3.41,Mid-tier,Healthcare,South,1,3,4,Large,Indeed,10,191,2,2,,
3.54,Lower-tier,STEM,Midwest,0,3,3,Medium,Handshake,2,5,2,2,,
3.28,Mid-tier,STEM,Midwest,0,1,3,Small,Handshake,2,5,0,0,,
2.97,Mid-tier,STEM,Midwest,0,0,7,Medium,Handshake,4,8,2,2,,
3.63,Mid-tier,STEM,Midwest,2,3,1,Medium,Handshake,10,36,2,1,,
3.19,Mid-tier,STEM,Northeast,1,2,3,Small,Handshake,4,8,2,0,,
3.01,Lower-tier,STEM,Northeast,1,4,1,Large,LinkedIn,3,14,0,0,,
2.73,Lower-tier,Business,South,3,1,4,Large,Handshake,4,8,0,0,,
3.14,Lower-tier,Business,Midwest,2,2,4,Large,LinkedIn,3,27,1,1,,
2.88,Mid-tier,Healthcare,Midwest,1,4,3,Small,Handshake,12,46,2,0,,
3.17,Top-tier,STEM,West,1,2,1,Small,Indeed,7,122,2,1,,
3.09,Mid-tier,Business,West,0,0,1,Small,Handshake,5,41,2,1,,
2.89,Mid-tier,Business,Midwest,2,0,4,Medium,LinkedIn,1,12,2,1,,
3.14,Mid-tier,Humanities,West,2,3,4,Large,LinkedIn,5,35,0,0,,
3.97,Mid-tier,Business,South,3,1,5,Small,LinkedIn,8,104,4,1,,
2.93,Mid-tier,Business,Northeast,2,2,2,Medium,LinkedIn,8,33,0,0,,
3.23,Mid-tier,STEM,Midwest,0,1,5,Medium,Indeed,7,70,1,0,,
3.17,Lower-tier,Business,Midwest,1,2,1,Large,Indeed,11,144,4,3,,
3.47,Mid-tier,STEM,South,2,1,4,Medium,Indeed,6,99,3,2,,
3.08,Lower-tier,Business,Midwest,1,4,5,Medium,Handshake,5,45,2,1,,
2.85,Mid-tier,Business,South,2,3,3,Medium,Handshake,4,23,0,0,,
2.87,Mid-tier,STEM,Northeast,1,2,2,Medium,Handshake,11,33,2,1,,
3.1,Lower-tier,Healthcare,South,1,3,4,Large,LinkedIn,10,100,3,3,,
2.88,Mid-tier,STEM,Northeast,1,2,5,Medium,LinkedIn,5,35,0,0,,
3.17,Mid-tier,Humanities,South,0,1,4,Large,LinkedIn,11,128,3,2,,
2.97,Mid-tier,STEM,Midwest,0,5,4,Medium,Handshake,7,43,0,0,,
3.13,Lower-tier,Humanities,West,1,3,2,Large,Indeed,3,53,1,1,,
2.35,Lower-tier,STEM,Midwest,0,2,3,Medium,LinkedIn,4,32,0,0,,
3.37,Lower-tier,Arts,West,1,1,4,Medium,Indeed,4,5,2,1,,
3.45,Mid-tier,Humanities,West,2,4,1,Large,LinkedIn,8,160,6,2,,
2.94,Top-tier,STEM,South,3,8,4,Small,Handshake,6,14,2,1,,
3.2,Lower-tier,Business,Midwest,1,2,3,Small,Handshake,8,62,6,0,,
2.81,Mid-tier,Humanities,Midwest,1,0,4,Medium,Indeed,12,82,3,1,,
3.35,Lower-tier,Humanities,South,0,1,3,Small,Handshake,1,6,0,0,,
3.41,Mid-tier,STEM,West,2,1,4,Medium,Handshake,11,56,3,2,,
3.8,Lower-tier,Business,Midwest,0,5,1,Medium,Indeed,2,21,1,1,,
2.6,Lower-tier,STEM,West,1,3,3,Large,Handshake,6,22,1,1,,
3.85,Mid-tier,Healthcare,Midwest,0,1,4,Small,Indeed,9,87,1,1,,
3.43,Mid-tier,Business,Midwest,0,1,1,Large,LinkedIn,2,18,1,0,,
4.0,Mid-tier,Business,South,0,2,3,Medium,LinkedIn,12,92,2,0,,
3.05,Mid-tier,Business,West,3,1,3,Medium,LinkedIn,8,62,0,0,,
3.39,Mid-tier,Humanities,West,1,1,5,Medium,Handshake,12,82,10,3,,
2.42,Lower-tier,Business,Northeast,3,3,2,Medium,LinkedIn,6,31,2,1,,
2.64,Lower-tier,STEM,Midwest,1,1,4,Large,LinkedIn,5,15,0,0,,
3.61,Mid-tier,Humanities,Midwest,2,1,1,Large,Indeed,3,44,0,0,,
3.21,Mid-tier,Business,Midwest,1,2,3,Large,LinkedIn,10,128,4,1,,
3.04,Top-tier,STEM,Northeast,0,1,3,Medium,Handshake,5,21,2,0,,
3.61,Mid-tier,Business,South,1,2,6,Medium,LinkedIn,6,39,2,1,,
4.0,Mid-tier,STEM,West,3,1,2,Large,Handshake,7,23,2,1,,
3.47,Top-tier,STEM,West,0,1,4,Medium,LinkedIn,11,56,1,1,,
3.21,Lower-tier,Healthcare,Northeast,2,3,1,Small,Handshake,6,44,3,3,,
2.97,Top-tier,STEM,West,1,3,4,Medium,LinkedIn,12,36,0,0,,
2.93,Top-tier,Humanities,South,2,2,7,Medium,LinkedIn,11,93,5,3,,
3.11,Top-tier,Business,Northeast,3,1,3,Medium,Handshake,4,5,2,1,,
3.42,Top-tier,STEM,Northeast,2,1,5,Medium,LinkedIn,7,45,0,0,,
3.25,Mid-tier,STEM,Midwest,2,2,4,Medium,Handshake,11,60,2,2,,
3.08,Mid-tier,Business,West,2,3,3,Medium,Handshake,7,52,7,2,,
3.01,Lower-tier,STEM,South,2,2,4,Medium,Indeed,12,98,0,0,,
3.13,Lower-tier,Business,Northeast,0,0,5,Large,LinkedIn,8,124,2,0,,
3.09,Mid-tier,Business,Midwest,0,0,2,Medium,Handshake,10,81,4,3,,
3.21,Lower-tier,STEM,South,1,3,2,Small,Handshake,8,36,1,0,,
3.05,Lower-tier,Humanities,South,2,2,2,Large,Indeed,8,86,0,0,,
2.55,Top-tier,STEM,South,0,3,2,Small,Handshake,11,27,1,1,,
2.33,Lower-tier,STEM,Northeast,1,2,0,Large,Handshake,4,13,0,0,,
2.83,Mid-tier,STEM,Northeast,2,4,1,Large,LinkedIn,5,35,2,2,,
2.83,Lower-tier,Humanities,Northeast,0,3,3,Large,Handshake,12,26,0,0,,
3.43,Mid-tier,STEM,Northeast,1,1,2,Large,Indeed,10,153,7,3,,
3.4,Lower-tier,STEM,Northeast,5,2,3,Medium,Handshake,4,20,2,2,,
3.7,Mid-tier,Healthcare,West,1,2,2,Large,Indeed,9,130,3,2,,
3.28,Lower-tier,Healthcare,Midwest,2,2,4,Large,Handshake,11,23,3,0,,
3.45,Lower-tier,STEM,South,1,1,2,Large,Indeed,1,18,0,0,,
3.09,Lower-tier,STEM,South,0,1,7,Large,LinkedIn,12,84,3,1,,
2.95,Mid-tier,STEM,Midwest,2,3,2,Small,Indeed,9,114,3,1,,
3.48,Mid-tier,Business,Midwest,2,2,3,Medium,Indeed,1,12,2,2,,
3.46,Mid-tier,STEM,South,2,2,4,Large,Indeed,11,188,1,0,,
2.83,Lower-tier,STEM,Midwest,2,0,2,Large,LinkedIn,12,112,4,1,,
4.0,Lower-tier,Business,South,1,2,1,Medium,Handshake,4,26,2,2,,
2.95,Mid-tier,STEM,West,1,4,3,Small,Handshake,3,34,1,0,,
3.41,Mid-tier,Arts,West,2,3,3,Medium,Handshake,12,120,11,4,,
4.0,Mid-tier,Business,Northeast,0,0,2,Small,Handshake,6,25,0,0,,
3.2,Mid-tier,STEM,Northeast,4,0,4,Large,Handshake,8,53,7,3,,
3.04,Lower-tier,Humanities,South,0,1,2,Medium,Indeed,10,170,0,0,,
3.93,Lower-tier,STEM,Northeast,1,5,4,Large,LinkedIn,12,138,7,1,,
2.94,Mid-tier,Business,South,1,1,4,Medium,Handshake,7,21,2,2,,
2.35,Mid-tier,Business,Midwest,2,0,4,Medium,Handshake,7,50,2,1,,
3.01,Mid-tier,Humanities,Northeast,0,5,3,Small,Handshake,6,23,3,1,,
2.15,Mid-tier,Humanities,West,0,1,3,Large,LinkedIn,2,15,0,0,,
3.89,Mid-tier,Arts,West,1,2,2,Large,Indeed,12,300,3,1,,
2.8,Mid-tier,STEM,Northeast,2,5,2,Large,LinkedIn,12,136,4,3,,
2.42,Mid-tier,STEM,Northeast,2,3,2,Medium,Indeed,4,62,0,0,,
2.62,Lower-tier,Business,South,1,1,2,Medium,Handshake,1,6,0,0,,
3.34,Mid-tier,STEM,West,1,5,6,Small,Handshake,10,43,4,2,,
2.76,Mid-tier,STEM,South,2,0,2,Small,Handshake,10,36,3,2,,
3.76,Mid-tier,Healthcare,Midwest,3,4,5,Medium,Indeed,7,81,2,2,,
3.52,Mid-tier,STEM,South,0,3,3,Large,Handshake,1,8,1,0,,
2.93,Lower-tier,STEM,Northeast,0,3,2,Large,LinkedIn,7,73,1,1,,
3.83,Mid-tier,Healthcare,Northeast,1,3,2,Large,Handshake,5,35,2,2,,
2.64,Mid-tier,Business,Northeast,1,2,5,Small,Indeed,5,64,1,1,,
3.6,Mid-tier,Humanities,Midwest,0,4,7,Small,Handshake,5,38,2,1,,
2.41,Mid-tier,Humanities,Midwest,0,1,7,Large,Indeed,6,90,2,1,,
3.15,Mid-tier,Business,South,2,0,2,Large,LinkedIn,9,25,2,1,,
2.4,Mid-tier,Business,Midwest,3,1,2,Large,LinkedIn,2,18,2,1,,
3.04,Lower-tier,Business,South,0,1,2,Medium,Indeed,10,200,3,0,,
3.11,Mid-tier,Healthcare,South,0,2,4,Medium,LinkedIn,8,93,3,0,,
2.9,Mid-tier,Business,South,0,1,1,Medium,LinkedIn,3,7,1,1,,
2.45,Mid-tier,Business,Northeast,2,1,2,Large,LinkedIn,4,25,0,0,,
3.23,Lower-tier,Humanities,South,0,5,4,Large,LinkedIn,2,16,0,0,,
2.83,Mid-tier,STEM,Midwest,0,1,1,Large,Handshake,5,26,3,0,,
3.3,Lower-tier,Business,West,1,3,3,Medium,LinkedIn,11,100,4,4,,
4.0,Lower-tier,Humanities,Northeast,0,6,3,Medium,Handshake,10,51,3,2,,
2.32,Mid-tier,STEM,Midwest,0,3,4,Small,Indeed,10,33,2,2,,
3.15,Lower-tier,Healthcare,Northeast,2,1,2,Medium,Indeed,3,45,0,0,,
3.34,Lower-tier,Humanities,Midwest,2,1,2,Small,Handshake,11,77,4,1,,
3.72,Lower-tier,Healthcare,South,0,1,2,Large,Indeed,12,236,5,1,,
3.36,Top-tier,Business,South,1,4,3,Large,Handshake,5,37,5,2,,
2.9,Mid-tier,STEM,West,0,2,0,Large,Handshake,3,18,1,1,,
2.87,Mid-tier,Business,Midwest,1,3,3,Medium,Handshake,5,42,2,2,,
3.64,Top-tier,Business,South,3,1,3,Large,LinkedIn,10,60,3,1,,
2.58,Mid-tier,Business,West,2,2,3,Medium,Handshake,7,21,0,0,,
2.64,Top-tier,Humanities,Midwest,2,3,2,Large,LinkedIn,7,29,0,0,,
3.2,Mid-tier,STEM,Northeast,1,0,2,Medium,Indeed,11,133,5,5,,
2.92,Top-tier,STEM,Midwest,0,1,2,Medium,Handshake,9,60,2,1,,
2.63,Lower-tier,Humanities,South,1,2,2,Medium,LinkedIn,5,20,2,1,,
3.91,Mid-tier,STEM,South,1,1,3,Medium,Handshake,5,22,2,2,,
3.22,Top-tier,Healthcare,Midwest,0,4,0,Medium,LinkedIn,6,57,1,0,,
3.37,Mid-tier,Business,Midwest,0,2,3,Medium,Handshake,3,13,0,0,,
2.8,Top-tier,Business,West,0,1,5,Medium,Handshake,7,43,4,0,,
3.75,Lower-tier,Business,South,1,1,6,Medium,Handshake,5,13,2,1,,
3.49,Mid-tier,Arts,West,2,2,3,Medium,Indeed,3,10,0,0,,
3.55,Top-tier,STEM,West,1,3,3,Medium,Handshake,8,5,2,2,,
3.45,Top-tier,Business,West,2,1,1,Large,LinkedIn,2,13,2,1,,
4.0,Top-tier,STEM,South,1,3,6,Large,Handshake,2,9,2,2,,
3.34,Mid-tier,Business,South,0,4,5,Medium,Indeed,2,34,0,0,,
3.53,Mid-tier,STEM,Northeast,0,2,4,Large,Handshake,11,64,3,1,,
3.33,Mid-tier,Business,South,2,2,3,Large,LinkedIn,1,12,2,1,,
3.78,Mid-tier,Humanities,West,1,2,4,Medium,Indeed,2,38,0,0,,
3.09,Top-tier,Humanities,South,0,4,1,Large,LinkedIn,1,8,1,0,,
2.69,Lower-tier,Business,South,1,2,3,Large,Handshake,10,45,5,0,,
2.67,Top-tier,STEM,West,1,0,1,Medium,Handshake,3,19,2,0,,
2.84,Lower-tier,Business,South,2,1,5,Large,Handshake,6,42,3,3,,
3.16,Top-tier,Arts,South,2,2,5,Medium,LinkedIn,3,23,2,1,,
3.97,Lower-tier,Arts,Midwest,2,1,5,Large,LinkedIn,8,70,5,0,,
3.38,Top-tier,STEM,South,0,3,1,Small,LinkedIn,4,6,2,0,,
3.33,Mid-tier,Business,South,1,2,1,Small,LinkedIn,4,33,2,0,,
3.06,Mid-tier,STEM,Northeast,1,2,3,Large,Handshake,9,36,5,2,,
3.19,Top-tier,Business,South,0,1,4,Small,LinkedIn,11,115,5,0,,
2.8,Lower-tier,Healthcare,Midwest,0,1,2,Large,Handshake,5,23,0,0,,
2.56,Mid-tier,STEM,South,3,2,2,Medium,Handshake,10,61,3,1,,
2.87,Mid-tier,Healthcare,South,0,0,3,Large,Indeed,2,11,0,0,,
2.99,Top-tier,Healthcare,South,0,2,3,Small,Handshake,11,82,4,3,,
3.64,Top-tier,STEM,South,3,3,4,Large,LinkedIn,1,11,2,1,,
3.64,Mid-tier,STEM,Midwest,1,1,2,Medium,Handshake,11,139,2,1,,
2.69,Mid-tier,Humanities,South,2,3,4,Medium,LinkedIn,11,45,2,2,,
2.93,Top-tier,Humanities,South,0,4,4,Small,Indeed,5,81,0,0,,
3.48,Lower-tier,STEM,Midwest,1,0,7,Medium,Handshake,6,24,2,2,,
3.36,Mid-tier,Arts,Northeast,1,1,7,Large,Indeed,7,72,2,2,,
3.2,Mid-tier,Business,West,1,1,6,Large,Indeed,1,14,0,0,,
3.29,Top-tier,Healthcare,South,3,2,1,Medium,Indeed,1,14,0,0,,
3.5,Mid-tier,Humanities,South,1,1,5,Large,LinkedIn,7,38,2,2,,
3.62,Lower-tier,STEM,Midwest,0,1,4,Medium,Handshake,12,64,6,2,,
2.97,Lower-tier,Healthcare,West,1,3,0,Medium,LinkedIn,10,21,2,2,,
3.66,Lower-tier,Business,South,2,4,2,Small,Handshake,12,64,3,2,,
3.34,Mid-tier,Healthcare,Northeast,1,2,1,Medium,Handshake,1,5,1,0,,
3.18,Top-tier,STEM,Midwest,1,1,1,Small,LinkedIn,10,38,0,0,,
2.28,Top-tier,Humanities,South,5,1,5,Medium,LinkedIn,12,64,3,2,,
3.46,Mid-tier,STEM,Northeast,0,1,4,Medium,LinkedIn,11,84,2,1,,
2.84,Mid-tier,Arts,West,2,1,1,Large,Handshake,5,27,3,1,,
3.75,Top-tier,Healthcare,Midwest,2,3,2,Medium,Indeed,2,22,0,0,,
3.58,Mid-tier,Business,South,0,1,0,Medium,Indeed,8,86,1,1,,
2.92,Top-tier,Business,Midwest,0,2,1,Medium,LinkedIn,11,84,4,3,,
2.64,Top-tier,Business,Midwest,1,1,5,Medium,LinkedIn,5,55,3,1,,
3.34,Mid-tier,Business,West,0,1,1,Medium,LinkedIn,10,103,3,2,,
3.62,Mid-tier,Healthcare,South,1,3,5,Small,Handshake,5,43,3,2,,
3.94,Top-tier,Business,West,0,1,4,Medium,LinkedIn,11,67,2,1,,
3.36,Mid-tier,Healthcare,South,2,3,1,Large,Handshake,1,5,1,1,,
3.14,Mid-tier,STEM,Midwest,0,2,6,Large,Indeed,4,18,1,0,,
3.19,Mid-tier,STEM,South,0,3,3,Large,Handshake,3,6,2,2,,
2.85,Lower-tier,Humanities,Midwest,1,1,3,Small,LinkedIn,3,29,0,0,,
3.73,Mid-tier,Humanities,Northeast,0,2,2,Large,Handshake,4,13,0,0,,
3.9,Mid-tier,Humanities,South,2,0,2,Medium,LinkedIn,5,5,2,2,,
3.29,Top-tier,STEM,Midwest,3,2,5,Large,Indeed,5,88,3,3,,
2.8,Mid-tier,Humanities,Midwest,0,3,4,Small,Handshake,3,19,2,2,,
3.08,Mid-tier,Arts,Northeast,3,1,4,Medium,Indeed,7,100,1,0,,
3.11,Lower-tier,Humanities,West,1,5,4,Medium,LinkedIn,3,25,1,1,,
3.07,Lower-tier,STEM,West,1,2,3,Large,LinkedIn,12,64,1,1,,
3.33,Lower-tier,Business,Midwest,2,1,2,Small,Indeed,2,20,0,0,,
3.31,Mid-tier,STEM,West,2,2,3,Medium,LinkedIn,5,33,2,2,,
3.04,Mid-tier,Healthcare,West,1,2,1,Medium,Handshake,2,19,2,2,,
3.11,Mid-tier,Healthcare,South,0,2,2,Medium,Handshake,12,86,3,1,,
2.74,Lower-tier,Humanities,West,0,3,2,Small,Handshake,11,62,4,1,,
2.96,Mid-tier,Healthcare,Midwest,2,2,4,Medium,Handshake,10,95,7,1,,
3.59,Top-tier,Healthcare,Midwest,2,3,4,Large,Handshake,7,23,2,1,,
3.81,Mid-tier,Business,Midwest,3,1,3,Large,LinkedIn,9,114,6,5,,
2.55,Lower-tier,STEM,South,2,3,3,Large,LinkedIn,2,19,2,1,,
3.07,Top-tier,Business,West,0,3,1,Medium,Handshake,12,62,6,1,,
3.04,Lower-tier,STEM,Northeast,1,2,2,Medium,LinkedIn,5,48,3,0,,
3.72,Lower-tier,Business,Northeast,2,0,3,Medium,LinkedIn,5,72,4,3,,
3.2,Lower-tier,STEM,Midwest,4,3,4,Large,Handshake,7,25,0,0,,
3.15,Mid-tier,Business,West,0,4,3,Large,Handshake,11,42,6,2,,
3.45,Lower-tier,Humanities,South,2,5,3,Large,LinkedIn,2,15,0,0,,
2.88,Top-tier,STEM,Midwest,1,6,1,Medium,Indeed,9,123,1,0,,
2.74,Mid-tier,Healthcare,West,3,0,2,Large,LinkedIn,10,50,2,1,,
2.99,Mid-tier,Arts,South,3,1,4,Medium,Handshake,8,26,2,1,,
3.13,Lower-tier,Business,Midwest,2,4,3,Medium,LinkedIn,7,121,7,2,,
4.0,Lower-tier,STEM,Midwest,2,3,4,Small,Indeed,12,70,1,0,,
3.77,Mid-tier,Business,Midwest,1,1,2,Medium,Handshake,3,7,0,0,,
3.01,Mid-tier,STEM,Northeast,0,2,5,Medium,LinkedIn,10,100,5,3,,
3.15,Mid-tier,Healthcare,Northeast,1,4,1,Small,Handshake,3,12,0,0,,
2.6,Mid-tier,STEM,South,1,4,5,Small,Handshake,12,98,4,1,,
3.3,Mid-tier,Business,South,0,3,1,Large,Handshake,11,97,9,2,,
3.45,Mid-tier,STEM,Northeast,1,2,2,Medium,Handshake,7,33,2,0,,
3.44,Lower-tier,Healthcare,Northeast,1,1,2,Large,Handshake,8,70,5,0,,
3.41,Lower-tier,STEM,South,3,4,4,Large,Indeed,1,20,0,0,,
3.49,Mid-tier,Humanities,West,1,2,4,Large,Handshake,6,32,2,2,,
3.04,Mid-tier,STEM,Midwest,3,0,5,Medium,LinkedIn,9,57,2,2,,
3.72,Mid-tier,Business,Northeast,0,1,3,Large,Handshake,11,53,4,0,,
3.51,Top-tier,Healthcare,West,2,2,5,Large,LinkedIn,2,21,2,1,,
2.86,Mid-tier,Business,Midwest,1,3,3,Small,LinkedIn,4,8,2,1,,
3.72,Top-tier,STEM,South,1,4,2,Medium,LinkedIn,6,34,0,0,,
3.01,Top-tier,Business,South,1,2,1,Large,LinkedIn,8,76,4,3,,
2.58,Top-tier,Healthcare,South,1,5,4,Medium,LinkedIn,11,124,8,2,,
2.98,Mid-tier,Arts,Northeast,0,2,0,Large,Handshake,6,26,2,2,,
3.2,Mid-tier,Healthcare,South,1,1,1,Small,Handshake,5,12,0,0,,
3.19,Mid-tier,STEM,South,1,3,2,Large,Indeed,2,37,0,0,,
2.97,Mid-tier,STEM,Northeast,0,2,5,Medium,LinkedIn,12,102,4,1,,
3.25,Mid-tier,STEM,Northeast,1,6,4,Large,Handshake,11,88,7,3,,
2.85,Lower-tier,Humanities,Midwest,0,0,3,Small,LinkedIn,8,24,0,0,,
3.21,Top-tier,Healthcare,Midwest,3,4,4,Large,LinkedIn,3,27,2,0,,
3.39,Lower-tier,STEM,South,2,2,5,Small,Handshake,4,28,0,0,,
2.88,Mid-tier,STEM,West,1,3,1,Medium,LinkedIn,7,84,3,1,,
3.22,Lower-tier,STEM,Northeast,1,4,1,Large,Indeed,9,202,2,2,,
2.62,Top-tier,Healthcare,Northeast,1,1,0,Medium,Handshake,12,46,3,1,,
3.57,Mid-tier,Humanities,South,1,0,2,Medium,LinkedIn,1,7,0,0,,
2.77,Mid-tier,STEM,West,2,2,3,Medium,LinkedIn,3,34,1,0,,
3.47,Top-tier,STEM,West,0,0,4,Large,LinkedIn,6,27,0,0,,
3.14,Lower-tier,Healthcare,South,0,2,2,Small,Handshake,6,44,5,1,,
3.47,Lower-tier,Humanities,Midwest,0,1,4,Medium,Indeed,9,121,3,1,,
3.27,Mid-tier,STEM,Northeast,1,3,2,Medium,LinkedIn,6,16,0,0,,
2.94,Lower-tier,Business,Midwest,0,2,4,Medium,LinkedIn,4,21,1,1,,
3.21,Mid-tier,Business,Northeast,1,2,2,Large,Indeed,7,102,2,1,,
3.34,Lower-tier,Humanities,Midwest,0,0,5,Medium,Handshake,10,53,3,1,,
3.87,Lower-tier,Business,Northeast,0,1,2,Large,LinkedIn,9,51,3,0,,
2.68,Lower-tier,Healthcare,Midwest,0,3,3,Small,Handshake,11,82,6,2,,
2.94,Mid-tier,Business,Northeast,1,1,2,Large,LinkedIn,11,122,3,1,,
3.91,Top-tier,Healthcare,South,1,4,4,Medium,Handshake,2,8,2,2,,
3.77,Mid-tier,Healthcare,Midwest,1,1,1,Large,LinkedIn,6,90,3,1,,
3.65,Lower-tier,Humanities,South,1,0,3,Medium,Indeed,5,70,0,0,,
3.79,Mid-tier,STEM,Midwest,0,2,1,Large,LinkedIn,5,52,2,0,,
2.69,Lower-tier,STEM,Northeast,1,3,3,Large,LinkedIn,7,61,3,0,,
2.7,Lower-tier,Humanities,West,0,3,0,Large,LinkedIn,7,46,4,1,,
3.68,Mid-tier,Business,Northeast,0,2,3,Large,LinkedIn,6,47,3,1,,
3.66,Mid-tier,STEM,Midwest,2,5,2,Medium,LinkedIn,9,118,5,0,,
3.02,Lower-tier,Humanities,Midwest,2,1,1,Large,Handshake,6,22,1,0,,
4.0,Top-tier,STEM,West,0,3,1,Small,LinkedIn,4,40,0,0,,
3.45,Mid-tier,STEM,Northeast,1,5,1,Medium,Indeed,7,126,2,0,,
3.76,Mid-tier,Business,Northeast,4,1,3,Medium,Handshake,3,29,4,1,,
3.71,Top-tier,Business,South,0,2,5,Large,Handshake,12,52,5,2,,
3.08,Top-tier,STEM,West,2,2,1,Small,LinkedIn,7,5,1,0,,
3.19,Lower-tier,Arts,South,2,3,4,Medium,Indeed,12,134,0,0,,
3.61,Lower-tier,Arts,Northeast,0,0,5,Large,LinkedIn,6,55,0,0,,
2.63,Mid-tier,Healthcare,Midwest,0,2,3,Small,Indeed,8,96,1,1,,
3.5,Mid-tier,Business,West,1,2,1,Large,Handshake,12,30,2,1,,
2.18,Mid-tier,Arts,West,3,3,2,Large,Indeed,12,50,0,0,,
2.71,Mid-tier,STEM,West,2,2,2,Medium,Handshake,7,12,2,2,,
3.26,Lower-tier,Business,West,2,4,0,Large,LinkedIn,6,5,0,0,,
3.02,Lower-tier,Business,South,4,2,6,Small,LinkedIn,1,10,2,1,,
2.73,Lower-tier,STEM,South,1,2,3,Large,Handshake,1,9,1,0,,
3.66,Mid-tier,Business,South,0,4,4,Small,Handshake,7,50,7,1,,
3.15,Lower-tier,Humanities,Midwest,0,3,3,Medium,Handshake,2,8,2,1,,
3.36,Mid-tier,Healthcare,West,3,1,1,Small,Handshake,1,10,2,2,,
3.23,Lower-tier,Healthcare,West,0,2,5,Medium,Indeed,1,20,0,0,,
3.48,Lower-tier,STEM,West,2,1,5,Large,Indeed,6,28,0,0,,
2.92,Lower-tier,Business,Midwest,1,3,5,Large,LinkedIn,10,61,4,1,,
3.24,Mid-tier,Business,South,1,2,2,Small,LinkedIn,5,40,0,0,,
3.04,Mid-tier,STEM,South,3,0,3,Large,LinkedIn,7,29,0,0,,
2.72,Mid-tier,Humanities,South,0,3,2,Medium,Handshake,12,46,3,1,,
3.4,Lower-tier,Humanities,West,1,1,5,Small,Handshake,8,30,2,0,,
2.1,Lower-tier,Business,South,1,3,3,Medium,Indeed,9,63,3,1,,
3.33,Mid-tier,STEM,Midwest,0,1,6,Medium,Indeed,11,75,1,0,,
3.04,Top-tier,Business,West,1,4,2,Large,Handshake,7,23,6,2,,
3.31,Mid-tier,STEM,Northeast,3,3,3,Small,Handshake,4,18,2,2,,
3.1,Mid-tier,STEM,Midwest,0,1,2,Medium,Indeed,9,138,2,0,,
3.46,Mid-tier,STEM,South,1,4,4,Medium,Handshake,10,48,2,2,,
3.35,Lower-tier,STEM,Midwest,0,2,8,Medium,Handshake,1,8,0,0,,
3.18,Top-tier,Humanities,West,2,0,4,Large,LinkedIn,1,9,2,1,,
3.55,Top-tier,Healthcare,West,1,2,5,Small,LinkedIn,1,9,2,2,,
2.79,Lower-tier,STEM,Northeast,0,2,6,Medium,LinkedIn,3,29,2,1,,
3.67,Mid-tier,STEM,South,1,3,7,Large,Indeed,8,132,1,0,,
4.0,Lower-tier,STEM,South,2,2,1,Medium,Handshake,6,27,3,2,,
2.5,Lower-tier,Healthcare,West,1,4,5,Large,Handshake,3,14,0,0,,
2.99,Lower-tier,STEM,West,1,1,2,Small,Handshake,4,13,2,1,,
2.67,Lower-tier,STEM,Northeast,1,1,5,Large,Indeed,10,93,0,0,,
3.67,Mid-tier,STEM,West,1,1,3,Medium,Handshake,3,19,0,0,,
3.3,Lower-tier,STEM,Midwest,0,5,6,Medium,Handshake,12,90,7,6,,
3.47,Lower-tier,Humanities,Midwest,1,1,3,Small,Handshake,10,5,0,0,,
3.14,Lower-tier,Business,Midwest,1,1,4,Medium,LinkedIn,10,113,5,2,,
3.11,Top-tier,Humanities,West,0,3,4,Large,LinkedIn,7,58,4,0,,
3.22,Top-tier,STEM,Midwest,1,1,2,Small,LinkedIn,4,21,0,0,,
3.17,Lower-tier,Business,West,1,2,3,Large,LinkedIn,1,11,2,0,,
3.25,Mid-tier,Business,Northeast,2,3,3,Large,LinkedIn,12,104,5,4,,
3.72,Mid-tier,Humanities,South,2,3,5,Medium,LinkedIn,2,18,2,1,,
3.57,Mid-tier,Humanities,Midwest,0,0,5,Small,Handshake,5,25,0,0,,
3.78,Lower-tier,Healthcare,Midwest,0,0,2,Medium,LinkedIn,11,22,0,0,,
2.95,Mid-tier,STEM,West,0,2,2,Medium,LinkedIn,12,108,5,1,,
2.6,Mid-tier,STEM,South,1,2,1,Large,LinkedIn,4,39,2,2,,
3.62,Mid-tier,STEM,Midwest,1,3,3,Medium,Indeed,10,100,0,0,,
2.37,Top-tier,Business,Midwest,4,4,3,Small,LinkedIn,5,30,2,1,,
2.95,Top-tier,STEM,South,3,4,3,Large,LinkedIn,5,54,3,2,,
3.53,Mid-tier,Business,Midwest,1,2,5,Medium,LinkedIn,4,36,5,0,,
3.32,Lower-tier,STEM,South,0,1,3,Large,Indeed,8,66,3,2,,
2.92,Lower-tier,Healthcare,Northeast,1,1,3,Large,LinkedIn,5,25,1,1,,
3.66,Mid-tier,STEM,Midwest,0,2,1,Small,LinkedIn,6,35,2,1,,
3.14,Lower-tier,Business,Northeast,2,1,4,Small,Handshake,9,51,5,1,,
2.63,Mid-tier,Business,Northeast,3,1,3,Small,Indeed,3,30,0,0,,
3.38,Mid-tier,STEM,West,1,3,4,Medium,Indeed,11,163,5,4,,
3.81,Top-tier,STEM,Midwest,2,2,5,Small,LinkedIn,11,133,7,2,,
2.98,Lower-tier,Business,South,0,4,2,Large,LinkedIn,11,106,2,0,,
3.74,Lower-tier,STEM,Northeast,0,2,3,Large,Handshake,6,11,2,1,,
2.96,Mid-tier,Business,West,1,2,2,Medium,Handshake,10,28,2,2,,
3.71,Lower-tier,STEM,Midwest,0,1,4,Medium,LinkedIn,9,79,2,1,,
2.52,Mid-tier,Humanities,West,2,1,1,Small,LinkedIn,11,95,5,2,,
3.62,Mid-tier,Business,Northeast,2,1,5,Large,LinkedIn,10,45,3,2,,
3.11,Mid-tier,Humanities,West,1,4,3,Large,Handshake,6,41,5,1,,
3.06,Mid-tier,Business,Midwest,1,0,3,Small,Handshake,2,8,0,0,,
3.56,Mid-tier,Humanities,South,1,1,4,Large,Indeed,8,66,3,3,,
3.43,Mid-tier,Business,South,2,1,3,Medium,LinkedIn,5,63,4,3,,
3.39,Mid-tier,Business,Northeast,1,1,2,Large,LinkedIn,6,43,5,1,,
3.45,Mid-tier,Healthcare,West,0,0,1,Large,LinkedIn,7,110,3,1,,
2.73,Lower-tier,Business,West,3,5,3,Large,LinkedIn,7,58,1,0,,
3.09,Lower-tier,Business,South,2,2,0,Small,LinkedIn,6,46,1,1,,
2.98,Mid-tier,STEM,West,1,1,1,Small,Handshake,7,15,2,1,,
3.36,Lower-tier,Business,West,1,1,1,Medium,LinkedIn,10,60,4,2,,
3.92,Mid-tier,Business,Midwest,0,3,3,Small,Indeed,10,245,3,3,,
3.31,Mid-tier,Humanities,West,0,4,3,Large,Handshake,11,77,4,2,,
3.21,Top-tier,STEM,Northeast,3,1,3,Large,LinkedIn,6,72,4,2,,
3.03,Mid-tier,Humanities,Northeast,1,2,4,Small,Handshake,2,5,1,0,,
2.64,Mid-tier,Business,Northeast,2,5,1,Medium,Handshake,9,15,5,3,,
2.94,Lower-tier,Business,South,3,1,3,Small,Indeed,9,117,3,1,,
3.05,Mid-tier,STEM,Northeast,0,2,2,Small,Handshake,10,56,3,3,,
4.0,Lower-tier,STEM,West,1,4,2,Large,Indeed,6,92,3,1,,
2.75,Mid-tier,Healthcare,South,2,2,1,Large,Indeed,4,57,1,1,,
3.62,Mid-tier,Business,Midwest,0,2,2,Small,Indeed,9,214,0,0,,
3.55,Lower-tier,Business,Northeast,2,4,4,Large,Indeed,5,58,1,1,,
3.48,Mid-tier,Business,South,1,1,3,Medium,Handshake,2,7,0,0,,
3.22,Lower-tier,Business,Northeast,1,4,3,Medium,Handshake,10,90,3,3,,
3.57,Lower-tier,Business,Northeast,3,2,3,Large,LinkedIn,1,12,2,1,,
3.25,Mid-tier,STEM,Midwest,1,2,2,Medium,LinkedIn,11,91,4,3,,
2.66,Mid-tier,STEM,Northeast,0,6,2,Medium,LinkedIn,12,80,3,1,,
2.99,Mid-tier,STEM,Northeast,0,3,1,Large,Indeed,7,21,0,0,,
3.43,Lower-tier,STEM,Northeast,0,4,1,Large,Indeed,4,38,0,0,,
3.44,Lower-tier,Arts,Northeast,0,2,3,Large,Handshake,5,5,1,0,,
4.0,Mid-tier,Humanities,Midwest,0,2,2,Medium,LinkedIn,12,104,3,2,,
3.18,Lower-tier,Humanities,South,3,0,2,Small,Handshake,3,15,0,0,,
2.87,Top-tier,Healthcare,West,0,3,2,Large,LinkedIn,12,118,9,3,,
3.53,Lower-tier,Humanities,Midwest,0,2,3,Large,Indeed,6,122,7,2,,
2.72,Top-tier,Humanities,Midwest,3,3,2,Medium,LinkedIn,12,98,4,4,,
2.72,Top-tier,Business,Midwest,2,3,2,Medium,LinkedIn,2,22,0,0,,
2.71,Lower-tier,Business,Midwest,2,3,2,Large,LinkedIn,1,10,2,1,,
2.77,Mid-tier,Healthcare,Midwest,2,3,1,Large,LinkedIn,1,5,2,1,,
3.18,Lower-tier,Business,Midwest,2,1,6,Medium,LinkedIn,8,68,0,0,,
2.92,Lower-tier,STEM,Midwest,3,1,3,Small,LinkedIn,5,56,2,1,,
2.91,Lower-tier,STEM,West,0,1,4,Large,Handshake,11,77,4,4,,
2.79,Mid-tier,STEM,Midwest,0,2,2,Medium,Indeed,7,109,0,0,,
3.01,Lower-tier,Business,Midwest,3,3,4,Medium,Indeed,3,26,0,0,,
3.68,Lower-tier,Business,Midwest,0,1,1,Medium,LinkedIn,10,35,3,0,,
2.99,Mid-tier,STEM,West,0,3,2,Large,Indeed,2,16,2,1,,
2.66,Mid-tier,Business,Northeast,4,2,3,Small,LinkedIn,8,42,2,1,,
4.0,Mid-tier,STEM,Northeast,3,1,5,Small,Indeed,1,19,2,2,,
3.7,Mid-tier,Business,Midwest,3,3,1,Medium,Indeed,1,16,0,0,,
3.05,Lower-tier,STEM,South,3,4,4,Medium,Indeed,9,130,3,3,,
3.29,Mid-tier,Healthcare,West,0,1,2,Medium,LinkedIn,12,116,5,0,,
3.51,Mid-tier,STEM,Northeast,2,2,1,Large,LinkedIn,9,81,6,2,,
2.72,Mid-tier,Arts,Midwest,0,2,1,Medium,LinkedIn,9,52,1,0,,
2.94,Top-tier,STEM,South,1,3,1,Medium,Handshake,2,5,2,1,,
3.94,Lower-tier,STEM,Northeast,0,3,2,Large,Handshake,7,42,2,0,,
3.36,Lower-tier,STEM,West,3,1,2,Large,Handshake,12,70,2,2,,
3.22,Mid-tier,Business,Northeast,2,1,2,Large,LinkedIn,11,71,2,2,,
3.68,Top-tier,STEM,South,0,2,0,Large,Indeed,3,12,0,0,,
3.17,Mid-tier,Business,West,1,1,2,Small,Indeed,4,64,1,0,,
2.83,Mid-tier,STEM,South,1,0,6,Large,Handshake,12,74,2,1,,
3.32,Top-tier,STEM,Northeast,1,1,3,Small,Handshake,5,25,2,1,,
2.78,Mid-tier,Healthcare,South,2,0,2,Small,Handshake,4,20,3,0,,
3.09,Mid-tier,Healthcare,Midwest,0,1,1,Large,Handshake,8,52,2,0,,
3.35,Lower-tier,Healthcare,West,1,1,4,Large,Handshake,12,132,11,1,,
3.39,Mid-tier,STEM,South,2,2,3,Large,Handshake,3,6,2,1,,
3.35,Mid-tier,Healthcare,Midwest,1,2,1,Small,Handshake,9,43,3,3,,
3.16,Top-tier,STEM,West,1,5,4,Medium,Handshake,3,8,2,1,,
3.79,Mid-tier,STEM,Midwest,1,3,5,Small,Indeed,9,130,2,1,,
3.41,Lower-tier,Business,South,0,2,2,Small,Indeed,7,91,1,0,,
2.74,Mid-tier,Healthcare,West,1,0,4,Medium,Indeed,4,72,4,3,,
3.43,Mid-tier,STEM,Northeast,1,0,3,Medium,LinkedIn,12,124,7,3,,
3.09,Mid-tier,Business,Northeast,1,1,2,Medium,LinkedIn,3,10,0,0,,
2.54,Lower-tier,Healthcare,Northeast,1,1,1,Large,LinkedIn,7,54,2,2,,
3.13,Top-tier,Business,South,0,0,3,Medium,Handshake,3,19,0,0,,
2.47,Top-tier,STEM,Midwest,1,0,2,Large,LinkedIn,7,63,3,1,,
2.88,Lower-tier,STEM,South,0,3,1,Medium,Handshake,3,29,2,2,,
3.17,Mid-tier,STEM,Midwest,2,3,3,Medium,LinkedIn,2,15,1,0,,
3.19,Lower-tier,Business,Midwest,1,2,4,Medium,Indeed,3,20,0,0,,
3.36,Lower-tier,STEM,West,1,2,2,Medium,LinkedIn,12,82,1,0,,
3.49,Mid-tier,STEM,West,1,0,2,Medium,Handshake,1,9,1,0,,
3.17,Top-tier,Healthcare,West,4,2,4,Large,LinkedIn,7,58,3,3,,
3.69,Mid-tier,Humanities,Northeast,2,1,4,Medium,LinkedIn,7,64,2,2,,
2.79,Mid-tier,STEM,Midwest,1,3,6,Medium,Indeed,7,24,0,0,,
3.57,Lower-tier,Business,South,0,2,2,Medium,Indeed,11,143,6,5,,
3.52,Mid-tier,Business,Northeast,0,1,1,Large,Indeed,9,72,2,1,,
2.81,Mid-tier,Business,West,3,2,0,Medium,Handshake,10,60,7,3,,
3.48,Mid-tier,STEM,Northeast,1,1,4,Large,Indeed,8,162,3,1,,
3.19,Mid-tier,Humanities,Midwest,2,3,1,Medium,Indeed,2,38,0,0,,
2.69,Mid-tier,Business,Northeast,0,2,3,Large,LinkedIn,3,22,0,0,,
3.06,Lower-tier,Humanities,West,0,3,6,Small,Handshake,10,98,5,4,,
3.12,Top-tier,STEM,Midwest,3,1,1,Large,LinkedIn,7,64,2,2,,
3.44,Mid-tier,STEM,South,0,0,0,Medium,LinkedIn,9,96,4,1,,
3.03,Mid-tier,STEM,South,0,4,3,Small,Handshake,8,38,4,2,,
3.55,Mid-tier,Business,West,1,3,5,Medium,Indeed,6,75,1,0,,
3.11,Lower-tier,Business,Northeast,2,1,2,Large,LinkedIn,7,68,3,1,,
3.49,Mid-tier,Humanities,South,0,2,2,Large,Handshake,4,36,1,1,,
2.88,Mid-tier,Humanities,South,2,1,7,Medium,Handshake,6,25,0,0,,
2.84,Mid-tier,Business,Northeast,0,6,3,Medium,LinkedIn,5,42,0,0,,
3.29,Lower-tier,STEM,Northeast,0,1,2,Medium,Handshake,1,5,0,0,,
2.41,Top-tier,Business,West,0,1,1,Medium,LinkedIn,4,33,0,0,,
2.88,Mid-tier,Humanities,Northeast,0,5,3,Small,Indeed,2,36,1,0,,
2.75,Lower-tier,STEM,South,2,0,1,Large,LinkedIn,2,19,1,1,,
3.25,Top-tier,Humanities,Midwest,2,2,8,Medium,LinkedIn,6,59,2,1,,
2.77,Mid-tier,Humanities,West,0,4,4,Small,Handshake,5,35,2,2,,
3.19,Lower-tier,Business,South,0,0,2,Medium,Handshake,5,20,2,2,,
3.26,Mid-tier,Business,South,1,4,0,Large,LinkedIn,7,30,0,0,,
3.23,Lower-tier,Business,Northeast,2,3,3,Medium,Indeed,1,7,0,0,,
2.79,Lower-tier,Business,Midwest,1,1,3,Large,LinkedIn,8,78,1,0,,
2.88,Lower-tier,STEM,West,0,1,6,Small,Handshake,6,23,1,0,,
2.78,Top-tier,Business,Northeast,2,1,0,Large,Handshake,10,81,8,4,,
2.89,Top-tier,STEM,Northeast,1,1,3,Medium,Indeed,7,126,0,0,,
3.97,Mid-tier,Business,South,3,1,9,Large,LinkedIn,4,40,2,2,,
2.63,Lower-tier,STEM,Northeast,4,2,4,Medium,Handshake,4,36,3,0,,
3.87,Mid-tier,Healthcare,Northeast,1,4,1,Large,Handshake,10,21,3,0,,
3.69,Lower-tier,STEM,West,2,1,4,Large,Handshake,7,8,2,1,,
3.38,Mid-tier,STEM,West,2,2,2,Small,LinkedIn,5,36,3,1,,
2.46,Lower-tier,Business,South,0,2,3,Small,LinkedIn,6,53,2,0,,
3.26,Lower-tier,Arts,West,2,4,3,Medium,LinkedIn,2,22,1,0,,
3.32,Lower-tier,Business,South,0,1,0,Large,LinkedIn,4,5,1,0,,
3.78,Mid-tier,Humanities,West,0,3,2,Medium,LinkedIn,5,49,0,0,,
3.36,Top-tier,Humanities,Midwest,3,4,3,Large,Indeed,3,69,0,0,,
3.2,Top-tier,STEM,South,1,0,3,Medium,Handshake,9,46,5,2,,
3.2,Lower-tier,STEM,Midwest,2,0,2,Small,Indeed,12,160,1,1,,
2.45,Lower-tier,Business,South,1,1,3,Medium,Indeed,2,24,0,0,,
3.43,Top-tier,Business,South,2,2,4,Large,LinkedIn,2,6,2,2,,
3.03,Mid-tier,Business,South,2,1,4,Large,Handshake,10,35,2,1,,
3.51,Lower-tier,STEM,South,0,0,2,Large,Handshake,2,12,0,0,,
2.94,Mid-tier,Business,Northeast,2,1,3,Medium,LinkedIn,6,53,4,1,,
3.18,Mid-tier,Humanities,South,1,1,1,Medium,Handshake,1,5,2,2,,
2.87,Mid-tier,STEM,South,2,1,4,Medium,Handshake,12,102,7,1,,
3.33,Mid-tier,Business,Midwest,0,2,1,Small,LinkedIn,3,35,0,0,,
2.54,Lower-tier,STEM,Midwest,0,4,4,Medium,LinkedIn,10,100,2,0,,
2.89,Mid-tier,Business,West,1,0,1,Medium,Handshake,12,5,1,1,,
2.8,Mid-tier,Business,Midwest,1,2,2,Medium,Handshake,11,60,4,4,,
2.99,Top-tier,STEM,South,1,2,1,Medium,LinkedIn,8,80,5,5,,
3.31,Lower-tier,STEM,Northeast,1,1,2,Medium,LinkedIn,6,9,1,1,,
3.73,Mid-tier,Business,Northeast,2,1,1,Medium,LinkedIn,11,110,5,1,,
2.66,Lower-tier,Business,Northeast,1,3,0,Medium,Indeed,9,165,2,0,,
2.86,Top-tier,Humanities,South,1,1,2,Small,LinkedIn,11,177,2,1,,
3.55,Mid-tier,Business,West,3,5,1,Large,Indeed,6,77,3,1,,
3.02,Mid-tier,Healthcare,South,2,4,1,Medium,LinkedIn,1,5,2,1,,
3.13,Top-tier,STEM,West,1,2,3,Medium,Indeed,8,93,0,0,,
3.03,Lower-tier,Business,West,4,1,2,Medium,LinkedIn,8,74,4,1,,
3.15,Mid-tier,Business,Northeast,4,1,3,Medium,Indeed,8,117,6,4,,
3.03,Mid-tier,Arts,South,0,4,8,Large,LinkedIn,6,86,1,0,,
3.64,Mid-tier,Business,Midwest,2,2,0,Medium,Handshake,1,5,1,1,,
3.08,Mid-tier,STEM,West,0,7,2,Large,Handshake,5,28,2,1,,
3.35,Mid-tier,STEM,Midwest,0,1,5,Large,Handshake,6,54,3,3,,
3.62,Mid-tier,Business,Northeast,1,2,1,Large,LinkedIn,7,5,2,2,,
3.21,Mid-tier,STEM,West,0,2,3,Small,Handshake,1,5,0,0,,
4.0,Mid-tier,Healthcare,Midwest,0,4,0,Medium,Indeed,6,53,1,0,,
4.0,Lower-tier,Healthcare,Northeast,0,2,1,Large,Indeed,1,5,2,2,,
3.53,Lower-tier,Business,Midwest,1,2,6,Medium,LinkedIn,6,64,3,1,,
3.68,Mid-tier,Business,Northeast,2,5,4,Medium,LinkedIn,5,55,1,0,,
3.02,Mid-tier,STEM,Midwest,1,2,1,Large,LinkedIn,4,32,1,0,,
3.09,Lower-tier,STEM,South,2,3,4,Large,Handshake,5,9,1,0,,
3.08,Top-tier,STEM,West,3,1,0,Large,Handshake,12,96,2,1,,
2.97,Lower-tier,STEM,West,1,0,4,Small,LinkedIn,6,46,1,0,,
3.61,Mid-tier,STEM,South,2,4,4,Large,LinkedIn,9,118,2,1,,
3.22,Mid-tier,Humanities,Northeast,2,0,3,Small,LinkedIn,7,40,2,1,,
3.4,Mid-tier,STEM,Northeast,0,1,1,Small,Indeed,4,34,0,0,,
3.6,Mid-tier,Business,West,1,3,5,Medium,Handshake,1,5,0,0,,
3.6,Mid-tier,STEM,West,2,1,1,Large,Indeed,5,54,2,2,,
3.89,Top-tier,Humanities,West,0,0,2,Medium,LinkedIn,3,34,2,0,,
2.56,Top-tier,STEM,West,2,1,2,Small,LinkedIn,10,35,2,0,,
2.75,Lower-tier,Healthcare,South,1,1,5,Large,LinkedIn,10,61,3,2,,
2.72,Lower-tier,Business,Midwest,1,7,2,Small,Handshake,12,90,6,2,,
2.27,Mid-tier,STEM,Northeast,0,0,3,Large,Indeed,12,188,4,1,,
3.45,Lower-tier,Humanities,South,2,2,4,Large,LinkedIn,4,40,0,0,,
3.11,Top-tier,Business,Northeast,2,7,4,Medium,LinkedIn,11,117,3,2,,
3.4,Mid-tier,STEM,Midwest,1,0,3,Large,Handshake,6,31,2,1,,
3.79,Mid-tier,STEM,Northeast,0,3,6,Large,Handshake,6,17,2,2,,
2.92,Lower-tier,STEM,Northeast,2,3,1,Large,Handshake,12,66,7,3,,
3.21,Mid-tier,Arts,Midwest,0,6,2,Medium,LinkedIn,12,68,4,4,,
3.36,Mid-tier,Healthcare,South,0,2,4,Medium,Indeed,2,32,1,0,,
3.11,Mid-tier,Healthcare,Midwest,0,1,2,Medium,LinkedIn,6,36,0,0,,
2.82,Mid-tier,Business,South,0,2,1,Small,LinkedIn,4,38,0,0,,
3.46,Top-tier,Healthcare,Midwest,2,1,8,Medium,LinkedIn,6,62,3,2,,
2.65,Mid-tier,STEM,West,0,0,2,Medium,Indeed,7,92,2,0,,
3.01,Lower-tier,STEM,Midwest,0,3,4,Small,Handshake,9,39,0,0,,
2.52,Mid-tier,Business,West,3,3,1,Medium,Handshake,1,8,2,2,,
3.28,Mid-tier,Business,West,3,1,2,Medium,Handshake,11,18,2,1,,
3.13,Mid-tier,Business,Midwest,1,0,5,Medium,Handshake,4,15,2,1,,
3.32,Mid-tier,Healthcare,Midwest,2,1,1,Large,Handshake,4,34,5,1,,
3.13,Top-tier,STEM,West,1,2,3,Large,Handshake,3,6,0,0,,
2.84,Top-tier,STEM,West,3,2,4,Large,Handshake,10,88,8,3,,
3.72,Mid-tier,Business,South,1,2,3,Large,Handshake,10,5,0,0,,
2.83,Mid-tier,Business,West,0,2,5,Medium,LinkedIn,2,11,0,0,,
2.7,Top-tier,Business,West,2,2,4,Medium,LinkedIn,8,84,5,4,,
3.4,Top-tier,Humanities,Northeast,1,1,1,Medium,LinkedIn,7,87,3,3,,
3.02,Mid-tier,Arts,South,0,0,6,Small,Handshake,10,50,5,3,,
3.73,Mid-tier,STEM,South,3,0,1,Medium,Indeed,1,14,0,0,,
3.05,Top-tier,Humanities,Midwest,4,2,1,Medium,Handshake,7,24,2,1,,
3.03,Mid-tier,STEM,West,3,1,5,Large,LinkedIn,6,69,2,1,,
2.49,Mid-tier,Humanities,Midwest,1,1,2,Medium,Indeed,12,152,4,2,,
3.44,Mid-tier,Humanities,South,1,4,2,Medium,Indeed,3,5,2,2,,
2.94,Lower-tier,Arts,Northeast,0,2,1,Large,LinkedIn,6,57,1,0,,
2.85,Top-tier,STEM,Midwest,1,1,4,Large,LinkedIn,11,75,1,0,,
2.64,Mid-tier,Humanities,South,0,3,7,Large,LinkedIn,8,58,5,2,,
3.44,Mid-tier,Humanities,South,1,2,3,Large,LinkedIn,11,106,8,1,,
2.87,Lower-tier,Business,Midwest,1,1,6,Large,LinkedIn,6,57,3,1,,
3.0,Top-tier,STEM,West,0,2,7,Medium,LinkedIn,12,102,3,1,,
2.92,Lower-tier,Arts,West,0,6,2,Medium,Handshake,9,5,0,0,,
2.59,Lower-tier,Business,Midwest,1,2,3,Medium,LinkedIn,2,15,3,1,,
3.05,Mid-tier,STEM,West,3,1,1,Medium,LinkedIn,7,59,3,2,,
3.76,Top-tier,STEM,South,0,1,5,Large,Handshake,2,6,2,2,,
3.11,Mid-tier,Arts,Midwest,2,3,6,Medium,Indeed,1,19,0,0,,
2.92,Lower-tier,STEM,Midwest,2,3,1,Large,LinkedIn,7,43,3,1,,
3.23,Lower-tier,Humanities,West,1,4,1,Large,LinkedIn,11,146,5,1,,
3.65,Lower-tier,Business,Northeast,0,3,3,Medium,Indeed,2,27,0,0,,
3.49,Mid-tier,Humanities,West,1,0,4,Medium,Indeed,3,23,0,0,,
3.13,Lower-tier,Healthcare,Northeast,1,1,3,Small,Handshake,1,5,1,0,,
3.15,Mid-tier,STEM,Northeast,0,1,3,Large,Handshake,12,24,2,1,,
3.92,Lower-tier,Arts,South,0,0,1,Small,Handshake,2,5,0,0,,
3.56,Mid-tier,STEM,Northeast,0,1,4,Large,LinkedIn,9,72,8,2,,
3.22,Mid-tier,Business,Northeast,1,2,4,Small,LinkedIn,2,12,0,0,,
3.28,Mid-tier,STEM,Northeast,2,4,5,Large,LinkedIn,9,112,0,0,,
3.59,Lower-tier,Business,West,2,3,5,Large,LinkedIn,12,96,1,0,,
3.79,Lower-tier,Business,Midwest,4,6,4,Medium,Handshake,3,17,1,0,,
3.12,Mid-tier,Humanities,South,2,0,1,Small,Indeed,5,79,0,0,,
3.28,Mid-tier,STEM,Northeast,0,1,3,Large,Indeed,12,156,1,0,,
3.29,Mid-tier,Business,West,1,4,4,Medium,Handshake,5,10,2,2,,
3.72,Lower-tier,Business,Northeast,0,2,5,Small,Handshake,1,5,0,0,,
3.13,Mid-tier,Business,South,0,4,1,Large,LinkedIn,7,93,5,5,,
3.0,Mid-tier,STEM,Northeast,0,2,3,Small,Handshake,7,7,0,0,,
4.0,Mid-tier,Healthcare,Midwest,0,1,3,Large,Handshake,5,29,2,0,,
3.55,Top-tier,Arts,South,0,1,4,Large,Handshake,3,7,2,0,,
3.2,Mid-tier,Business,South,0,5,4,Medium,Indeed,5,35,0,0,,
2.25,Mid-tier,STEM,Midwest,4,5,5,Small,Indeed,4,39,2,1,,
2.82,Lower-tier,STEM,South,0,3,2,Medium,LinkedIn,12,52,2,0,,
2.73,Mid-tier,Business,Midwest,3,3,4,Large,LinkedIn,1,7,2,2,,
2.99,Top-tier,Healthcare,South,0,2,4,Large,Handshake,2,12,1,0,,
4.0,Lower-tier,Humanities,West,2,1,1,Large,Indeed,1,15,0,0,,
2.77,Mid-tier,Healthcare,Midwest,2,2,5,Large,Handshake,6,37,2,2,,
3.51,Lower-tier,STEM,South,3,3,1,Medium,LinkedIn,11,115,3,0,,
2.49,Top-tier,Business,Northeast,1,1,2,Medium,Indeed,7,66,1,0,,
3.05,Lower-tier,STEM,South,1,3,1,Large,Handshake,7,47,2,0,,
3.24,Mid-tier,Business,South,4,3,4,Medium,Handshake,12,44,4,0,,
2.83,Mid-tier,Business,Midwest,0,3,1,Large,Indeed,1,17,1,1,,
3.95,Mid-tier,Humanities,South,0,2,4,Large,Handshake,8,42,1,0,,
2.91,Lower-tier,Humanities,West,2,2,3,Large,Handshake,12,54,2,2,,
3.76,Mid-tier,Business,West,2,2,5,Large,Handshake,2,9,0,0,,
2.55,Lower-tier,STEM,West,0,1,8,Medium,Handshake,11,73,10,2,,
3.4,Mid-tier,Healthcare,West,1,3,5,Medium,LinkedIn,5,34,0,0,,
3.51,Mid-tier,Business,South,2,2,1,Small,LinkedIn,11,185,4,4,,
3.1,Lower-tier,Business,West,3,3,1,Medium,LinkedIn,3,35,2,2,,
3.57,Mid-tier,Business,South,1,4,5,Medium,LinkedIn,8,65,1,0,,
2.78,Mid-tier,Humanities,Northeast,0,0,1,Small,Handshake,3,21,1,1,,
3.16,Mid-tier,Business,Northeast,2,3,3,Small,LinkedIn,3,16,1,0,,
3.42,Lower-tier,STEM,Midwest,1,3,4,Large,LinkedIn,2,27,0,0,,
4.0,Lower-tier,STEM,Midwest,1,1,4,Large,Handshake,9,9,2,1,,
3.6,Mid-tier,Arts,South,0,0,3,Large,Handshake,6,25,3,1,,
2.95,Mid-tier,Business,Midwest,0,2,4,Medium,Indeed,12,236,6,1,,
2.87,Mid-tier,Humanities,Midwest,0,1,3,Medium,Indeed,4,66,0,0,,
3.2,Mid-tier,STEM,South,0,2,3,Medium,Handshake,10,43,4,2,,
2.55,Mid-tier,STEM,West,2,2,3,Small,Indeed,10,153,1,0,,
3.27,Lower-tier,STEM,Midwest,2,2,4,Small,Handshake,1,5,0,0,,
3.52,Mid-tier,STEM,West,0,0,3,Small,Handshake,11,66,7,2,,
3.38,Mid-tier,Business,Midwest,0,1,3,Medium,LinkedIn,6,53,2,1,,
3.6,Mid-tier,Humanities,Northeast,0,2,4,Medium,LinkedIn,4,50,3,1,,
2.92,Lower-tier,Humanities,Northeast,3,0,3,Medium,Indeed,3,50,0,0,,
2.43,Lower-tier,Healthcare,South,0,0,1,Large,Indeed,7,75,0,0,,
2.2,Mid-tier,STEM,Northeast,1,0,4,Medium,Indeed,12,180,1,0,,
4.0,Lower-tier,Healthcare,West,3,2,3,Large,Handshake,4,30,1,0,,
3.24,Mid-tier,STEM,West,3,1,1,Small,Handshake,2,12,2,2,,
4.0,Mid-tier,Healthcare,West,1,2,6,Medium,LinkedIn,9,31,2,0,,
3.1,Top-tier,Healthcare,West,3,1,2,Medium,LinkedIn,9,61,4,3,,
2.2,Mid-tier,STEM,Northeast,1,2,3,Small,Indeed,4,49,1,1,,
2.87,Mid-tier,STEM,South,2,0,3,Small,Handshake,11,84,5,5,,
3.37,Top-tier,Healthcare,Midwest,0,3,6,Small,LinkedIn,1,7,0,0,,
3.05,Mid-tier,STEM,West,1,3,3,Small,LinkedIn,5,55,3,1,,
3.07,Top-tier,Business,Northeast,1,0,3,Small,Handshake,11,51,4,1,,
3.6,Mid-tier,STEM,South,1,2,4,Large,LinkedIn,9,73,4,4,,
2.65,Mid-tier,Humanities,Midwest,1,0,3,Medium,LinkedIn,7,73,0,0,,
3.07,Mid-tier,Business,South,2,2,4,Medium,LinkedIn,8,93,2,1,,
3.68,Top-tier,Humanities,West,2,1,4,Small,Indeed,10,151,0,0,,
3.15,Lower-tier,STEM,South,2,2,3,Small,Handshake,8,54,3,0,,
2.4,Mid-tier,Healthcare,South,0,3,3,Small,LinkedIn,2,5,2,2,,
2.54,Mid-tier,Healthcare,Northeast,1,5,6,Large,Handshake,4,20,2,1,,
3.05,Lower-tier,Humanities,Midwest,2,0,4,Large,Indeed,3,55,0,0,,
3.53,Lower-tier,Business,Northeast,1,1,2,Medium,LinkedIn,3,28,1,0,,
3.16,Mid-tier,Humanities,Northeast,1,2,5,Large,LinkedIn,7,50,3,1,,
2.58,Lower-tier,Arts,Northeast,1,4,5,Large,Indeed,12,154,3,0,,
3.62,Lower-tier,Humanities,Northeast,1,3,3,Large,LinkedIn,4,37,2,2,,
3.23,Mid-tier,STEM,Northeast,0,1,0,Large,Handshake,5,23,0,0,,
3.08,Lower-tier,STEM,Midwest,1,3,4,Large,LinkedIn,4,64,3,2,,
3.34,Mid-tier,Business,Midwest,0,3,5,Medium,LinkedIn,5,42,3,1,,
3.08,Lower-tier,Business,Northeast,1,2,2,Large,Indeed,9,136,1,0,,
3.36,Mid-tier,STEM,West,1,4,1,Medium,Handshake,10,31,3,0,,
3.07,Mid-tier,Humanities,Midwest,0,2,2,Medium,Handshake,5,25,2,1,,
3.06,Mid-tier,STEM,Midwest,2,2,3,Small,Handshake,1,5,1,1,,
3.43,Mid-tier,Business,Midwest,1,0,2,Medium,Handshake,3,17,3,1,,
2.83,Mid-tier,Humanities,Northeast,1,2,4,Small,Indeed,12,240,1,0,,
2.74,Mid-tier,STEM,West,1,5,2,Large,Handshake,6,5,0,0,,
3.59,Mid-tier,STEM,Northeast,2,1,5,Large,Handshake,9,43,2,1,,
3.28,Lower-tier,Healthcare,Midwest,1,2,3,Large,Indeed,8,120,1,0,,
2.6,Lower-tier,Business,Midwest,1,2,0,Large,LinkedIn,4,28,0,0,,
2.62,Lower-tier,Arts,Northeast,1,1,1,Large,LinkedIn,7,99,4,1,,
3.4,Mid-tier,Healthcare,West,3,2,0,Small,Handshake,4,13,0,0,,
3.59,Top-tier,STEM,Midwest,2,3,4,Medium,LinkedIn,6,70,2,1,,
2.5,Mid-tier,Business,South,0,3,3,Medium,LinkedIn,10,65,3,0,,
3.07,Mid-tier,Healthcare,South,1,4,4,Large,LinkedIn,3,33,3,1,,
3.84,Mid-tier,Business,West,1,4,4,Medium,LinkedIn,6,61,2,0,,
3.04,Lower-tier,STEM,Northeast,0,3,0,Medium,Indeed,7,81,0,0,,
3.4,Mid-tier,STEM,West,0,1,1,Large,Handshake,6,54,2,0,,
3.55,Lower-tier,Business,Northeast,2,1,6,Medium,LinkedIn,11,89,1,1,,
3.3,Top-tier,STEM,South,1,2,5,Medium,LinkedIn,10,96,4,0,,
3.05,Mid-tier,Business,Midwest,3,2,7,Large,LinkedIn,4,23,2,1,,
3.33,Lower-tier,Healthcare,South,0,2,4,Medium,Indeed,1,15,0,0,,
3.3,Lower-tier,Business,South,2,3,5,Medium,Indeed,11,196,4,3,,
2.47,Mid-tier,Healthcare,West,2,2,2,Large,Indeed,5,45,2,1,,
2.94,Mid-tier,STEM,South,3,0,4,Large,Handshake,11,77,4,3,,
3.67,Lower-tier,Healthcare,South,0,2,3,Medium,LinkedIn,11,95,3,1,,
3.4,Mid-tier,STEM,South,0,6,2,Large,LinkedIn,3,30,1,0,,
2.69,Lower-tier,Healthcare,South,0,4,2,Small,Handshake,6,22,2,2,,
2.63,Mid-tier,Business,South,2,2,3,Medium,Handshake,2,11,2,2,,
3.66,Mid-tier,Business,South,0,2,1,Large,Indeed,6,37,0,0,,
2.33,Mid-tier,Healthcare,South,0,2,6,Large,Indeed,1,6,0,0,,
3.54,Lower-tier,Arts,West,0,5,3,Medium,Indeed,3,44,3,2,,
2.99,Mid-tier,STEM,West,1,3,2,Small,Handshake,5,21,2,2,,
3.35,Lower-tier,STEM,Midwest,2,2,2,Large,LinkedIn,9,102,5,5,,
3.64,Mid-tier,Healthcare,Midwest,0,2,1,Large,LinkedIn,9,54,2,0,,
3.66,Lower-tier,STEM,South,2,2,2,Medium,LinkedIn,9,73,2,1,,
3.01,Lower-tier,Humanities,West,1,0,3,Small,Handshake,8,21,3,1,,
3.28,Lower-tier,Healthcare,Midwest,0,2,2,Large,Indeed,10,55,0,0,,
3.12,Lower-tier,Business,Northeast,0,3,3,Large,Indeed,9,88,0,0,,
3.32,Mid-tier,Business,Northeast,1,0,2,Large,LinkedIn,12,26,0,0,,
2.56,Top-tier,Business,West,1,5,4,Large,Handshake,12,118,3,1,,
3.86,Lower-tier,Humanities,South,0,1,1,Medium,Indeed,9,79,3,0,,
3.19,Mid-tier,STEM,West,2,3,1,Small,Handshake,5,37,2,2,,
3.19,Lower-tier,Business,South,0,3,2,Medium,LinkedIn,5,33,3,2,,
2.74,Mid-tier,STEM,South,1,3,3,Large,LinkedIn,6,58,3,1,,
3.22,Mid-tier,Arts,West,1,2,1,Medium,LinkedIn,8,104,6,3,,
3.13,Top-tier,Business,West,3,2,0,Medium,Handshake,7,24,2,2,,
3.38,Lower-tier,Business,Midwest,0,2,6,Medium,Indeed,3,68,0,0,,
3.0,Mid-tier,Humanities,West,0,1,2,Medium,LinkedIn,2,19,1,0,,
3.78,Top-tier,Humanities,South,0,4,2,Large,LinkedIn,8,5,0,0,,
3.07,Mid-tier,Business,South,2,0,4,Medium,LinkedIn,3,35,2,1,,
3.19,Mid-tier,Business,Midwest,1,1,6,Medium,Indeed,3,46,0,0,,
3.22,Lower-tier,Business,South,0,4,2,Large,LinkedIn,3,40,7,4,,
3.37,Top-tier,STEM,South,4,3,2,Large,Handshake,11,44,2,2,,
3.7,Lower-tier,Business,Northeast,0,2,4,Large,Handshake,1,9,2,1,,
3.75,Lower-tier,Humanities,Midwest,1,1,3,Large,LinkedIn,8,29,2,2,,
3.5,Lower-tier,Healthcare,South,2,2,5,Medium,LinkedIn,3,23,0,0,,
3.49,Lower-tier,Business,South,1,4,5,Large,LinkedIn,1,10,0,0,,
2.97,Mid-tier,Healthcare,Midwest,1,2,4,Medium,Indeed,4,22,2,1,,
2.88,Mid-tier,Business,West,0,3,7,Large,LinkedIn,6,57,3,1,,
3.46,Mid-tier,Humanities,Northeast,0,3,1,Large,Indeed,4,64,0,0,,
2.47,Top-tier,STEM,Midwest,2,1,3,Large,LinkedIn,6,57,4,1,,
2.91,Lower-tier,STEM,Northeast,1,0,3,Large,LinkedIn,8,108,4,0,,
3.33,Top-tier,Healthcare,West,3,1,4,Large,Handshake,10,78,4,3,,
2.92,Top-tier,Business,Midwest,1,2,3,Large,LinkedIn,12,94,5,2,,
3.67,Mid-tier,Humanities,West,3,0,3,Large,LinkedIn,2,5,0,0,,
4.0,Lower-tier,Healthcare,Northeast,1,3,1,Medium,Indeed,10,86,4,1,,
4.0,Mid-tier,Healthcare,South,4,0,0,Small,Handshake,12,84,5,1,,
3.14,Mid-tier,Humanities,Northeast,0,1,3,Medium,LinkedIn,11,106,3,2,,
3.18,Lower-tier,Humanities,Northeast,1,0,5,Medium,LinkedIn,2,17,1,0,,
3.89,Lower-tier,STEM,West,1,3,0,Medium,Indeed,3,42,0,0,,
2.96,Top-tier,Business,West,3,2,2,Large,LinkedIn,3,29,1,0,,
2.85,Lower-tier,Business,Midwest,1,3,3,Large,Handshake,7,24,1,0,,
3.92,Lower-tier,Healthcare,South,2,1,4,Medium,Indeed,9,130,1,1,,
2.83,Mid-tier,Healthcare,Northeast,0,3,3,Small,Handshake,7,21,1,0,,
2.87,Mid-tier,Business,South,2,2,3,Large,Handshake,11,93,3,3,,
3.32,Mid-tier,Humanities,Midwest,0,2,1,Small,LinkedIn,12,110,1,0,,
3.27,Mid-tier,Business,West,2,3,4,Large,LinkedIn,8,38,4,1,,
3.7,Mid-tier,Healthcare,Northeast,0,1,3,Large,Handshake,1,7,1,0,,
2.95,Mid-tier,STEM,Midwest,0,1,1,Large,Indeed,7,113,3,0,,
2.89,Mid-tier,Humanities,Midwest,1,3,4,Medium,Handshake,3,27,1,0,,
3.66,Lower-tier,STEM,South,0,1,2,Medium,Indeed,3,17,2,1,,
3.35,Mid-tier,Business,Northeast,3,0,2,Small,Indeed,7,81,2,2,,
3.03,Mid-tier,Business,South,0,1,3,Large,LinkedIn,2,15,0,0,,
2.81,Mid-tier,STEM,Northeast,0,0,4,Medium,LinkedIn,10,43,2,1,,
3.01,Top-tier,Business,South,1,0,1,Large,Handshake,6,42,5,2,,
2.73,Top-tier,STEM,Midwest,3,3,1,Large,Handshake,3,20,2,0,,
2.57,Mid-tier,Business,Northeast,1,2,1,Medium,LinkedIn,4,10,0,0,,
3.73,Mid-tier,Business,West,0,3,6,Large,LinkedIn,8,57,3,1,,
3.15,Lower-tier,Arts,Midwest,2,2,3,Medium,Handshake,8,18,0,0,,
2.9,Mid-tier,STEM,Midwest,4,1,5,Large,Handshake,12,52,2,2,,
3.37,Lower-tier,Business,South,2,3,3,Medium,LinkedIn,7,78,2,1,,
3.95,Lower-tier,Healthcare,South,0,2,5,Medium,Handshake,3,17,2,1,,
3.3,Mid-tier,STEM,Northeast,0,1,4,Medium,Indeed,2,15,0,0,,
3.24,Lower-tier,Arts,Midwest,0,2,5,Small,Handshake,3,10,0,0,,
3.56,Mid-tier,STEM,West,1,2,5,Medium,LinkedIn,4,40,1,0,,
3.74,Mid-tier,Arts,West,1,1,2,Medium,Handshake,8,34,2,2,,
2.82,Top-tier,Healthcare,Midwest,0,3,7,Large,LinkedIn,7,38,2,1,,
2.98,Mid-tier,Business,South,2,2,3,Large,Indeed,9,138,1,0,,
3.2,Lower-tier,STEM,South,0,2,1,Large,Indeed,12,104,1,0,,
3.97,Mid-tier,STEM,Midwest,2,1,2,Small,Handshake,4,9,2,1,,
3.21,Top-tier,Business,Midwest,0,3,2,Small,Handshake,5,35,2,2,,
3.45,Mid-tier,Arts,Midwest,4,2,1,Medium,LinkedIn,11,102,3,2,,
2.85,Lower-tier,Humanities,Northeast,1,1,3,Large,LinkedIn,10,103,3,1,,
2.66,Mid-tier,Humanities,Midwest,0,1,2,Medium,LinkedIn,7,73,0,0,,
2.82,Mid-tier,Business,South,0,4,0,Large,LinkedIn,11,126,3,0,,
2.95,Mid-tier,Business,Midwest,0,2,4,Medium,LinkedIn,8,68,4,2,,
3.17,Lower-tier,Healthcare,South,4,2,2,Medium,Handshake,7,33,2,2,,
2.8,Mid-tier,STEM,Midwest,1,0,5,Large,Handshake,7,5,2,2,,
3.01,Mid-tier,Arts,West,0,3,2,Large,Handshake,10,30,1,1,,
2.86,Lower-tier,Business,Northeast,1,2,0,Medium,Indeed,4,37,1,1,,
3.63,Lower-tier,STEM,South,0,3,3,Large,LinkedIn,10,96,6,3,,
3.62,Lower-tier,STEM,West,0,1,4,Large,Indeed,11,221,2,0,,
3.17,Mid-tier,Humanities,South,0,1,2,Large,LinkedIn,3,29,1,1,,
2.93,Mid-tier,Healthcare,Northeast,0,1,1,Medium,Indeed,7,67,1,1,,
3.16,Lower-tier,STEM,Midwest,1,6,5,Small,LinkedIn,1,11,1,0,,
3.52,Lower-tier,STEM,Northeast,0,3,3,Large,Indeed,4,46,0,0,,
3.5,Mid-tier,Arts,Midwest,0,1,6,Small,Handshake,12,52,2,1,,
3.38,Lower-tier,Humanities,Midwest,1,2,2,Medium,Handshake,9,55,2,1,,
3.45,Lower-tier,Healthcare,Midwest,0,2,2,Large,Indeed,8,124,2,1,,
3.29,Mid-tier,Business,West,2,0,3,Medium,LinkedIn,7,66,5,0,,
3.03,Mid-tier,STEM,West,0,3,5,Large,LinkedIn,9,54,4,1,,
2.82,Mid-tier,STEM,Midwest,1,2,4,Medium,Indeed,7,138,1,1,,
2.9,Lower-tier,Business,West,1,1,3,Small,LinkedIn,4,51,1,0,,
2.83,Top-tier,Business,Northeast,1,1,2,Medium,Handshake,2,10,2,2,,
3.38,Lower-tier,STEM,West,0,3,0,Large,Handshake,7,32,2,0,,
3.63,Mid-tier,Business,Midwest,0,2,1,Large,Handshake,6,15,0,0,,
3.34,Top-tier,Business,Northeast,0,1,3,Medium,LinkedIn,9,75,2,2,,
3.44,Mid-tier,Business,South,1,2,1,Medium,LinkedIn,3,45,1,0,,
2.88,Lower-tier,STEM,West,0,2,2,Large,LinkedIn,3,41,4,3,,
3.61,Top-tier,STEM,West,0,1,6,Medium,Handshake,10,93,2,1,,
3.46,Mid-tier,Humanities,South,1,3,3,Small,Handshake,9,73,7,2,,
3.27,Lower-tier,Business,Northeast,1,0,3,Large,Handshake,10,58,2,1,,
3.38,Mid-tier,Business,Midwest,0,2,2,Medium,Handshake,2,13,2,2,,
3.23,Mid-tier,Business,West,2,1,2,Large,LinkedIn,11,100,6,1,,
2.85,Top-tier,STEM,Midwest,0,2,3,Large,Handshake,12,90,8,3,,
3.26,Lower-tier,Humanities,South,0,1,4,Medium,Handshake,9,22,2,0,,
3.32,Lower-tier,STEM,West,1,0,1,Medium,Handshake,10,65,3,0,,
2.99,Top-tier,STEM,South,2,1,3,Large,LinkedIn,6,65,3,1,,
3.37,Top-tier,Humanities,South,2,2,3,Small,Handshake,3,12,2,1,,
3.43,Lower-tier,Business,West,2,2,7,Large,Handshake,11,73,5,1,,
2.93,Top-tier,Healthcare,Midwest,0,2,3,Medium,LinkedIn,2,14,0,0,,
2.7,Lower-tier,STEM,West,0,0,4,Medium,LinkedIn,5,20,0,0,,
3.21,Top-tier,Humanities,South,1,3,3,Small,Indeed,6,50,1,0,,
2.8,Lower-tier,STEM,South,0,0,1,Medium,Indeed,8,146,1,0,,
3.28,Mid-tier,STEM,Northeast,2,4,3,Large,Handshake,6,38,2,1,,
2.68,Mid-tier,STEM,Northeast,0,4,2,Medium,Indeed,11,139,6,4,,
3.13,Mid-tier,STEM,West,0,2,4,Medium,Handshake,6,47,4,1,,
2.21,Mid-tier,STEM,Midwest,2,2,1,Large,LinkedIn,8,8,2,1,,
3.15,Mid-tier,Humanities,Midwest,2,1,2,Small,Handshake,11,77,8,2,,
3.61,Mid-tier,STEM,South,1,1,3,Small,Handshake,3,18,1,1,,
3.07,Top-tier,STEM,Northeast,2,1,0,Large,LinkedIn,7,52,2,0,,
2.5,Lower-tier,STEM,Midwest,2,0,5,Medium,Indeed,10,220,11,10,,
2.84,Lower-tier,STEM,Northeast,2,2,7,Medium,Handshake,1,5,2,1,,
3.14,Mid-tier,Business,Midwest,2,2,3,Large,LinkedIn,1,7,2,2,,
2.89,Mid-tier,Business,Northeast,2,5,2,Large,Indeed,10,173,1,1,,
2.8,Mid-tier,STEM,Midwest,1,1,3,Medium,Handshake,4,10,0,0,,
3.63,Mid-tier,STEM,South,3,1,4,Medium,Handshake,3,5,1,0,,
2.92,Mid-tier,Healthcare,Midwest,3,2,4,Medium,LinkedIn,10,81,5,5,,
3.67,Lower-tier,STEM,West,0,2,4,Medium,Indeed,7,67,0,0,,
3.04,Mid-tier,Business,Midwest,0,3,1,Large,Handshake,7,47,5,1,,
2.94,Mid-tier,STEM,Midwest,3,2,5,Large,Handshake,10,20,2,1,,
2.7,Mid-tier,STEM,Northeast,3,6,4,Large,LinkedIn,3,6,2,1,,
3.36,Top-tier,STEM,South,1,4,6,Small,LinkedIn,5,59,6,3,,
3.3,Lower-tier,Business,West,2,3,4,Large,LinkedIn,7,113,3,2,,
3.75,Mid-tier,STEM,Midwest,0,0,4,Medium,LinkedIn,3,30,3,2,,
3.36,Mid-tier,STEM,South,0,0,1,Large,LinkedIn,1,8,0,0,,
2.82,Lower-tier,Humanities,South,0,1,1,Large,LinkedIn,11,100,3,1,,
3.65,Top-tier,STEM,Midwest,2,0,3,Medium,LinkedIn,10,105,2,1,,
3.09,Mid-tier,Business,South,0,2,2,Medium,Handshake,3,22,3,0,,
2.69,Lower-tier,Business,West,0,3,4,Medium,Handshake,1,5,1,0,,
2.92,Mid-tier,Business,Midwest,3,0,6,Medium,Handshake,11,38,2,2,,
3.16,Lower-tier,Business,Midwest,2,0,2,Large,Handshake,3,24,2,2,,
2.81,Mid-tier,STEM,Northeast,2,3,5,Medium,Handshake,6,37,4,1,,
3.02,Lower-tier,Business,Northeast,0,4,1,Small,Indeed,1,15,1,0,,
3.89,Mid-tier,Healthcare,Northeast,0,3,5,Small,Handshake,9,58,2,1,,
3.07,Lower-tier,STEM,Midwest,1,1,4,Large,Indeed,10,150,2,1,,
3.35,Mid-tier,Business,Northeast,2,2,3,Medium,LinkedIn,4,44,1,1,,
3.39,Top-tier,STEM,South,0,2,1,Medium,Handshake,8,40,3,3,,
2.99,Mid-tier,Business,South,1,5,1,Small,LinkedIn,3,35,0,0,,
3.77,Mid-tier,Humanities,Northeast,3,2,2,Medium,LinkedIn,5,33,2,2,,
3.43,Lower-tier,Healthcare,Northeast,0,0,4,Medium,LinkedIn,12,146,8,3,,
3.32,Lower-tier,STEM,Northeast,0,0,2,Large,Indeed,10,130,1,0,,
3.33,Mid-tier,Business,Midwest,1,2,3,Large,Handshake,1,8,0,0,,
2.53,Lower-tier,STEM,Northeast,2,1,8,Medium,LinkedIn,3,19,0,0,,
2.7,Mid-tier,Arts,West,1,3,2,Small,Indeed,1,13,2,2,,
3.37,Lower-tier,STEM,West,0,3,3,Medium,Handshake,11,25,2,1,,
3.37,Mid-tier,Business,West,1,3,3,Medium,LinkedIn,3,5,0,0,,
3.41,Mid-tier,Humanities,South,0,1,3,Large,LinkedIn,5,47,1,0,,
2.68,Lower-tier,Humanities,West,1,3,1,Large,Indeed,3,28,2,1,,
2.83,Top-tier,Healthcare,West,4,0,4,Large,Handshake,2,6,1,0,,
2.6,Mid-tier,Business,South,0,1,5,Medium,LinkedIn,10,81,4,4,,
2.47,Lower-tier,Humanities,South,0,2,5,Large,Indeed,4,32,0,0,,
3.17,Mid-tier,Business,Midwest,2,2,1,Medium,Handshake,5,48,4,1,,
3.92,Mid-tier,STEM,South,0,2,4,Small,Handshake,7,50,2,1,,
3.15,Lower-tier,Humanities,South,0,1,1,Small,Indeed,11,201,4,2,,
3.08,Lower-tier,Humanities,South,0,0,7,Large,Indeed,4,55,0,0,,
2.97,Lower-tier,STEM,Northeast,1,4,3,Small,Handshake,7,61,4,2,,
3.47,Mid-tier,Healthcare,South,1,1,1,Medium,Indeed,4,94,3,1,,
3.25,Mid-tier,Business,Midwest,4,3,2,Large,Indeed,10,148,8,1,,
2.98,Mid-tier,Humanities,South,0,2,2,Large,LinkedIn,9,111,3,2,,
3.16,Lower-tier,STEM,West,1,2,1,Large,LinkedIn,12,20,2,1,,
4.0,Lower-tier,Humanities,Northeast,1,3,0,Large,LinkedIn,4,25,0,0,,
2.79,Lower-tier,STEM,West,0,1,6,Medium,Indeed,9,120,0,0,,
3.01,Lower-tier,Humanities,Midwest,0,3,2,Large,LinkedIn,6,56,1,0,,
3.97,Mid-tier,Business,South,0,4,2,Large,Handshake,5,15,3,0,,
3.16,Mid-tier,Business,West,0,1,5,Medium,Handshake,3,9,0,0,,
2.98,Lower-tier,Humanities,South,0,2,4,Medium,LinkedIn,5,45,1,1,,
3.92,Lower-tier,Healthcare,Midwest,0,2,1,Large,Handshake,6,38,5,2,,
3.15,Lower-tier,STEM,South,1,1,4,Medium,Handshake,7,18,3,0,,
3.45,Lower-tier,Business,West,0,3,3,Large,LinkedIn,12,166,4,2,,
3.07,Lower-tier,Business,South,0,3,5,Medium,LinkedIn,10,91,3,3,,
3.38,Mid-tier,Healthcare,Midwest,1,4,2,Large,Handshake,4,26,0,0,,
3.64,Mid-tier,Humanities,Midwest,2,4,8,Medium,LinkedIn,7,103,6,2,,
3.28,Mid-tier,Arts,Midwest,0,1,3,Large,LinkedIn,8,61,4,1,,
2.7,Mid-tier,Healthcare,South,0,4,8,Large,Handshake,12,100,13,6,,
2.68,Mid-tier,Healthcare,Northeast,0,1,2,Small,Indeed,2,26,0,0,,
3.35,Mid-tier,Business,Northeast,2,1,4,Large,LinkedIn,3,22,2,2,,
3.01,Mid-tier,STEM,Northeast,3,0,2,Medium,Indeed,8,100,2,1,,
3.36,Lower-tier,Humanities,South,2,1,3,Small,Handshake,12,10,2,1,,
3.23,Mid-tier,STEM,Midwest,0,1,2,Large,Indeed,9,120,0,0,,
3.25,Lower-tier,Business,Midwest,4,2,2,Medium,Handshake,6,25,2,2,,
3.38,Top-tier,Business,Midwest,3,2,3,Large,LinkedIn,10,113,2,2,,
2.75,Top-tier,STEM,Midwest,4,5,3,Large,Indeed,5,61,3,1,,
3.39,Top-tier,STEM,Northeast,2,4,3,Large,LinkedIn,8,40,2,2,,
3.73,Lower-tier,Business,Midwest,1,1,1,Medium,LinkedIn,11,99,4,2,,
3.1,Mid-tier,STEM,Northeast,0,4,2,Medium,Handshake,5,39,2,1,,
2.8,Lower-tier,Business,Midwest,0,2,4,Large,Indeed,3,51,0,0,,
3.97,Mid-tier,STEM,Northeast,4,1,1,Medium,LinkedIn,1,8,2,1,,
3.48,Lower-tier,Business,Northeast,3,0,1,Large,LinkedIn,8,86,4,1,,
2.52,Top-tier,Healthcare,Midwest,1,3,3,Large,LinkedIn,11,66,2,2,,
2.85,Top-tier,STEM,West,1,1,1,Large,LinkedIn,2,14,1,0,,
3.01,Lower-tier,Healthcare,Northeast,0,1,3,Medium,LinkedIn,6,51,2,0,,
3.25,Lower-tier,Business,Midwest,2,2,5,Large,Handshake,2,5,1,1,,
3.26,Lower-tier,Healthcare,Northeast,0,3,3,Medium,Indeed,6,85,0,0,,
3.1,Mid-tier,STEM,South,5,0,5,Large,Handshake,8,37,2,1,,
3.3,Lower-tier,Healthcare,Midwest,0,3,1,Medium,Indeed,5,63,0,0,,
3.17,Mid-tier,Healthcare,Northeast,0,2,2,Small,Indeed,8,148,1,0,,
3.77,Mid-tier,STEM,Midwest,3,5,3,Large,LinkedIn,6,52,2,0,,
3.6,Mid-tier,Business,West,3,3,1,Large,Indeed,1,16,0,0,,
3.31,Lower-tier,STEM,Northeast,2,2,2,Large,Indeed,10,230,3,2,,
3.38,Mid-tier,STEM,Midwest,2,0,3,Medium,Indeed,5,90,3,1,,
3.16,Lower-tier,Business,South,2,2,2,Small,Handshake,4,10,2,2,,
3.35,Lower-tier,STEM,West,4,1,1,Medium,Handshake,11,31,2,1,,
3.21,Mid-tier,Business,West,1,2,2,Medium,Indeed,3,35,2,2,,
3.38,Lower-tier,Healthcare,South,1,0,0,Medium,Indeed,11,205,0,0,,
3.9,Top-tier,Healthcare,West,0,3,2,Medium,Handshake,1,5,0,0,,
3.41,Mid-tier,STEM,Midwest,0,1,3,Small,Handshake,10,98,13,2,,
2.69,Mid-tier,Business,West,1,4,3,Medium,LinkedIn,12,108,6,3,,
2.71,Lower-tier,Humanities,Northeast,3,3,3,Large,Handshake,11,60,6,2,,
3.46,Lower-tier,Healthcare,West,0,2,3,Large,LinkedIn,1,6,2,2,,
3.57,Lower-tier,Business,Northeast,0,1,3,Large,LinkedIn,10,88,3,0,,
3.31,Top-tier,Healthcare,Northeast,1,5,4,Large,LinkedIn,11,82,5,3,,
2.36,Mid-tier,Business,Midwest,0,1,1,Medium,LinkedIn,4,42,4,2,,
2.96,Lower-tier,Healthcare,Midwest,2,1,2,Medium,LinkedIn,11,49,2,1,,
2.48,Lower-tier,STEM,Midwest,0,1,1,Large,Handshake,4,20,3,2,,
3.45,Mid-tier,STEM,Midwest,0,1,5,Small,Handshake,8,34,3,1,,
3.5,Mid-tier,Business,South,2,3,1,Large,Indeed,8,81,2,0,,
3.13,Mid-tier,STEM,Northeast,0,6,3,Medium,Handshake,4,18,1,0,,
3.2,Mid-tier,STEM,Northeast,4,2,4,Small,LinkedIn,5,36,2,2,,
3.75,Mid-tier,Healthcare,South,0,5,4,Medium,LinkedIn,2,12,0,0,,
2.81,Lower-tier,Humanities,Northeast,2,1,4,Small,Handshake,1,6,1,0,,
3.96,Mid-tier,Healthcare,Midwest,0,2,6,Medium,Handshake,6,39,4,0,,
3.63,Mid-tier,STEM,West,4,2,5,Large,Indeed,5,36,0,0,,
3.99,Mid-tier,STEM,West,1,3,5,Medium,Indeed,1,13,2,2,,
3.54,Lower-tier,Business,Midwest,0,1,3,Medium,Handshake,9,22,0,0,,
3.62,Lower-tier,STEM,Midwest,1,1,2,Large,Handshake,6,29,1,0,,
3.23,Lower-tier,STEM,Northeast,0,4,3,Small,Handshake,4,16,1,1,,
2.78,Mid-tier,Humanities,South,1,1,2,Medium,LinkedIn,2,5,1,0,,
3.94,Lower-tier,STEM,West,3,3,2,Small,Handshake,8,69,3,2,,
3.1,Lower-tier,Business,South,1,1,3,Large,LinkedIn,5,81,4,2,,
3.02,Lower-tier,Business,Northeast,0,3,3,Large,Handshake,4,11,1,0,,
2.91,Mid-tier,Business,South,3,3,2,Medium,LinkedIn,9,94,3,0,,
3.85,Mid-tier,Business,West,0,1,4,Medium,LinkedIn,9,103,4,1,,
2.78,Lower-tier,STEM,South,0,4,2,Large,Indeed,8,74,1,0,,
3.05,Lower-tier,Business,South,2,2,4,Large,LinkedIn,8,5,0,0,,
3.57,Mid-tier,Arts,Northeast,2,2,4,Large,Handshake,8,16,0,0,,
2.32,Mid-tier,Business,Northeast,1,4,4,Small,Handshake,11,67,5,3,,
3.0,Top-tier,STEM,Northeast,2,3,2,Large,LinkedIn,1,5,2,1,,
3.45,Top-tier,Business,West,3,3,4,Medium,Handshake,9,75,2,1,,
3.42,Top-tier,Humanities,West,1,0,0,Large,LinkedIn,6,61,4,0,,
3.37,Mid-tier,Business,Northeast,3,4,2,Small,Indeed,2,28,0,0,,
3.47,Lower-tier,STEM,South,1,1,2,Medium,Indeed,1,10,0,0,,
3.66,Top-tier,Healthcare,South,1,1,2,Large,LinkedIn,10,5,0,0,,
3.81,Mid-tier,Humanities,Midwest,0,0,3,Large,Indeed,7,26,0,0,,
3.52,Lower-tier,STEM,South,1,4,1,Large,LinkedIn,8,60,1,0,,
2.64,Mid-tier,STEM,South,1,3,2,Medium,LinkedIn,2,16,2,1,,
3.16,Lower-tier,Healthcare,Northeast,0,1,2,Small,Handshake,7,23,2,1,,
3.79,Top-tier,Business,South,1,1,5,Large,LinkedIn,4,55,2,0,,
4.0,Mid-tier,Business,Northeast,1,1,2,Small,LinkedIn,1,11,0,0,,
3.11,Mid-tier,Healthcare,South,3,1,3,Medium,Indeed,4,69,0,0,,
3.81,Lower-tier,Humanities,South,3,5,3,Medium,Indeed,4,38,0,0,,
3.62,Lower-tier,Healthcare,South,0,2,3,Medium,LinkedIn,10,141,5,0,,
3.97,Top-tier,Business,South,0,5,2,Medium,LinkedIn,7,60,2,1,,
2.67,Mid-tier,STEM,Northeast,4,2,5,Large,Indeed,5,70,4,3,,
3.29,Mid-tier,Humanities,Northeast,2,1,1,Small,Handshake,10,80,4,1,,
2.62,Top-tier,Business,Northeast,1,0,5,Medium,Handshake,2,18,2,1,,
2.86,Lower-tier,STEM,Midwest,3,1,3,Small,LinkedIn,5,45,5,1,,
3.65,Mid-tier,STEM,Northeast,1,2,4,Large,LinkedIn,11,47,1,0,,
3.38,Mid-tier,Business,Midwest,0,5,0,Large,Indeed,3,34,0,0,,
3.44,Mid-tier,Business,Midwest,2,3,4,Medium,LinkedIn,11,128,6,1,,
3.79,Lower-tier,Business,West,5,1,5,Medium,LinkedIn,4,44,2,1,,
2.99,Mid-tier,Business,Midwest,0,3,0,Medium,Indeed,8,96,0,0,,
3.71,Mid-tier,Humanities,Midwest,0,2,4,Medium,Handshake,3,9,1,1,,
2.37,Lower-tier,STEM,Northeast,1,1,1,Medium,LinkedIn,12,92,2,2,,
3.8,Lower-tier,Healthcare,Midwest,1,3,2,Medium,Handshake,1,5,2,1,,
3.43,Mid-tier,Humanities,South,0,0,5,Small,Handshake,5,15,0,0,,
3.58,Mid-tier,Healthcare,Northeast,2,1,3,Medium,Handshake,2,7,0,0,,
3.62,Lower-tier,Humanities,South,1,1,5,Medium,LinkedIn,12,98,8,1,,
3.33,Lower-tier,Business,Midwest,2,3,2,Large,LinkedIn,11,108,3,1,,
2.94,Lower-tier,Humanities,Midwest,1,5,5,Large,Handshake,7,33,4,2,,
3.25,Lower-tier,Humanities,South,1,0,0,Medium,Handshake,5,26,2,1,,
3.29,Mid-tier,Business,Midwest,2,2,0,Medium,Handshake,2,17,2,1,,
3.74,Mid-tier,Business,Northeast,2,0,1,Medium,LinkedIn,6,50,2,1,,
2.99,Mid-tier,Business,Northeast,0,3,1,Medium,LinkedIn,9,72,5,2,,
3.06,Mid-tier,STEM,Northeast,1,2,4,Large,Handshake,7,57,4,0,,
2.48,Mid-tier,Business,South,1,3,0,Large,LinkedIn,2,17,2,2,,
3.67,Mid-tier,STEM,South,1,3,1,Small,Handshake,10,55,2,2,,
2.42,Mid-tier,Humanities,South,2,0,2,Large,Handshake,10,51,6,1,,
3.32,Mid-tier,Business,Midwest,1,3,1,Large,Indeed,8,104,3,3,,
2.97,Mid-tier,STEM,Midwest,0,3,4,Medium,LinkedIn,2,12,0,0,,
3.29,Mid-tier,Humanities,Midwest,1,2,4,Large,Indeed,2,38,0,0,,
2.73,Top-tier,Business,South,2,1,7,Large,LinkedIn,7,61,2,1,,
2.98,Lower-tier,STEM,Midwest,0,0,3,Medium,LinkedIn,4,32,0,0,,
3.38,Mid-tier,STEM,Northeast,1,4,5,Medium,Indeed,11,174,4,1,,
3.07,Lower-tier,Business,South,2,1,5,Large,LinkedIn,5,73,4,4,,
2.87,Mid-tier,STEM,Midwest,3,3,2,Medium,LinkedIn,12,54,0,0,,
3.07,Top-tier,Business,Midwest,2,4,3,Medium,Indeed,7,65,3,2,,
3.43,Mid-tier,Business,Midwest,2,2,3,Medium,LinkedIn,7,72,4,1,,
2.58,Mid-tier,Arts,South,1,2,4,Small,Indeed,7,112,0,0,,
3.22,Lower-tier,Healthcare,South,3,2,2,Small,LinkedIn,9,96,4,1,,
3.48,Mid-tier,STEM,West,0,4,4,Large,Handshake,8,26,4,0,,
3.99,Lower-tier,Healthcare,Midwest,2,1,1,Small,Handshake,8,54,5,1,,
3.48,Lower-tier,STEM,West,4,1,6,Medium,Indeed,7,103,1,0,,
2.83,Mid-tier,Business,South,0,4,4,Large,Handshake,9,84,7,3,,
3.75,Top-tier,Healthcare,West,0,4,5,Small,Handshake,2,5,0,0,,
3.45,Mid-tier,Humanities,South,2,3,5,Medium,Handshake,2,18,2,2,,
2.65,Lower-tier,Arts,Northeast,1,1,3,Small,Handshake,6,29,3,1,,
3.35,Mid-tier,STEM,Northeast,0,1,4,Large,Indeed,4,36,0,0,,
2.68,Lower-tier,Business,Midwest,1,1,2,Large,Handshake,1,5,0,0,,
2.97,Lower-tier,STEM,Northeast,0,0,3,Medium,Indeed,10,86,2,1,,
3.94,Top-tier,Business,Northeast,1,2,0,Medium,LinkedIn,1,13,0,0,,
3.88,Mid-tier,STEM,West,1,2,2,Medium,LinkedIn,9,85,4,1,,
2.75,Lower-tier,STEM,Midwest,4,3,4,Medium,LinkedIn,5,57,3,1,,
2.79,Mid-tier,Business,Midwest,0,0,3,Large,LinkedIn,8,37,1,1,,
2.77,Top-tier,STEM,Midwest,3,1,2,Large,Handshake,11,5,2,2,,
2.97,Mid-tier,Business,South,0,2,2,Small,LinkedIn,7,44,2,0,,
3.53,Top-tier,Humanities,Northeast,1,1,1,Medium,Indeed,5,88,3,1,,
2.56,Mid-tier,STEM,Midwest,1,3,1,Large,Indeed,9,72,0,0,,
3.56,Lower-tier,Healthcare,South,1,1,3,Small,Handshake,1,5,2,2,,
3.04,Lower-tier,Healthcare,West,0,0,3,Medium,Indeed,10,140,1,1,,
3.81,Lower-tier,STEM,West,1,3,2,Medium,Indeed,7,56,2,1,,
3.51,Mid-tier,STEM,Midwest,2,1,2,Large,LinkedIn,7,107,4,2,,
3.7,Lower-tier,STEM,South,1,2,4,Large,Handshake,4,25,2,0,,
3.62,Mid-tier,Arts,Northeast,0,3,5,Small,Indeed,9,145,1,1,,
3.26,Top-tier,Arts,South,3,1,2,Medium,LinkedIn,9,90,5,3,,
2.55,Mid-tier,Humanities,Midwest,1,4,1,Medium,Handshake,11,143,9,3,,
3.36,Mid-tier,STEM,Northeast,3,2,4,Large,Indeed,6,77,1,0,,
2.37,Lower-tier,Humanities,West,2,1,2,Medium,LinkedIn,11,62,4,3,,
3.15,Lower-tier,Business,Midwest,1,1,2,Small,Handshake,6,31,1,1,,
2.88,Lower-tier,Business,South,2,1,0,Large,LinkedIn,9,7,2,1,,
3.87,Mid-tier,Humanities,Northeast,1,2,4,Medium,Handshake,4,16,3,2,,
3.37,Top-tier,STEM,West,2,0,2,Medium,LinkedIn,4,26,2,1,,
3.39,Mid-tier,Humanities,South,0,1,6,Large,Handshake,5,11,2,2,,
3.09,Lower-tier,Healthcare,Northeast,0,0,2,Medium,LinkedIn,8,68,5,0,,
3.25,Top-tier,Humanities,West,1,2,4,Large,LinkedIn,4,22,0,0,,
3.53,Lower-tier,Arts,South,1,5,2,Medium,Handshake,5,27,2,2,,
2.73,Lower-tier,Humanities,Northeast,0,1,4,Small,Indeed,11,174,1,1,,
3.18,Mid-tier,STEM,Midwest,0,1,2,Small,Handshake,7,24,2,2,,
2.87,Lower-tier,STEM,West,0,6,1,Medium,Indeed,10,186,1,1,,
2.92,Lower-tier,Business,West,1,2,1,Large,Handshake,1,6,2,2,,
2.33,Lower-tier,Business,West,2,0,4,Medium,LinkedIn,2,11,1,1,,
3.11,Lower-tier,STEM,Northeast,1,5,4,Large,LinkedIn,4,14,0,0,,
3.65,Top-tier,Business,Midwest,3,2,4,Small,Handshake,10,58,2,2,,
3.18,Top-tier,Healthcare,Midwest,3,3,3,Small,Indeed,4,24,0,0,,
2.68,Lower-tier,STEM,Midwest,1,1,2,Small,Handshake,1,5,0,0,,
2.35,Top-tier,Business,Northeast,1,0,5,Large,LinkedIn,10,43,1,0,,
3.23,Lower-tier,Business,West,0,1,4,Large,Handshake,1,5,0,0,,
3.38,Mid-tier,Business,Midwest,1,2,4,Medium,LinkedIn,4,28,1,0,,
2.96,Lower-tier,STEM,South,1,3,4,Large,LinkedIn,6,28,2,1,,
2.41,Lower-tier,STEM,West,2,1,5,Medium,LinkedIn,11,115,5,3,,
2.73,Lower-tier,STEM,Midwest,1,2,1,Large,Indeed,1,14,0,0,,
3.01,Lower-tier,Business,Northeast,3,3,3,Large,LinkedIn,6,64,1,0,,
2.67,Mid-tier,STEM,West,3,2,4,Small,Handshake,11,53,2,0,,
3.34,Mid-tier,Arts,Northeast,1,2,2,Medium,Handshake,9,43,5,1,,
4.0,Mid-tier,Healthcare,Northeast,1,0,3,Large,LinkedIn,9,102,2,2,,
3.04,Mid-tier,Business,South,2,0,4,Medium,LinkedIn,3,28,1,0,,
3.57,Top-tier,Humanities,South,0,1,2,Medium,LinkedIn,5,27,4,1,,
2.68,Mid-tier,STEM,South,0,2,4,Large,LinkedIn,11,132,1,0,,
2.97,Lower-tier,Healthcare,Midwest,2,0,3,Medium,Handshake,5,21,2,2,,
2.7,Mid-tier,Humanities,Northeast,0,3,3,Medium,Indeed,7,116,0,0,,
3.02,Mid-tier,STEM,South,2,2,2,Large,Indeed,8,118,6,2,,
2.78,Lower-tier,Humanities,West,0,0,3,Large,Handshake,5,27,1,0,,
3.71,Lower-tier,STEM,Midwest,2,1,3,Large,Indeed,8,53,2,1,,
2.19,Mid-tier,Humanities,Northeast,2,0,3,Large,Indeed,1,8,1,0,,
3.76,Lower-tier,STEM,Northeast,0,1,1,Medium,Indeed,3,9,0,0,,
3.26,Lower-tier,STEM,South,1,2,2,Medium,Indeed,6,96,2,2,,
3.13,Lower-tier,STEM,South,0,5,5,Medium,Indeed,6,77,2,1,,
2.58,Lower-tier,Business,West,0,2,3,Large,Handshake,12,76,2,2,,
3.25,Mid-tier,Business,West,2,2,4,Large,Handshake,5,28,2,2,,
2.8,Lower-tier,Humanities,West,0,1,2,Small,LinkedIn,8,62,1,0,,
3.8,Lower-tier,Arts,West,1,2,6,Large,Indeed,8,5,0,0,,
3.38,Mid-tier,Healthcare,West,0,0,6,Medium,Handshake,1,5,0,0,,
3.64,Top-tier,Business,West,1,1,4,Large,LinkedIn,2,8,2,2,,
3.72,Lower-tier,Business,Northeast,3,4,3,Large,Handshake,4,29,2,2,,
2.66,Mid-tier,Healthcare,Northeast,2,1,7,Medium,LinkedIn,5,55,1,1,,
3.63,Top-tier,Healthcare,Northeast,2,0,3,Medium,Indeed,6,29,1,0,,
2.7,Mid-tier,STEM,Midwest,1,4,4,Medium,LinkedIn,1,5,0,0,,
3.09,Mid-tier,Healthcare,West,0,2,2,Large,Indeed,9,123,1,0,,
3.55,Mid-tier,Business,West,0,3,2,Medium,Handshake,6,23,1,0,,
4.0,Lower-tier,STEM,Northeast,0,5,3,Large,Handshake,6,9,0,0,,
3.46,Lower-tier,Business,South,1,5,4,Medium,Handshake,3,15,0,0,,
2.88,Mid-tier,Business,Northeast,3,2,3,Medium,Handshake,8,41,3,2,,
3.44,Mid-tier,STEM,West,1,3,6,Small,Indeed,2,38,2,1,,
3.24,Mid-tier,Humanities,Northeast,0,2,3,Medium,LinkedIn,11,99,4,1,,
3.82,Top-tier,Business,Northeast,1,2,3,Large,Handshake,3,10,2,2,,
2.36,Mid-tier,Arts,Northeast,0,2,5,Large,LinkedIn,10,78,2,1,,
3.6,Mid-tier,STEM,West,1,3,6,Small,Indeed,1,19,2,2,,
3.15,Mid-tier,Business,South,0,5,4,Medium,Indeed,6,81,3,3,,
3.7,Mid-tier,Healthcare,South,1,2,2,Medium,Indeed,11,220,8,1,,
3.78,Top-tier,STEM,West,2,2,5,Small,LinkedIn,6,40,2,1,,
2.9,Lower-tier,Humanities,Northeast,0,2,3,Small,Handshake,1,5,2,1,,
2.49,Mid-tier,STEM,Midwest,1,3,3,Large,LinkedIn,10,110,1,0,,
3.18,Lower-tier,STEM,South,1,2,7,Large,Handshake,10,45,4,2,,
3.43,Mid-tier,Business,South,1,2,6,Large,Indeed,11,199,2,0,,
3.03,Top-tier,STEM,Midwest,0,0,1,Medium,Handshake,6,17,2,1,,
2.89,Lower-tier,Business,West,1,2,6,Medium,LinkedIn,8,81,4,2,,
2.87,Lower-tier,Arts,West,1,2,2,Large,LinkedIn,7,28,0,0,,
3.82,Top-tier,STEM,Midwest,1,1,3,Small,Indeed,12,266,11,5,,
2.37,Mid-tier,Business,West,3,2,1,Medium,LinkedIn,12,94,2,0,,
3.26,Top-tier,Humanities,Northeast,1,3,2,Large,LinkedIn,3,18,2,2,,
2.83,Mid-tier,Healthcare,South,2,1,1,Small,Handshake,4,46,3,0,,
3.03,Mid-tier,STEM,Northeast,1,1,2,Large,Handshake,5,27,0,0,,
2.71,Lower-tier,STEM,Northeast,1,2,1,Large,Indeed,5,110,0,0,,
3.66,Mid-tier,Business,Northeast,0,1,3,Medium,Indeed,9,120,2,0,,
3.91,Lower-tier,Humanities,West,1,4,3,Medium,Handshake,7,47,2,1,,
3.39,Lower-tier,Arts,Northeast,0,3,2,Large,LinkedIn,12,104,5,3,,
4.0,Mid-tier,Humanities,Midwest,1,1,3,Medium,Indeed,9,141,4,4,,
3.92,Mid-tier,Healthcare,West,3,3,1,Medium,LinkedIn,7,85,3,2,,
3.71,Lower-tier,Business,Midwest,2,1,3,Medium,Indeed,6,62,3,2,,
3.17,Mid-tier,Business,Northeast,2,5,4,Large,Indeed,1,17,0,0,,
3.47,Lower-tier,STEM,Northeast,1,2,7,Large,Handshake,6,7,2,2,,
3.88,Mid-tier,Business,West,2,0,3,Large,LinkedIn,1,17,0,0,,
3.34,Top-tier,Healthcare,Midwest,0,2,4,Medium,Indeed,5,120,3,1,,
2.77,Lower-tier,Arts,Midwest,2,5,1,Small,Handshake,12,5,2,0,,
3.59,Lower-tier,Business,South,3,2,4,Medium,LinkedIn,9,22,2,2,,
2.95,Top-tier,STEM,Midwest,5,3,3,Medium,Handshake,1,5,2,2,,
3.35,Lower-tier,Humanities,Midwest,2,1,1,Medium,LinkedIn,10,53,1,1,,
3.16,Top-tier,Business,Midwest,4,5,4,Large,Indeed,11,66,2,1,,
2.8,Mid-tier,Healthcare,South,0,2,1,Large,Indeed,4,64,3,1,,
3.38,Mid-tier,Healthcare,South,2,1,3,Large,Indeed,7,115,1,0,,
3.23,Mid-tier,Humanities,Midwest,0,1,2,Large,Indeed,9,199,2,0,,
3.54,Top-tier,STEM,Northeast,3,1,1,Medium,Handshake,11,89,8,2,,
3.06,Top-tier,Healthcare,West,3,3,2,Large,LinkedIn,4,25,2,1,,
2.97,Mid-tier,Business,South,0,7,3,Small,LinkedIn,8,88,2,1,,
3.49,Lower-tier,STEM,Midwest,0,7,4,Medium,LinkedIn,6,49,3,1,,
3.83,Mid-tier,STEM,Midwest,0,2,3,Large,Indeed,11,161,2,0,,
3.57,Mid-tier,Arts,Northeast,2,3,3,Medium,Handshake,4,34,4,3,,
2.9,Lower-tier,Business,South,1,2,3,Large,Indeed,6,107,0,0,,
2.92,Lower-tier,Business,Midwest,0,6,2,Medium,Indeed,11,273,4,1,,
3.95,Lower-tier,Humanities,Midwest,2,1,3,Large,Handshake,10,66,2,2,,
3.23,Top-tier,Business,South,1,2,1,Small,LinkedIn,3,19,0,0,,
3.46,Mid-tier,STEM,Northeast,1,1,2,Medium,LinkedIn,8,60,4,4,,
2.78,Mid-tier,Healthcare,Midwest,1,1,2,Medium,Handshake,5,7,0,0,,
3.2,Mid-tier,STEM,South,1,1,3,Large,LinkedIn,2,15,1,0,,
3.4,Mid-tier,STEM,South,3,1,1,Large,LinkedIn,3,33,4,1,,
3.61,Mid-tier,STEM,West,0,1,2,Small,LinkedIn,1,8,0,0,,
2.86,Mid-tier,Business,Northeast,1,3,1,Small,LinkedIn,11,119,2,1,,
3.2,Mid-tier,STEM,West,0,1,1,Medium,Indeed,2,21,1,0,,
3.36,Lower-tier,Healthcare,South,0,0,4,Large,Handshake,7,47,6,1,,
2.98,Mid-tier,STEM,West,2,2,1,Medium,LinkedIn,12,56,0,0,,
3.38,Top-tier,STEM,Northeast,1,5,0,Large,Handshake,11,20,0,0,,
3.18,Mid-tier,Business,Midwest,1,2,5,Large,LinkedIn,3,31,2,2,,
2.66,Mid-tier,Business,West,1,2,5,Medium,Indeed,6,64,0,0,,
2.97,Mid-tier,STEM,Northeast,1,2,2,Medium,Handshake,7,36,2,1,,
3.62,Mid-tier,STEM,South,3,0,3,Large,Handshake,2,11,1,1,,
2.87,Mid-tier,STEM,Northeast,3,3,3,Medium,Indeed,8,65,3,2,,
3.68,Mid-tier,Business,South,2,2,1,Medium,Indeed,2,26,0,0,,
3.12,Mid-tier,Business,Midwest,1,2,4,Medium,LinkedIn,9,51,2,0,,
3.35,Mid-tier,Business,South,2,2,4,Large,LinkedIn,7,61,1,0,,
3.66,Mid-tier,Arts,Midwest,0,1,2,Large,Indeed,8,138,1,1,,
3.67,Lower-tier,Humanities,Midwest,2,1,4,Large,LinkedIn,9,61,2,1,,
2.61,Lower-tier,Business,West,3,2,3,Large,LinkedIn,2,19,2,1,,
3.2,Mid-tier,Healthcare,West,2,0,1,Medium,LinkedIn,2,33,0,0,,
2.96,Mid-tier,STEM,Northeast,0,2,5,Medium,LinkedIn,8,53,0,0,,
3.57,Mid-tier,STEM,West,0,3,3,Large,Handshake,9,79,10,2,,
2.99,Mid-tier,Humanities,Northeast,0,3,3,Large,Handshake,8,18,0,0,,
3.47,Mid-tier,Humanities,South,1,2,4,Small,Handshake,6,29,2,2,,
3.49,Mid-tier,STEM,Midwest,0,0,4,Small,Handshake,7,5,0,0,,
3.96,Top-tier,Business,West,2,1,3,Small,LinkedIn,8,48,2,1,,
2.81,Mid-tier,Business,West,1,0,4,Medium,LinkedIn,8,58,3,1,,
3.75,Lower-tier,Business,West,1,2,2,Medium,Handshake,4,28,3,0,,
2.5,Top-tier,STEM,Northeast,1,2,2,Medium,Handshake,9,30,1,0,,
3.07,Top-tier,Business,Midwest,3,2,3,Small,Handshake,4,24,2,1,,
2.86,Mid-tier,Healthcare,Midwest,0,2,4,Large,Indeed,12,182,10,1,,
3.09,Mid-tier,Business,South,0,0,1,Medium,LinkedIn,12,108,4,1,,
3.85,Mid-tier,Humanities,West,1,2,6,Large,Handshake,12,88,12,4,,
3.69,Top-tier,Arts,Northeast,1,2,2,Large,LinkedIn,5,19,2,2,,
3.74,Lower-tier,Arts,South,3,3,2,Small,Handshake,7,23,2,1,,
3.04,Mid-tier,STEM,Northeast,4,1,3,Medium,Indeed,8,106,3,0,,
3.19,Mid-tier,Humanities,Northeast,1,0,1,Medium,LinkedIn,11,49,2,0,,
2.99,Mid-tier,STEM,South,0,0,1,Medium,LinkedIn,9,111,3,1,,
3.67,Mid-tier,Healthcare,South,0,0,5,Medium,Handshake,2,10,2,2,,
2.98,Mid-tier,STEM,Northeast,1,2,5,Small,Indeed,3,31,2,2,,
3.06,Lower-tier,Business,South,3,1,3,Large,LinkedIn,12,122,2,1,,
3.35,Mid-tier,STEM,South,1,3,4,Medium,Handshake,8,12,2,2,,
3.46,Mid-tier,Business,South,0,3,2,Large,Indeed,5,68,2,2,,
3.35,Top-tier,Humanities,South,1,2,4,Medium,Handshake,7,28,3,1,,
3.45,Lower-tier,Business,West,0,0,4,Large,Indeed,2,19,0,0,,
3.33,Lower-tier,Arts,Northeast,0,1,1,Medium,Handshake,11,9,1,0,,
2.55,Top-tier,STEM,West,2,1,4,Medium,Indeed,2,30,2,1,,
3.66,Mid-tier,Healthcare,South,2,1,2,Large,LinkedIn,8,50,3,3,,
2.96,Mid-tier,STEM,South,1,1,4,Small,Handshake,4,10,2,0,,
3.88,Mid-tier,Arts,South,2,7,1,Medium,Indeed,2,34,2,1,,
3.69,Lower-tier,Business,West,1,1,6,Medium,LinkedIn,12,64,4,3,,
2.65,Mid-tier,Humanities,South,0,2,5,Large,Handshake,7,51,6,3,,
2.67,Lower-tier,STEM,Northeast,2,1,1,Large,Indeed,5,80,1,0,,
3.39,Lower-tier,Business,Northeast,1,0,3,Large,Handshake,5,18,1,1,,
2.61,Lower-tier,STEM,South,1,4,1,Large,LinkedIn,6,23,2,1,,
3.65,Mid-tier,STEM,Northeast,0,0,5,Medium,LinkedIn,7,38,1,0,,
3.26,Mid-tier,STEM,South,0,1,0,Medium,Indeed,1,23,1,0,,
3.09,Mid-tier,STEM,Midwest,1,1,3,Large,LinkedIn,3,39,2,1,,
3.19,Mid-tier,Humanities,Midwest,1,1,5,Small,LinkedIn,2,19,1,0,,
3.38,Mid-tier,Business,South,0,2,1,Large,LinkedIn,9,72,2,0,,
3.89,Mid-tier,Business,South,1,4,4,Medium,LinkedIn,10,93,5,1,,
2.65,Mid-tier,Business,Northeast,0,4,3,Medium,Handshake,3,12,3,1,,
3.16,Mid-tier,Humanities,Northeast,0,5,4,Large,Handshake,5,30,0,0,,
3.28,Mid-tier,STEM,Midwest,0,3,6,Large,Handshake,9,96,2,1,,
3.07,Mid-tier,STEM,Midwest,0,1,2,Large,Handshake,1,12,2,1,,
3.33,Mid-tier,STEM,South,2,1,0,Small,Handshake,11,47,1,0,,
3.1,Lower-tier,STEM,Midwest,1,1,2,Medium,LinkedIn,11,95,4,2,,
3.68,Top-tier,STEM,Midwest,2,0,1,Medium,Handshake,3,23,3,1,,
3.0,Mid-tier,Business,West,1,4,6,Medium,Handshake,6,8,0,0,,
3.06,Mid-tier,STEM,South,3,2,1,Large,LinkedIn,12,180,7,1,,
3.14,Mid-tier,Humanities,Northeast,0,2,2,Large,LinkedIn,11,104,6,0,,
2.72,Lower-tier,Humanities,West,0,6,3,Medium,Indeed,12,234,2,1,,
3.91,Lower-tier,Business,Midwest,0,2,5,Medium,Handshake,7,31,2,0,,
2.83,Top-tier,Healthcare,Midwest,0,0,5,Medium,Indeed,10,180,1,1,,
3.1,Mid-tier,STEM,Midwest,1,1,5,Large,Handshake,12,116,2,2,,
2.4,Mid-tier,Healthcare,West,0,1,2,Large,Indeed,10,116,1,0,,
2.75,Mid-tier,STEM,Northeast,0,0,7,Medium,Handshake,2,5,2,2,,
2.92,Lower-tier,Business,West,1,4,5,Large,Handshake,8,48,2,1,,
2.79,Top-tier,STEM,Midwest,0,3,2,Small,Indeed,8,140,1,0,,
3.04,Mid-tier,Business,Midwest,4,0,3,Medium,LinkedIn,10,81,1,0,,
3.39,Mid-tier,Business,West,1,1,2,Large,Handshake,1,5,0,0,,
3.26,Lower-tier,Humanities,South,0,2,2,Medium,Indeed,1,16,0,0,,
3.22,Lower-tier,Business,South,4,4,5,Large,Indeed,10,75,0,0,,
3.51,Top-tier,Business,South,1,2,3,Large,LinkedIn,6,78,2,0,,
3.88,Mid-tier,Business,West,0,2,2,Small,LinkedIn,2,18,2,2,,
3.57,Lower-tier,Healthcare,Northeast,2,0,5,Small,Indeed,9,249,2,1,,
3.87,Mid-tier,Arts,South,1,0,2,Small,Indeed,3,31,0,0,,
3.73,Top-tier,STEM,Midwest,1,4,2,Small,Handshake,9,58,5,1,,
2.97,Lower-tier,STEM,Northeast,0,1,3,Large,Indeed,5,22,1,0,,
2.88,Mid-tier,Business,Northeast,0,3,4,Large,LinkedIn,6,65,5,1,,
3.34,Top-tier,Business,Northeast,2,1,5,Medium,LinkedIn,4,28,1,0,,
3.47,Mid-tier,Business,Midwest,0,3,2,Small,Handshake,1,7,0,0,,
3.37,Mid-tier,STEM,West,0,3,4,Large,LinkedIn,11,100,3,1,,
2.65,Lower-tier,Healthcare,West,0,0,1,Small,Handshake,10,46,3,2,,
3.31,Lower-tier,STEM,Northeast,2,0,2,Small,Handshake,10,73,6,2,,
3.11,Mid-tier,STEM,Northeast,1,0,2,Medium,Handshake,1,5,0,0,,
3.73,Top-tier,Business,West,0,0,4,Large,Indeed,3,47,2,0,,
3.52,Mid-tier,Business,West,0,3,4,Medium,Handshake,8,36,3,1,,
2.66,Mid-tier,Healthcare,South,2,2,5,Medium,LinkedIn,7,80,5,4,,
2.3,Mid-tier,STEM,Northeast,1,2,2,Large,LinkedIn,4,33,2,2,,
3.56,Mid-tier,Business,Midwest,1,4,3,Medium,Indeed,11,154,3,3,,
3.16,Mid-tier,STEM,Midwest,2,3,4,Large,LinkedIn,12,150,5,3,,
3.63,Lower-tier,STEM,West,2,2,3,Medium,LinkedIn,10,40,2,2,,
2.87,Lower-tier,STEM,West,1,2,3,Medium,Handshake,4,34,2,0,,
2.89,Lower-tier,Business,Northeast,1,3,2,Small,Indeed,6,77,2,2,,
2.97,Mid-tier,Humanities,Northeast,1,4,3,Large,LinkedIn,7,60,2,0,,
3.49,Mid-tier,Business,Midwest,0,4,1,Small,Handshake,11,53,3,1,,
3.23,Mid-tier,Business,Midwest,0,1,4,Large,Handshake,8,62,0,0,,
2.73,Mid-tier,Arts,Midwest,2,2,4,Medium,Indeed,11,216,1,0,,
2.75,Mid-tier,Arts,West,0,4,3,Medium,Handshake,9,5,0,0,,
3.17,Top-tier,STEM,South,0,1,4,Large,LinkedIn,4,20,4,1,,
3.48,Lower-tier,Humanities,Midwest,1,3,4,Small,LinkedIn,2,16,0,0,,
2.95,Lower-tier,Healthcare,Northeast,2,3,1,Large,Handshake,2,5,2,2,,
2.66,Top-tier,Humanities,West,0,5,1,Large,Indeed,6,78,2,0,,
2.95,Lower-tier,Humanities,West,1,2,2,Medium,Handshake,2,11,0,0,,
3.95,Mid-tier,Business,Midwest,0,2,7,Medium,LinkedIn,6,70,1,1,,
2.56,Lower-tier,Business,Midwest,2,2,5,Large,Indeed,6,98,0,0,,
3.18,Mid-tier,STEM,South,0,3,4,Medium,Indeed,10,91,1,0,,
3.54,Mid-tier,STEM,West,1,3,2,Medium,Handshake,12,50,3,2,,
3.24,Lower-tier,STEM,Northeast,1,5,5,Medium,LinkedIn,3,39,1,0,,
3.53,Lower-tier,Business,Midwest,2,0,3,Medium,Handshake,11,62,2,2,,
3.31,Lower-tier,Business,Midwest,0,2,3,Large,Handshake,3,20,1,0,,
3.31,Mid-tier,STEM,South,1,1,5,Medium,LinkedIn,1,6,2,1,,
4.0,Mid-tier,Arts,Northeast,0,5,2,Medium,LinkedIn,4,42,1,0,,
2.63,Lower-tier,STEM,West,3,1,4,Medium,Handshake,9,22,2,1,,
3.61,Mid-tier,STEM,West,2,4,5,Large,Handshake,5,5,0,0,,
3.06,Top-tier,Business,South,4,2,2,Large,LinkedIn,3,37,2,2,,
2.89,Mid-tier,STEM,West,1,1,3,Small,Indeed,7,99,1,1,,
3.29,Lower-tier,STEM,Northeast,1,3,3,Medium,LinkedIn,5,30,1,1,,
3.78,Lower-tier,STEM,Midwest,0,0,3,Large,Indeed,9,58,0,0,,
2.97,Lower-tier,STEM,South,0,1,0,Large,Indeed,5,43,1,0,,
3.8,Mid-tier,STEM,South,0,1,3,Large,Indeed,9,100,3,0,,
3.02,Mid-tier,Healthcare,Midwest,0,1,3,Small,LinkedIn,8,73,3,1,,
3.39,Mid-tier,Healthcare,Northeast,0,2,2,Large,Indeed,7,75,1,1,,
3.25,Mid-tier,Business,South,1,0,1,Small,LinkedIn,6,57,2,1,,
3.36,Mid-tier,STEM,Midwest,2,3,2,Large,Handshake,2,10,0,0,,
3.52,Lower-tier,STEM,South,3,2,6,Medium,Indeed,4,52,3,1,,
2.87,Lower-tier,Healthcare,Midwest,0,3,2,Medium,LinkedIn,5,35,0,0,,
3.74,Lower-tier,Healthcare,Northeast,2,2,2,Large,Handshake,12,70,2,1,,
3.19,Top-tier,Business,Midwest,0,2,2,Large,LinkedIn,8,29,0,0,,
3.59,Lower-tier,Business,West,3,3,5,Large,LinkedIn,5,25,2,2,,
4.0,Lower-tier,Humanities,South,2,3,3,Large,Indeed,4,64,0,0,,
2.9,Mid-tier,Business,Midwest,1,3,4,Medium,LinkedIn,6,79,4,1,,
3.37,Lower-tier,Humanities,West,2,0,2,Medium,LinkedIn,11,71,3,0,,
2.59,Lower-tier,STEM,Northeast,2,3,2,Large,LinkedIn,7,45,3,3,,
3.65,Lower-tier,STEM,South,3,2,3,Large,LinkedIn,3,21,2,2,,
3.09,Lower-tier,Business,South,1,0,3,Large,Indeed,8,65,1,0,,
2.91,Mid-tier,Business,Northeast,0,1,5,Medium,Handshake,4,17,1,1,,
2.57,Mid-tier,Arts,West,1,3,1,Medium,LinkedIn,11,82,4,1,,
2.71,Mid-tier,Humanities,Northeast,0,1,5,Medium,Handshake,8,26,2,1,,
3.06,Lower-tier,Healthcare,South,1,1,2,Small,Indeed,1,9,2,2,,
3.23,Lower-tier,Humanities,West,1,2,5,Medium,Indeed,12,204,1,0,,
3.26,Mid-tier,Business,West,0,0,4,Large,Handshake,6,13,0,0,,
2.56,Lower-tier,STEM,South,1,4,1,Medium,Indeed,9,141,8,1,,
3.44,Lower-tier,Humanities,South,1,0,0,Medium,Indeed,11,234,2,0,,
3.51,Mid-tier,Humanities,South,1,4,4,Small,Handshake,6,15,2,1,,
4.0,Lower-tier,STEM,South,2,3,2,Large,LinkedIn,12,146,2,1,,
3.21,Lower-tier,Healthcare,South,0,5,4,Large,Handshake,3,25,2,0,,
2.43,Lower-tier,Business,Midwest,1,1,2,Small,Handshake,9,58,3,3,,
2.66,Lower-tier,Arts,Northeast,3,2,2,Large,Handshake,3,10,1,1,,
3.27,Mid-tier,Humanities,Northeast,1,3,4,Large,LinkedIn,2,16,0,0,,
3.09,Lower-tier,STEM,West,0,2,2,Large,LinkedIn,11,71,3,0,,
3.7,Lower-tier,STEM,West,2,3,2,Large,Indeed,1,17,0,0,,
3.45,Mid-tier,Healthcare,Midwest,1,1,4,Medium,LinkedIn,8,22,1,1,,
3.31,Top-tier,Healthcare,Midwest,0,1,5,Large,Handshake,2,5,1,0,,
3.08,Lower-tier,Business,Northeast,1,1,5,Large,Handshake,3,13,2,2,,
3.51,Lower-tier,Business,South,1,2,2,Large,LinkedIn,11,80,1,1,,
2.53,Lower-tier,Business,South,0,3,6,Large,LinkedIn,10,111,8,0,,
2.93,Mid-tier,Humanities,Midwest,0,3,4,Medium,Handshake,9,36,3,0,,
4.0,Lower-tier,STEM,Midwest,1,4,2,Large,Handshake,12,58,2,1,,
2.83,Mid-tier,STEM,South,2,4,2,Small,Indeed,2,31,1,0,,
3.47,Mid-tier,Healthcare,South,1,3,4,Large,Handshake,7,73,2,1,,
3.68,Mid-tier,Business,Midwest,3,1,3,Medium,LinkedIn,5,51,0,0,,
2.74,Mid-tier,STEM,West,1,1,2,Large,Handshake,7,31,2,1,,
3.84,Mid-tier,Business,West,3,4,4,Large,Handshake,3,18,3,1,,
2.89,Lower-tier,Business,South,1,4,3,Small,LinkedIn,11,104,5,0,,
3.26,Lower-tier,STEM,Midwest,1,0,4,Large,LinkedIn,12,112,4,0,,
2.72,Mid-tier,Humanities,West,0,2,2,Medium,LinkedIn,2,19,0,0,,
3.35,Top-tier,Healthcare,South,1,0,3,Medium,Indeed,6,116,4,2,,
3.62,Mid-tier,STEM,West,1,2,1,Medium,LinkedIn,5,37,1,0,,
3.22,Lower-tier,Arts,Northeast,2,4,0,Medium,Handshake,9,55,4,2,,
3.12,Lower-tier,Humanities,South,2,4,5,Large,Handshake,8,32,2,0,,
3.16,Mid-tier,Humanities,West,3,1,3,Large,Handshake,6,30,3,0,,
3.1,Lower-tier,Healthcare,Midwest,0,1,2,Small,LinkedIn,9,118,5,2,,
3.3,Top-tier,Business,Northeast,2,2,5,Small,LinkedIn,3,36,1,0,,
3.38,Mid-tier,Arts,South,1,2,3,Large,Indeed,9,94,0,0,,
2.61,Top-tier,Humanities,West,2,0,0,Medium,LinkedIn,12,96,5,2,,
3.18,Lower-tier,Business,South,3,1,0,Medium,LinkedIn,8,100,6,2,,
3.75,Top-tier,Business,South,0,3,4,Large,LinkedIn,9,105,4,3,,
3.89,Mid-tier,STEM,West,1,2,2,Large,Handshake,5,11,2,1,,
3.02,Mid-tier,STEM,South,1,4,4,Large,Handshake,7,43,2,0,,
2.24,Mid-tier,STEM,West,2,4,6,Large,LinkedIn,10,88,3,3,,
3.83,Lower-tier,STEM,Midwest,1,1,1,Large,LinkedIn,5,45,1,0,,
2.93,Top-tier,STEM,West,0,1,7,Medium,Handshake,2,14,3,0,,
3.06,Top-tier,Business,Northeast,0,1,2,Medium,Handshake,2,9,2,2,,
3.24,Lower-tier,Healthcare,South,0,1,2,Large,LinkedIn,3,38,2,2,,
2.9,Top-tier,Business,South,0,3,1,Medium,Handshake,12,28,2,2,,
3.79,Mid-tier,STEM,Midwest,0,0,2,Large,Handshake,3,10,1,0,,
2.37,Mid-tier,Business,South,2,3,4,Large,Indeed,2,14,0,0,,
3.03,Mid-tier,Healthcare,Midwest,3,1,4,Medium,Handshake,8,12,2,1,,
3.48,Lower-tier,STEM,Northeast,0,6,1,Medium,LinkedIn,10,130,7,0,,
2.94,Lower-tier,Arts,West,0,4,7,Medium,Handshake,4,20,2,1,,
3.21,Mid-tier,Healthcare,South,1,2,1,Large,Indeed,4,51,1,0,,
2.79,Lower-tier,STEM,Northeast,2,0,4,Large,LinkedIn,8,85,3,1,,
3.81,Mid-tier,Business,West,4,4,4,Large,Handshake,7,19,2,2,,
3.31,Lower-tier,STEM,Northeast,0,0,3,Small,LinkedIn,3,22,0,0,,
2.4,Top-tier,Healthcare,Midwest,3,0,4,Large,LinkedIn,5,48,3,3,,
3.64,Lower-tier,Business,South,1,3,5,Large,LinkedIn,10,5,0,0,,
3.05,Mid-tier,Humanities,Midwest,1,3,2,Large,Indeed,11,95,0,0,,
3.62,Mid-tier,STEM,South,1,1,3,Large,Handshake,4,14,1,0,,
2.96,Lower-tier,Healthcare,South,1,3,3,Medium,LinkedIn,12,200,12,5,,
3.64,Mid-tier,Healthcare,West,0,6,3,Large,LinkedIn,10,96,4,0,,
3.4,Mid-tier,STEM,Midwest,3,6,4,Small,Handshake,10,56,2,0,,
2.87,Top-tier,STEM,South,2,1,4,Large,Handshake,2,11,2,2,,
2.73,Mid-tier,STEM,South,0,2,1,Large,Indeed,5,70,0,0,,
2.66,Top-tier,Arts,Northeast,1,2,5,Medium,Handshake,11,75,3,1,,
3.7,Lower-tier,Humanities,Midwest,0,3,5,Medium,Handshake,11,40,3,0,,
3.74,Lower-tier,Business,Midwest,2,3,6,Small,Indeed,6,41,0,0,,
2.67,Lower-tier,Business,Midwest,0,0,4,Medium,Indeed,2,44,0,0,,
3.39,Mid-tier,STEM,West,0,2,8,Large,Handshake,7,53,3,1,,
2.97,Lower-tier,Humanities,Northeast,0,0,2,Large,Indeed,4,56,2,0,,
2.94,Lower-tier,Humanities,South,1,0,5,Small,Indeed,7,101,5,3,,
3.59,Top-tier,STEM,West,0,6,2,Medium,Indeed,1,21,1,1,,
2.99,Mid-tier,Healthcare,West,0,1,5,Medium,LinkedIn,2,17,1,1,,
3.4,Mid-tier,STEM,West,0,1,0,Small,LinkedIn,4,32,2,1,,
3.51,Lower-tier,STEM,South,0,4,4,Large,Indeed,11,124,2,2,,
3.65,Top-tier,Business,West,1,5,3,Large,LinkedIn,6,52,2,1,,
2.91,Mid-tier,Business,West,1,5,3,Small,LinkedIn,4,48,3,2,,
2.81,Top-tier,Humanities,Northeast,0,0,4,Large,LinkedIn,10,5,0,0,,
2.96,Mid-tier,Business,Northeast,0,0,3,Small,LinkedIn,12,54,5,2,,
3.45,Mid-tier,STEM,Midwest,1,2,0,Small,Handshake,10,41,0,0,,
2.76,Lower-tier,Humanities,Midwest,2,1,2,Medium,Indeed,5,35,3,1,,
3.32,Mid-tier,STEM,Northeast,0,0,5,Large,LinkedIn,10,130,5,2,,
3.87,Lower-tier,STEM,West,0,1,5,Medium,Handshake,2,16,4,2,,
3.06,Mid-tier,STEM,West,2,1,3,Medium,LinkedIn,9,100,5,3,,
3.28,Lower-tier,Humanities,Midwest,0,2,2,Large,LinkedIn,9,87,4,2,,
3.3,Mid-tier,STEM,South,1,2,1,Large,Indeed,6,56,1,1,,
3.61,Top-tier,Healthcare,West,0,1,5,Medium,Indeed,7,49,2,1,,
3.65,Mid-tier,STEM,South,0,1,7,Medium,LinkedIn,9,61,3,1,,
3.65,Mid-tier,STEM,West,0,0,3,Large,Handshake,11,40,2,1,,
3.0,Top-tier,STEM,South,3,4,1,Large,Indeed,1,15,2,2,,
3.43,Lower-tier,Business,Midwest,1,0,4,Large,Indeed,5,35,0,0,,
3.17,Lower-tier,Humanities,South,3,2,2,Large,Handshake,12,46,3,2,,
3.59,Mid-tier,Healthcare,West,1,0,3,Large,Handshake,7,33,0,0,,
3.05,Lower-tier,Healthcare,Midwest,0,2,3,Large,Indeed,6,125,2,0,,
3.18,Lower-tier,Healthcare,Midwest,0,2,4,Large,Indeed,11,275,2,0,,
3.22,Lower-tier,Business,West,1,4,2,Medium,Handshake,2,5,2,2,,
3.11,Mid-tier,Business,Northeast,0,2,3,Medium,LinkedIn,3,24,1,0,,
3.23,Mid-tier,STEM,Northeast,3,4,3,Large,LinkedIn,2,18,2,2,,
3.59,Mid-tier,STEM,Midwest,0,0,2,Large,Indeed,4,78,0,0,,
3.92,Top-tier,Arts,West,3,2,3,Medium,Indeed,12,258,5,3,,
3.93,Top-tier,STEM,West,0,5,5,Medium,Handshake,6,18,2,2,,
2.99,Mid-tier,Business,Northeast,1,1,2,Small,Indeed,7,135,1,0,,
3.35,Mid-tier,Healthcare,West,0,0,2,Large,Handshake,11,38,2,2,,
3.17,Lower-tier,STEM,West,1,2,4,Medium,LinkedIn,3,28,0,0,,
3.81,Mid-tier,STEM,Northeast,2,2,3,Small,LinkedIn,1,10,1,0,,
2.9,Lower-tier,STEM,West,1,1,1,Medium,Indeed,10,168,7,3,,
3.92,Mid-tier,Healthcare,South,0,2,4,Large,Indeed,5,49,0,0,,
3.13,Mid-tier,Healthcare,West,3,2,0,Medium,Indeed,1,18,0,0,,
3.84,Lower-tier,STEM,Northeast,1,3,4,Small,Handshake,4,29,2,2,,
3.6,Mid-tier,Healthcare,Northeast,2,2,3,Medium,Indeed,5,105,5,2,,
2.98,Lower-tier,STEM,South,2,2,4,Large,LinkedIn,4,26,2,2,,
3.58,Lower-tier,STEM,South,3,2,5,Large,Indeed,6,45,2,1,,
2.5,Mid-tier,Business,Northeast,3,3,5,Large,Indeed,3,64,0,0,,
3.51,Top-tier,STEM,South,0,4,4,Medium,Handshake,12,70,2,2,,
2.54,Lower-tier,Healthcare,Northeast,0,0,5,Medium,Handshake,11,5,0,0,,
3.47,Lower-tier,STEM,Midwest,0,4,4,Medium,LinkedIn,1,5,0,0,,
3.67,Mid-tier,STEM,Northeast,3,2,6,Medium,Handshake,2,5,2,0,,
2.9,Mid-tier,Business,Northeast,1,3,1,Large,LinkedIn,8,96,1,0,,
2.87,Mid-tier,STEM,West,1,3,3,Medium,LinkedIn,6,89,2,1,,
4.0,Lower-tier,STEM,South,0,3,5,Medium,Handshake,10,23,3,0,,
2.77,Mid-tier,Humanities,Midwest,0,0,1,Large,LinkedIn,12,82,3,2,,
3.47,Lower-tier,Arts,West,1,1,2,Small,LinkedIn,5,48,2,1,,
2.55,Mid-tier,STEM,West,0,2,0,Large,Handshake,9,31,2,2,,
3.39,Lower-tier,Business,Northeast,0,2,3,Large,Handshake,3,5,0,0,,
2.78,Mid-tier,STEM,West,1,4,2,Medium,LinkedIn,12,130,5,3,,
2.57,Top-tier,Humanities,Northeast,0,5,1,Medium,LinkedIn,9,120,6,1,,
2.69,Mid-tier,STEM,South,2,4,4,Large,LinkedIn,11,31,2,1,,
3.32,Lower-tier,Healthcare,South,1,1,2,Medium,Handshake,7,47,2,2,,
3.63,Mid-tier,Business,Northeast,3,0,3,Medium,LinkedIn,12,14,2,2,,
3.39,Top-tier,STEM,South,2,1,2,Large,LinkedIn,12,106,4,0,,
2.96,Lower-tier,Healthcare,Midwest,1,1,5,Medium,LinkedIn,11,86,4,4,,
3.12,Mid-tier,Arts,Northeast,3,1,4,Large,LinkedIn,12,122,4,1,,
2.87,Lower-tier,Business,Northeast,2,1,4,Medium,Indeed,11,234,1,1,,
2.61,Mid-tier,STEM,West,0,2,1,Small,Handshake,2,5,0,0,,
3.09,Lower-tier,STEM,Northeast,1,0,1,Medium,Indeed,5,38,1,1,,
4.0,Lower-tier,Humanities,South,0,4,2,Medium,Handshake,8,34,2,2,,
2.68,Lower-tier,Business,West,1,1,1,Large,LinkedIn,2,25,2,2,,
2.89,Lower-tier,Business,West,2,2,2,Large,Handshake,2,5,1,1,,
3.71,Lower-tier,STEM,Midwest,1,1,1,Medium,Handshake,6,20,1,0,,
2.98,Lower-tier,STEM,South,0,5,2,Medium,Handshake,12,80,2,1,,
3.12,Lower-tier,Humanities,Midwest,3,0,1,Small,Handshake,12,74,10,3,,
3.26,Mid-tier,Business,Midwest,5,4,1,Large,Indeed,6,101,2,0,,
3.24,Lower-tier,STEM,Northeast,1,3,4,Small,Indeed,2,33,2,1,,
3.31,Top-tier,STEM,West,1,0,1,Medium,Handshake,10,40,1,1,,
2.89,Lower-tier,Business,Northeast,3,4,4,Large,LinkedIn,5,50,3,0,,
2.87,Lower-tier,STEM,West,1,2,4,Large,Handshake,11,86,6,3,,
3.44,Lower-tier,Healthcare,Northeast,2,4,1,Medium,Handshake,12,114,8,3,,
2.79,Lower-tier,STEM,West,1,0,4,Medium,LinkedIn,3,15,0,0,,
3.69,Mid-tier,STEM,Midwest,0,3,1,Medium,LinkedIn,9,79,6,3,,
3.61,Lower-tier,Business,West,1,2,4,Small,LinkedIn,12,34,2,1,,
3.37,Top-tier,Humanities,Northeast,3,0,2,Medium,Handshake,2,8,2,1,,
4.0,Mid-tier,STEM,South,1,2,1,Medium,LinkedIn,12,76,3,2,,
3.24,Mid-tier,STEM,West,1,0,1,Large,Handshake,7,65,5,2,,
3.38,Lower-tier,STEM,Northeast,1,2,4,Medium,Handshake,6,15,0,0,,
3.04,Top-tier,STEM,Northeast,1,5,7,Large,LinkedIn,5,50,6,5,,
3.36,Mid-tier,STEM,Midwest,2,3,2,Large,Indeed,7,42,1,0,,
3.13,Top-tier,Business,Northeast,2,2,2,Large,Indeed,11,36,2,2,,
2.86,Lower-tier,STEM,Northeast,1,1,2,Small,Handshake,5,31,3,1,,
3.45,Top-tier,STEM,South,1,1,1,Small,LinkedIn,10,28,0,0,,
3.32,Mid-tier,Business,Northeast,3,4,6,Medium,Handshake,8,69,5,2,,
2.99,Mid-tier,Healthcare,Northeast,3,3,5,Medium,Indeed,9,111,3,3,,
3.02,Top-tier,Humanities,West,1,2,3,Medium,LinkedIn,12,110,6,1,,
3.4,Lower-tier,Humanities,West,1,2,1,Medium,Handshake,8,64,5,0,,
3.44,Lower-tier,STEM,West,3,2,3,Medium,LinkedIn,1,5,2,2,,
2.95,Top-tier,STEM,South,4,2,4,Large,LinkedIn,3,24,2,1,,
3.84,Lower-tier,STEM,Midwest,1,0,1,Large,LinkedIn,8,106,6,1,,
3.45,Mid-tier,Business,Northeast,1,3,5,Medium,LinkedIn,10,126,4,1,,
3.42,Mid-tier,Healthcare,Midwest,1,1,3,Small,Indeed,4,58,2,1,,
3.48,Lower-tier,Humanities,Northeast,0,3,4,Medium,Handshake,2,10,0,0,,
3.3,Mid-tier,Business,Midwest,1,4,3,Small,Handshake,9,31,2,1,,
2.65,Mid-tier,Business,Midwest,0,0,0,Medium,Handshake,6,50,3,1,,
2.78,Top-tier,Business,West,2,2,5,Small,Handshake,1,9,2,1,,
2.73,Lower-tier,Business,Midwest,2,2,6,Medium,LinkedIn,3,27,1,0,,
3.08,Top-tier,STEM,Midwest,2,0,4,Large,Indeed,8,34,0,0,,
2.5,Lower-tier,STEM,West,0,1,4,Small,Handshake,6,37,2,1,,
2.93,Top-tier,Business,West,4,2,2,Small,Handshake,7,28,2,1,,
3.09,Mid-tier,Humanities,Midwest,0,0,7,Medium,Handshake,3,10,0,0,,
3.0,Lower-tier,Healthcare,Midwest,0,2,3,Small,Handshake,9,43,3,0,,
3.0,Lower-tier,Healthcare,South,2,2,1,Large,LinkedIn,6,73,1,1,,
3.68,Mid-tier,Humanities,Midwest,1,4,2,Small,Handshake,6,47,2,0,,
3.24,Mid-tier,Business,South,0,3,2,Large,Handshake,11,117,7,1,,
4.0,Lower-tier,Arts,South,1,1,2,Large,LinkedIn,8,62,2,2,,
3.41,Lower-tier,STEM,West,2,5,1,Large,LinkedIn,7,50,2,2,,
2.54,Mid-tier,STEM,South,0,2,4,Small,Indeed,10,88,4,1,,
3.84,Lower-tier,Healthcare,South,2,2,3,Large,LinkedIn,1,5,2,2,,
3.6,Lower-tier,STEM,West,2,2,2,Medium,Handshake,8,45,7,2,,
3.13,Top-tier,Humanities,South,0,0,7,Large,Handshake,10,45,6,0,,
2.89,Mid-tier,Business,West,1,2,1,Large,LinkedIn,11,47,0,0,,
4.0,Mid-tier,Healthcare,South,2,2,2,Medium,Handshake,1,5,2,2,,
3.13,Mid-tier,STEM,Northeast,0,1,5,Small,LinkedIn,3,20,2,1,,
3.69,Mid-tier,Business,West,0,4,3,Large,Handshake,9,73,4,1,,
2.98,Mid-tier,Business,Midwest,3,3,5,Large,LinkedIn,5,40,3,1,,
3.37,Mid-tier,Business,South,1,2,5,Medium,Indeed,2,45,1,0,,
3.05,Mid-tier,STEM,Northeast,2,2,5,Large,LinkedIn,1,5,0,0,,
3.15,Lower-tier,Healthcare,Midwest,2,3,4,Medium,LinkedIn,12,80,3,2,,
3.12,Top-tier,STEM,South,1,3,3,Medium,LinkedIn,7,80,2,2,,
3.19,Lower-tier,STEM,Northeast,0,2,2,Small,Handshake,10,83,11,1,,
3.08,Lower-tier,Business,South,1,3,3,Medium,LinkedIn,5,40,0,0,,
3.52,Lower-tier,Business,West,2,3,4,Medium,Handshake,7,45,6,3,,
3.44,Top-tier,Business,West,2,1,2,Large,LinkedIn,12,68,3,3,,
3.36,Lower-tier,Healthcare,South,1,2,2,Large,Handshake,7,52,5,2,,
3.65,Lower-tier,Business,Northeast,2,1,3,Large,LinkedIn,7,51,3,2,,
3.18,Lower-tier,Healthcare,South,1,2,4,Large,LinkedIn,5,21,1,1,,
2.81,Top-tier,Business,West,3,0,2,Large,LinkedIn,2,23,1,1,,
2.36,Mid-tier,Healthcare,South,3,2,2,Medium,LinkedIn,2,20,1,1,,
3.55,Top-tier,Healthcare,West,0,0,3,Medium,Indeed,11,106,4,4,,
3.57,Mid-tier,Healthcare,West,1,2,4,Small,Handshake,7,56,5,3,,
3.34,Mid-tier,Healthcare,South,0,3,7,Large,Handshake,10,75,8,4,,
2.59,Mid-tier,Business,West,2,2,6,Medium,Indeed,2,13,0,0,,
2.73,Lower-tier,Healthcare,Midwest,0,4,5,Large,Indeed,11,232,7,7,,
3.32,Mid-tier,STEM,West,0,3,5,Large,Handshake,12,54,4,3,,
3.17,Lower-tier,STEM,Northeast,0,1,4,Medium,LinkedIn,10,43,2,1,,
3.38,Lower-tier,Business,Midwest,1,2,3,Small,LinkedIn,9,84,2,1,,
3.94,Mid-tier,STEM,Midwest,1,3,1,Small,Handshake,3,9,1,1,,
3.33,Mid-tier,Business,South,0,3,5,Small,LinkedIn,12,170,5,1,,
2.84,Mid-tier,STEM,West,0,2,2,Medium,LinkedIn,5,30,2,2,,
3.46,Lower-tier,Humanities,Midwest,2,3,2,Medium,Indeed,7,148,8,6,,
3.73,Mid-tier,STEM,Midwest,3,0,0,Large,Indeed,12,164,3,3,,
3.29,Lower-tier,Business,Northeast,2,2,4,Medium,Handshake,11,38,4,2,,
3.1,Mid-tier,Business,Northeast,3,1,0,Medium,LinkedIn,8,61,2,2,,
3.24,Mid-tier,Healthcare,West,0,2,2,Small,Handshake,10,58,5,2,,
3.0,Mid-tier,Business,West,3,0,6,Small,Indeed,8,74,4,1,,
2.53,Mid-tier,STEM,South,0,0,3,Medium,Handshake,2,6,1,1,,
2.99,Mid-tier,Business,South,0,3,1,Large,Handshake,3,26,2,1,,
2.92,Top-tier,Business,Northeast,1,2,1,Large,Indeed,10,141,6,1,,
3.33,Mid-tier,Business,South,2,2,2,Medium,LinkedIn,5,45,3,3,,
3.06,Mid-tier,Business,West,4,0,1,Medium,LinkedIn,1,6,2,2,,
3.41,Mid-tier,Business,Northeast,3,2,7,Medium,Indeed,7,102,6,2,,
2.86,Mid-tier,Humanities,West,3,2,3,Large,LinkedIn,2,5,0,0,,
3.57,Top-tier,Arts,West,1,2,1,Large,LinkedIn,7,65,2,2,,
2.65,Mid-tier,STEM,Midwest,1,2,2,Small,Handshake,2,11,2,1,,
3.82,Top-tier,Humanities,Northeast,2,2,4,Medium,LinkedIn,5,25,2,2,,
2.94,Top-tier,STEM,West,1,2,2,Medium,LinkedIn,7,77,4,4,,
3.26,Mid-tier,Healthcare,Northeast,1,3,2,Medium,LinkedIn,10,36,1,0,,
3.54,Lower-tier,Business,Northeast,0,5,3,Medium,LinkedIn,4,30,2,1,,
3.66,Lower-tier,STEM,South,2,3,7,Medium,Handshake,10,25,4,2,,
3.01,Mid-tier,Business,South,1,0,5,Large,Handshake,8,26,1,1,,
2.93,Lower-tier,Business,West,0,2,2,Small,Handshake,11,58,6,2,,
3.08,Lower-tier,Business,Midwest,3,3,7,Large,LinkedIn,11,71,4,1,,
3.19,Mid-tier,Healthcare,South,0,1,1,Small,Handshake,12,70,7,3,,
3.29,Lower-tier,Arts,Midwest,1,2,3,Large,LinkedIn,5,50,2,0,,
3.27,Top-tier,STEM,South,3,2,3,Medium,Indeed,7,60,0,0,,
2.87,Top-tier,Healthcare,West,0,6,5,Large,Indeed,8,117,2,0,,
3.59,Top-tier,STEM,Northeast,1,2,3,Large,Handshake,8,42,6,0,,
3.13,Top-tier,Business,Midwest,2,2,3,Medium,LinkedIn,5,94,3,2,,
2.59,Mid-tier,STEM,Midwest,4,1,3,Small,Handshake,11,88,3,1,,
3.24,Mid-tier,Healthcare,South,1,2,2,Small,LinkedIn,10,85,3,2,,
3.17,Mid-tier,Business,South,0,3,5,Medium,Handshake,2,5,2,0,,
2.91,Mid-tier,Business,South,2,3,6,Large,LinkedIn,11,80,1,0,,
3.0,Lower-tier,Business,Northeast,2,1,4,Small,LinkedIn,11,71,3,3,,
2.89,Lower-tier,Business,Midwest,2,1,6,Large,LinkedIn,9,72,2,1,,
3.46,Top-tier,Business,Northeast,2,1,0,Medium,LinkedIn,3,17,2,2,,
2.89,Top-tier,Business,Northeast,1,2,4,Medium,Indeed,7,36,2,1,,
3.7,Lower-tier,Humanities,Midwest,0,3,2,Small,LinkedIn,12,108,6,1,,
2.87,Top-tier,Business,West,4,4,2,Large,Indeed,9,85,0,0,,
2.44,Mid-tier,Business,Northeast,2,1,1,Medium,LinkedIn,11,122,4,4,,
2.79,Mid-tier,Business,West,1,3,6,Large,Handshake,6,35,2,2,,
3.43,Mid-tier,Healthcare,Northeast,1,4,3,Large,Indeed,6,48,1,0,,
4.0,Mid-tier,STEM,South,4,3,1,Medium,Handshake,7,44,2,0,,
2.98,Lower-tier,STEM,Northeast,0,1,2,Medium,LinkedIn,10,121,5,4,,
3.12,Lower-tier,STEM,South,1,0,1,Small,Indeed,6,91,2,1,,
3.73,Lower-tier,Humanities,Midwest,1,1,0,Large,LinkedIn,12,118,2,0,,
2.75,Mid-tier,STEM,Northeast,2,2,4,Large,Indeed,8,125,0,0,,
3.35,Lower-tier,STEM,Northeast,0,1,5,Small,Handshake,9,81,7,2,,
3.54,Lower-tier,STEM,West,2,2,2,Small,Handshake,1,5,1,1,,
2.9,Mid-tier,Arts,Midwest,3,3,3,Large,Handshake,5,24,2,1,,
3.68,Lower-tier,STEM,West,0,4,6,Small,Handshake,4,5,2,2,,
3.44,Lower-tier,Humanities,West,1,3,3,Small,LinkedIn,7,26,2,2,,
2.86,Mid-tier,Humanities,West,3,2,3,Medium,LinkedIn,6,62,1,0,,
2.4,Mid-tier,STEM,Midwest,3,3,6,Medium,Handshake,8,48,2,0,,
2.62,Mid-tier,Business,Midwest,0,1,3,Small,LinkedIn,11,130,2,1,,
3.2,Mid-tier,Business,South,2,4,6,Small,Indeed,10,135,2,1,,
3.46,Lower-tier,Business,Midwest,3,2,0,Small,LinkedIn,5,17,4,1,,
3.63,Top-tier,Healthcare,Northeast,0,2,0,Medium,Indeed,3,39,0,0,,
3.31,Top-tier,Business,Northeast,2,3,5,Medium,Indeed,4,52,2,2,,
3.63,Lower-tier,Business,West,1,3,3,Small,Handshake,10,65,4,1,,
3.87,Mid-tier,Humanities,Midwest,1,2,1,Large,LinkedIn,2,22,2,1,,
3.33,Mid-tier,Business,Midwest,1,2,4,Large,Indeed,4,66,0,0,,
2.5,Mid-tier,STEM,Northeast,1,0,0,Medium,Indeed,12,254,7,6,,
3.65,Lower-tier,STEM,Midwest,2,6,3,Large,Indeed,11,108,4,1,,
3.32,Lower-tier,Healthcare,West,1,0,3,Medium,Handshake,6,29,2,2,,
3.16,Mid-tier,Arts,South,0,0,5,Medium,LinkedIn,11,60,2,1,,
3.28,Lower-tier,Healthcare,Midwest,1,2,3,Small,Handshake,11,99,14,7,,
3.39,Lower-tier,Business,West,2,2,1,Medium,Handshake,2,9,2,2,,
3.16,Mid-tier,STEM,South,0,2,2,Large,Handshake,5,19,1,0,,
3.81,Mid-tier,STEM,West,1,1,3,Medium,LinkedIn,6,20,2,2,,
2.94,Lower-tier,Humanities,West,3,3,3,Large,LinkedIn,5,35,2,2,,
3.19,Lower-tier,Business,South,1,1,4,Large,Handshake,9,30,5,1,,
3.1,Top-tier,Healthcare,Midwest,1,0,3,Medium,Indeed,8,141,4,1,,
3.37,Mid-tier,Business,Northeast,2,1,3,Small,LinkedIn,3,21,2,1,,
3.39,Mid-tier,STEM,South,0,0,0,Large,Handshake,9,30,1,0,,
3.21,Mid-tier,Humanities,West,2,1,3,Large,Indeed,3,11,0,0,,
3.81,Lower-tier,STEM,South,0,1,2,Large,LinkedIn,1,13,0,0,,
2.85,Mid-tier,STEM,South,0,2,3,Medium,LinkedIn,8,58,5,0,,
2.51,Mid-tier,Business,Midwest,2,0,4,Small,LinkedIn,3,16,0,0,,
2.96,Mid-tier,Humanities,West,1,1,4,Large,Indeed,11,196,8,1,,
2.59,Top-tier,STEM,West,1,4,1,Medium,LinkedIn,11,51,0,0,,
3.24,Lower-tier,Business,West,2,1,3,Medium,LinkedIn,8,72,4,3,,
3.21,Lower-tier,Healthcare,Northeast,3,2,2,Small,Indeed,11,146,2,2,,
2.88,Lower-tier,STEM,South,4,0,2,Small,Indeed,4,81,5,2,,
2.98,Lower-tier,Healthcare,Northeast,2,4,2,Large,Indeed,6,89,1,1,,
3.05,Mid-tier,Humanities,Northeast,1,2,2,Large,Indeed,12,112,5,5,,
3.25,Mid-tier,STEM,West,1,1,3,Large,Handshake,1,5,2,2,,
2.32,Lower-tier,STEM,Midwest,1,3,1,Large,Indeed,12,262,1,0,,
3.16,Mid-tier,Arts,West,0,3,2,Medium,Handshake,9,57,5,1,,
2.44,Lower-tier,Business,Midwest,2,2,2,Small,Indeed,11,130,0,0,,
2.94,Mid-tier,Humanities,Midwest,0,2,4,Large,LinkedIn,11,71,2,0,,
3.78,Lower-tier,Business,Northeast,2,0,3,Medium,Indeed,12,118,1,0,,
3.63,Mid-tier,Business,Northeast,2,2,1,Large,LinkedIn,9,49,2,1,,
2.95,Mid-tier,Business,South,0,1,5,Large,Indeed,7,137,0,0,,
2.45,Lower-tier,Arts,South,1,1,3,Small,Indeed,11,157,3,3,,
3.17,Mid-tier,Business,Midwest,0,0,1,Large,LinkedIn,7,86,0,0,,
2.91,Top-tier,Business,South,1,1,5,Medium,LinkedIn,4,33,4,1,,
3.14,Mid-tier,STEM,Midwest,0,4,4,Small,LinkedIn,2,6,0,0,,
2.33,Top-tier,Arts,South,1,3,5,Large,LinkedIn,11,91,5,3,,
3.58,Top-tier,Arts,Northeast,4,2,2,Large,Handshake,10,55,2,0,,
3.72,Lower-tier,Business,Northeast,3,2,3,Large,LinkedIn,8,77,3,3,,
2.89,Mid-tier,STEM,Northeast,1,5,2,Small,Handshake,12,52,3,1,,
3.07,Lower-tier,Business,Northeast,3,1,3,Medium,Handshake,9,25,1,1,,
3.68,Mid-tier,STEM,South,0,0,8,Small,LinkedIn,4,24,2,1,,
3.18,Mid-tier,Business,Northeast,1,3,3,Medium,LinkedIn,7,61,7,2,,
2.73,Mid-tier,Business,Midwest,1,2,3,Large,Handshake,1,5,2,1,,
3.04,Lower-tier,STEM,West,0,2,5,Large,LinkedIn,7,5,0,0,,
3.05,Lower-tier,Humanities,Midwest,3,2,0,Medium,Indeed,6,42,3,3,,
2.42,Top-tier,Business,Midwest,0,1,2,Medium,Handshake,4,5,2,1,,
3.23,Lower-tier,Healthcare,Northeast,0,2,1,Large,Handshake,6,45,5,2,,
2.85,Lower-tier,STEM,Midwest,4,1,4,Medium,LinkedIn,2,15,2,1,,
2.88,Mid-tier,Business,Northeast,2,2,2,Medium,Handshake,4,21,1,1,,
3.86,Mid-tier,STEM,South,0,1,3,Medium,LinkedIn,1,5,2,2,,
3.06,Lower-tier,Business,Northeast,1,4,2,Large,Indeed,3,30,2,2,,
2.57,Lower-tier,Business,Midwest,0,3,1,Medium,LinkedIn,5,30,2,1,,
4.0,Mid-tier,Business,Northeast,1,1,3,Large,LinkedIn,4,24,2,2,,
3.36,Lower-tier,Healthcare,Midwest,2,4,3,Small,Handshake,1,7,1,0,,
3.25,Lower-tier,STEM,West,1,6,4,Medium,Handshake,10,55,2,2,,
3.21,Mid-tier,Business,Midwest,1,1,3,Large,LinkedIn,6,42,2,0,,
2.84,Lower-tier,STEM,Northeast,2,0,4,Large,Indeed,12,66,4,1,,
3.31,Mid-tier,Arts,West,0,8,2,Small,Handshake,7,37,2,1,,
3.15,Lower-tier,STEM,South,2,2,4,Large,LinkedIn,7,25,0,0,,
2.4,Mid-tier,Healthcare,South,2,0,7,Small,Handshake,8,60,2,1,,
3.04,Lower-tier,Business,Northeast,2,1,7,Medium,Indeed,4,46,0,0,,
3.35,Mid-tier,Business,West,3,2,1,Medium,LinkedIn,12,74,4,1,,
3.16,Mid-tier,Healthcare,West,0,0,3,Large,Indeed,9,70,1,0,,
2.8,Mid-tier,Healthcare,Midwest,2,2,6,Large,Handshake,1,5,0,0,,
2.93,Lower-tier,Business,Midwest,3,2,3,Medium,Handshake,11,45,2,1,,
3.42,Mid-tier,Healthcare,Northeast,0,1,4,Small,Indeed,1,14,0,0,,
3.8,Mid-tier,STEM,Midwest,1,2,5,Small,Indeed,2,26,2,1,,
3.68,Lower-tier,STEM,Northeast,1,3,6,Medium,Handshake,6,11,0,0,,
3.24,Mid-tier,STEM,South,5,3,2,Medium,LinkedIn,3,23,2,2,,
3.9,Lower-tier,STEM,Northeast,2,2,4,Medium,LinkedIn,2,18,1,0,,
3.05,Mid-tier,Business,West,1,2,5,Medium,Handshake,3,9,1,0,,
3.5,Mid-tier,Business,Midwest,2,1,4,Large,LinkedIn,10,111,3,0,,
3.36,Lower-tier,Business,West,1,2,5,Medium,Indeed,9,127,0,0,,
3.29,Top-tier,STEM,Northeast,0,1,3,Small,Handshake,4,10,2,2,,
2.51,Mid-tier,Healthcare,Midwest,0,2,0,Medium,LinkedIn,2,5,1,1,,
3.29,Mid-tier,Healthcare,Northeast,0,1,2,Large,Indeed,9,139,1,0,,
3.15,Mid-tier,Healthcare,South,2,4,5,Large,Handshake,2,12,2,1,,
3.37,Lower-tier,STEM,West,0,0,5,Medium,LinkedIn,6,58,3,0,,
3.26,Mid-tier,Arts,West,2,2,4,Medium,Indeed,8,137,2,2,,
3.03,Mid-tier,Business,West,1,0,0,Medium,LinkedIn,2,19,1,1,,
3.85,Mid-tier,STEM,South,2,0,4,Medium,Handshake,1,5,0,0,,
2.89,Lower-tier,Humanities,Midwest,0,1,2,Large,LinkedIn,5,50,1,0,,
3.95,Lower-tier,STEM,Midwest,1,3,1,Medium,Handshake,1,7,1,0,,
2.82,Top-tier,Healthcare,Midwest,2,1,2,Large,LinkedIn,11,154,10,2,,
3.37,Mid-tier,STEM,Midwest,1,2,2,Large,Indeed,8,50,0,0,,
3.41,Top-tier,Business,South,0,1,2,Medium,LinkedIn,11,55,3,2,,
2.8,Mid-tier,Business,South,1,1,0,Medium,LinkedIn,4,19,0,0,,
2.97,Mid-tier,STEM,Midwest,1,1,2,Small,Handshake,5,25,2,1,,
3.25,Mid-tier,Humanities,South,2,2,2,Medium,Handshake,12,48,3,0,,
3.12,Lower-tier,Healthcare,South,0,3,3,Medium,Handshake,10,66,3,1,,
3.19,Mid-tier,Healthcare,South,0,5,6,Medium,LinkedIn,2,11,2,2,,
3.34,Mid-tier,STEM,Midwest,0,1,0,Medium,Indeed,9,147,0,0,,
3.48,Mid-tier,Humanities,South,0,0,1,Large,Handshake,6,28,2,1,,
3.88,Lower-tier,STEM,Midwest,1,5,2,Medium,Handshake,10,61,7,1,,
3.19,Mid-tier,Business,West,1,3,1,Medium,Indeed,8,76,1,1,,
3.54,Lower-tier,Business,West,0,5,3,Large,LinkedIn,6,70,3,0,,
3.22,Top-tier,Business,South,4,3,1,Medium,Handshake,9,63,4,2,,
3.25,Top-tier,STEM,Northeast,1,4,3,Small,LinkedIn,6,46,2,0,,
2.72,Mid-tier,STEM,Midwest,1,1,5,Large,Handshake,7,23,2,1,,
3.2,Lower-tier,Business,South,0,1,3,Small,Handshake,7,53,5,1,,
3.58,Top-tier,Business,Northeast,3,0,5,Medium,Handshake,4,5,0,0,,
3.32,Lower-tier,STEM,South,3,1,3,Medium,Handshake,2,5,0,0,,
3.48,Mid-tier,Business,South,0,0,5,Large,Indeed,11,174,4,4,,
2.82,Mid-tier,Arts,South,0,1,2,Large,LinkedIn,7,52,2,1,,
3.22,Mid-tier,Healthcare,Midwest,1,1,1,Large,Handshake,2,8,0,0,,
3.29,Lower-tier,Humanities,South,0,3,1,Small,LinkedIn,3,19,0,0,,
2.92,Mid-tier,Healthcare,West,0,2,3,Medium,Handshake,6,39,2,1,,
2.85,Mid-tier,Humanities,Midwest,3,1,2,Large,LinkedIn,12,98,5,4,,
4.0,Top-tier,STEM,West,1,1,6,Small,LinkedIn,3,22,2,1,,
2.87,Lower-tier,Business,Northeast,1,1,3,Large,LinkedIn,7,43,2,1,,
3.21,Mid-tier,Humanities,South,0,1,5,Medium,LinkedIn,11,86,3,2,,
2.98,Mid-tier,Healthcare,West,0,2,2,Large,Indeed,2,39,0,0,,
2.25,Top-tier,STEM,Midwest,2,2,5,Small,LinkedIn,8,46,3,1,,
2.75,Lower-tier,Business,West,1,2,1,Large,Handshake,3,11,1,0,,
3.1,Lower-tier,STEM,Midwest,0,1,6,Large,LinkedIn,11,66,3,1,,
3.26,Mid-tier,Arts,West,2,1,3,Large,Handshake,2,9,2,2,,
2.64,Top-tier,Humanities,Northeast,1,1,0,Medium,Indeed,8,97,1,0,,
3.74,Mid-tier,Business,West,3,2,4,Small,LinkedIn,10,76,6,0,,
2.64,Lower-tier,STEM,Northeast,0,1,7,Medium,Indeed,7,53,2,1,,
3.32,Lower-tier,STEM,Midwest,0,3,4,Medium,Handshake,12,60,5,3,,
3.35,Mid-tier,Healthcare,West,0,2,5,Large,LinkedIn,5,56,3,1,,
2.92,Mid-tier,STEM,Northeast,4,0,3,Medium,Indeed,2,30,2,1,,
3.1,Lower-tier,STEM,Midwest,0,1,1,Large,Handshake,6,31,1,1,,
2.97,Lower-tier,Business,Northeast,0,2,4,Large,Handshake,8,45,5,2,,
3.06,Lower-tier,Healthcare,West,0,1,2,Medium,LinkedIn,11,95,1,0,,
3.43,Mid-tier,Business,Midwest,0,2,3,Small,LinkedIn,11,31,1,0,,
2.51,Lower-tier,Business,South,1,3,4,Large,Handshake,1,5,0,0,,
3.0,Mid-tier,Healthcare,Northeast,3,3,3,Large,LinkedIn,8,74,2,2,,
2.91,Mid-tier,Business,Midwest,0,2,3,Large,Indeed,2,24,0,0,,
3.16,Lower-tier,STEM,Northeast,0,3,2,Small,LinkedIn,10,118,5,3,,
3.4,Top-tier,Healthcare,Midwest,0,6,1,Medium,LinkedIn,6,51,1,1,,
3.15,Mid-tier,Healthcare,South,3,1,3,Large,LinkedIn,9,79,3,1,,
3.28,Mid-tier,Healthcare,South,3,1,4,Large,LinkedIn,3,18,2,2,,
3.28,Lower-tier,Humanities,West,1,1,5,Medium,Handshake,4,16,1,0,,
3.64,Lower-tier,STEM,West,1,3,0,Large,Indeed,6,127,2,2,,
3.4,Lower-tier,Business,Northeast,1,3,1,Medium,LinkedIn,6,39,0,0,,
3.87,Mid-tier,STEM,Midwest,1,5,3,Medium,Handshake,8,5,0,0,,
3.47,Mid-tier,Business,Midwest,0,2,1,Large,LinkedIn,8,61,3,3,,
3.17,Mid-tier,Humanities,South,3,3,3,Medium,Indeed,7,92,1,0,,
4.0,Top-tier,STEM,West,2,2,3,Small,Indeed,10,128,3,2,,
3.53,Mid-tier,STEM,Northeast,0,4,5,Small,Indeed,8,62,0,0,,
3.48,Lower-tier,Humanities,Midwest,3,2,3,Medium,Handshake,8,5,2,1,,
3.13,Mid-tier,Humanities,South,1,5,4,Medium,Indeed,3,36,2,1,,
3.64,Top-tier,Business,South,0,0,2,Medium,LinkedIn,7,65,1,0,,
3.07,Lower-tier,STEM,West,2,3,4,Large,Handshake,8,20,1,0,,
3.81,Lower-tier,Healthcare,Midwest,0,4,6,Medium,Handshake,2,7,0,0,,
3.8,Mid-tier,Humanities,Midwest,0,1,3,Small,Indeed,2,27,2,1,,
3.46,Mid-tier,Healthcare,Midwest,1,4,5,Medium,Handshake,11,31,1,0,,
2.93,Lower-tier,STEM,West,2,0,3,Large,Indeed,10,73,1,1,,
2.2,Lower-tier,Business,Northeast,4,3,4,Medium,LinkedIn,8,80,4,3,,
3.46,Lower-tier,STEM,Northeast,0,2,2,Medium,LinkedIn,7,54,2,1,,
4.0,Mid-tier,Business,Northeast,0,2,6,Small,Indeed,5,64,3,3,,
3.73,Mid-tier,Arts,West,1,2,2,Medium,LinkedIn,2,9,0,0,,
3.14,Lower-tier,Humanities,Midwest,0,2,2,Large,Handshake,7,53,4,1,,
3.5,Mid-tier,Business,Northeast,0,1,5,Medium,LinkedIn,1,5,0,0,,
2.57,Lower-tier,STEM,Northeast,2,2,1,Small,Handshake,6,16,2,1,,
3.77,Mid-tier,Business,West,0,2,0,Large,LinkedIn,1,5,2,2,,
3.3,Mid-tier,STEM,West,2,0,4,Large,Handshake,6,43,4,2,,
3.31,Mid-tier,STEM,Midwest,2,4,3,Large,Indeed,4,62,0,0,,
3.29,Mid-tier,Business,West,2,1,3,Large,LinkedIn,4,30,2,1,,
3.47,Mid-tier,Business,South,2,4,3,Large,Indeed,10,33,0,0,,
3.24,Mid-tier,Business,Midwest,2,1,4,Large,LinkedIn,6,48,3,3,,
2.9,Mid-tier,Healthcare,West,0,3,1,Large,LinkedIn,5,37,3,0,,
2.76,Mid-tier,Healthcare,Northeast,1,2,3,Medium,Indeed,10,141,2,0,,
3.1,Mid-tier,Humanities,South,0,0,8,Medium,Handshake,2,6,2,1,,
3.46,Mid-tier,Humanities,West,0,1,4,Medium,Handshake,6,5,2,1,,
3.44,Lower-tier,Business,West,1,5,1,Medium,Handshake,4,22,0,0,,
2.63,Mid-tier,Healthcare,South,1,3,2,Small,Handshake,12,38,0,0,,
3.36,Mid-tier,STEM,South,1,2,2,Large,LinkedIn,2,16,0,0,,
2.93,Mid-tier,STEM,Northeast,3,2,2,Small,LinkedIn,5,45,2,2,,
3.32,Lower-tier,Business,Northeast,0,2,5,Medium,Indeed,11,231,2,2,,
3.37,Lower-tier,Business,South,3,3,3,Medium,Handshake,9,28,2,1,,
3.25,Mid-tier,STEM,Midwest,0,0,0,Medium,Handshake,10,43,1,0,,
2.98,Top-tier,Humanities,South,1,2,1,Small,Handshake,12,60,7,1,,
3.45,Lower-tier,Business,Midwest,0,2,1,Large,Handshake,8,42,3,1,,
3.2,Top-tier,Business,South,2,1,1,Medium,LinkedIn,7,74,2,1,,
3.33,Mid-tier,Business,Northeast,1,2,3,Small,LinkedIn,9,96,1,0,,
3.14,Top-tier,Healthcare,West,1,1,6,Small,LinkedIn,11,53,3,2,,
3.28,Top-tier,Business,Midwest,1,4,1,Small,Handshake,10,5,1,0,,
3.48,Mid-tier,Humanities,Northeast,1,1,3,Large,LinkedIn,9,48,1,1,,
2.72,Top-tier,Business,West,0,2,3,Large,LinkedIn,12,102,6,1,,
2.92,Top-tier,Business,West,1,0,3,Medium,Handshake,5,36,3,2,,
3.63,Mid-tier,STEM,West,3,1,2,Medium,LinkedIn,7,66,3,2,,
2.97,Lower-tier,Business,Midwest,2,1,2,Small,LinkedIn,11,77,4,3,,
3.93,Lower-tier,Business,Northeast,2,2,3,Large,LinkedIn,4,8,0,0,,
3.62,Mid-tier,Business,South,1,1,2,Medium,LinkedIn,7,74,2,2,,
2.93,Lower-tier,Business,West,3,3,2,Large,Handshake,1,5,2,1,,
3.21,Mid-tier,Healthcare,West,2,5,4,Large,Handshake,4,6,0,0,,
3.71,Mid-tier,STEM,South,0,4,2,Medium,LinkedIn,5,47,0,0,,
3.74,Mid-tier,STEM,Midwest,2,3,0,Large,Indeed,7,79,0,0,,
3.54,Lower-tier,Business,Midwest,1,1,4,Large,LinkedIn,1,11,2,1,,
3.17,Mid-tier,Humanities,Northeast,2,4,2,Medium,Indeed,7,5,1,1,,
2.84,Mid-tier,Business,Midwest,1,3,3,Large,LinkedIn,1,8,0,0,,
2.41,Lower-tier,Business,West,2,2,3,Large,Handshake,12,50,4,1,,
3.27,Lower-tier,Business,Northeast,0,2,7,Medium,Handshake,6,13,1,1,,
2.82,Mid-tier,STEM,West,1,1,5,Large,LinkedIn,10,48,1,1,,
3.35,Lower-tier,Business,South,2,4,4,Large,LinkedIn,10,56,2,1,,
3.89,Mid-tier,Humanities,South,0,0,0,Medium,LinkedIn,4,30,2,1,,
3.16,Mid-tier,Business,Midwest,0,2,2,Large,LinkedIn,10,126,4,2,,
2.97,Mid-tier,Healthcare,South,0,1,4,Large,LinkedIn,9,105,5,2,,
3.4,Mid-tier,Humanities,South,0,1,5,Large,LinkedIn,1,7,0,0,,
2.82,Top-tier,STEM,Midwest,0,3,6,Medium,Indeed,6,62,1,0,,
3.5,Mid-tier,Arts,Midwest,0,5,7,Large,Handshake,12,36,2,2,,
3.48,Mid-tier,Business,West,1,2,2,Large,LinkedIn,11,124,7,3,,
3.9,Top-tier,Business,West,0,0,4,Large,LinkedIn,10,56,1,1,,
3.09,Mid-tier,Business,Northeast,1,2,1,Medium,Handshake,8,41,3,2,,
3.17,Mid-tier,Healthcare,West,2,3,3,Medium,Handshake,8,57,3,3,,
2.6,Lower-tier,STEM,West,0,1,6,Small,Handshake,5,28,4,1,,
3.53,Mid-tier,Humanities,South,1,3,2,Large,LinkedIn,9,42,2,1,,
4.0,Mid-tier,Humanities,West,1,1,3,Medium,Handshake,11,99,5,3,,
3.45,Lower-tier,Business,Northeast,1,5,3,Medium,Indeed,8,136,0,0,,
3.22,Lower-tier,STEM,Midwest,1,0,2,Medium,Handshake,12,22,2,1,,
2.66,Lower-tier,Arts,South,2,2,2,Medium,Handshake,5,43,3,0,,
3.14,Mid-tier,STEM,West,2,1,1,Medium,LinkedIn,4,16,0,0,,
4.0,Mid-tier,Healthcare,West,0,3,3,Medium,Handshake,10,43,3,0,,
3.81,Mid-tier,Business,Northeast,0,1,6,Medium,LinkedIn,5,65,4,4,,
3.04,Mid-tier,Humanities,Northeast,2,1,4,Small,Indeed,10,98,0,0,,
2.94,Lower-tier,Business,Northeast,0,6,2,Small,Handshake,10,53,3,2,,
3.8,Lower-tier,STEM,West,2,1,4,Small,LinkedIn,1,8,2,2,,
3.39,Mid-tier,Healthcare,Midwest,2,3,1,Small,Handshake,11,60,2,1,,
3.52,Top-tier,STEM,Midwest,0,1,3,Large,Handshake,8,46,5,0,,
2.71,Mid-tier,Business,West,1,1,8,Medium,LinkedIn,1,10,0,0,,
3.11,Mid-tier,STEM,South,4,4,3,Large,Indeed,12,232,1,0,,
2.86,Top-tier,Healthcare,Northeast,3,3,4,Medium,LinkedIn,1,10,1,1,,
3.55,Mid-tier,Business,West,4,0,1,Large,Handshake,5,21,1,0,,
3.75,Mid-tier,Business,West,2,5,2,Small,LinkedIn,1,6,2,1,,
2.8,Mid-tier,Healthcare,Midwest,0,4,4,Large,Handshake,6,22,2,1,,
3.11,Lower-tier,Business,Northeast,0,3,4,Medium,Indeed,1,12,2,1,,
2.69,Mid-tier,Healthcare,West,0,3,5,Large,Handshake,7,35,2,2,,
3.33,Lower-tier,STEM,Northeast,2,2,2,Large,Indeed,9,120,2,1,,
3.3,Mid-tier,STEM,West,0,0,2,Medium,Handshake,8,37,2,1,,
3.1,Mid-tier,STEM,Midwest,3,4,3,Medium,Handshake,3,5,0,0,,
3.33,Mid-tier,STEM,South,1,2,7,Large,LinkedIn,6,31,1,0,,
2.94,Mid-tier,Humanities,Midwest,1,2,2,Medium,Indeed,12,188,4,3,,
2.9,Lower-tier,Arts,South,1,4,6,Large,Handshake,7,56,6,2,,
2.53,Mid-tier,Business,South,0,1,4,Large,Handshake,6,6,0,0,,
3.59,Lower-tier,Business,West,0,0,2,Medium,LinkedIn,6,44,1,1,,
3.12,Mid-tier,Humanities,West,1,1,2,Large,Handshake,10,83,2,1,,
3.23,Mid-tier,Business,West,4,2,5,Small,LinkedIn,10,16,2,1,,
2.01,Lower-tier,Business,Midwest,2,3,2,Medium,LinkedIn,6,43,3,1,,
3.06,Lower-tier,Healthcare,Northeast,0,2,5,Large,Indeed,4,46,3,2,,
3.03,Lower-tier,Humanities,Northeast,0,2,7,Medium,Handshake,7,28,3,1,,
3.39,Mid-tier,Humanities,Northeast,0,2,4,Medium,LinkedIn,3,30,3,2,,
3.18,Mid-tier,STEM,Northeast,1,2,2,Large,LinkedIn,6,54,3,2,,
2.11,Lower-tier,Humanities,Northeast,1,0,7,Large,Indeed,6,89,1,0,,
3.67,Mid-tier,STEM,Midwest,1,3,3,Small,Handshake,2,5,2,1,,
2.95,Lower-tier,Business,Northeast,1,3,6,Medium,Indeed,1,7,2,1,,
3.53,Top-tier,STEM,South,3,2,3,Small,LinkedIn,5,51,3,3,,
3.27,Lower-tier,STEM,South,0,1,3,Large,Handshake,12,96,9,3,,
2.83,Top-tier,STEM,West,1,2,3,Medium,Handshake,11,73,4,4,,
3.37,Mid-tier,Business,West,2,1,4,Medium,LinkedIn,2,14,2,1,,
2.75,Lower-tier,Healthcare,Midwest,3,0,0,Medium,LinkedIn,4,16,1,0,,
3.34,Mid-tier,Business,West,1,2,2,Small,Indeed,10,180,6,4,,
3.32,Top-tier,Healthcare,West,4,4,3,Small,Handshake,5,10,2,2,,
2.71,Mid-tier,Arts,Northeast,3,4,2,Medium,Indeed,2,23,1,0,,
3.85,Top-tier,Business,South,1,5,4,Medium,LinkedIn,2,14,2,1,,
3.02,Mid-tier,STEM,Midwest,1,0,3,Large,Indeed,12,86,3,2,,
3.23,Lower-tier,Healthcare,West,0,2,4,Medium,LinkedIn,4,30,1,1,,
3.52,Mid-tier,Business,West,1,1,2,Large,Indeed,1,17,2,2,,
3.42,Mid-tier,Business,Midwest,1,6,2,Large,LinkedIn,9,64,3,2,,
2.92,Lower-tier,Business,Midwest,0,2,4,Medium,Handshake,4,18,3,2,,
2.74,Mid-tier,STEM,South,1,0,1,Large,LinkedIn,10,115,4,1,,
3.52,Mid-tier,Healthcare,Midwest,1,4,3,Large,Handshake,10,38,2,0,,
2.53,Lower-tier,STEM,West,0,4,3,Large,Indeed,3,35,2,1,,
3.79,Mid-tier,Business,West,3,2,1,Large,LinkedIn,10,91,4,3,,
3.23,Top-tier,Humanities,Northeast,3,1,2,Medium,Handshake,2,7,2,2,,
3.26,Lower-tier,Business,West,0,0,4,Medium,LinkedIn,6,62,1,0,,
3.29,Lower-tier,STEM,South,0,0,2,Medium,Indeed,9,114,5,4,,
2.89,Lower-tier,STEM,West,1,3,4,Large,LinkedIn,2,16,1,0,,
2.89,Mid-tier,Humanities,South,0,4,4,Small,LinkedIn,2,11,0,0,,
3.36,Mid-tier,STEM,Northeast,0,1,7,Medium,LinkedIn,8,44,4,1,,
3.14,Mid-tier,STEM,West,1,6,1,Medium,LinkedIn,7,63,1,0,,
3.42,Mid-tier,Business,South,0,6,5,Small,Handshake,7,44,5,3,,
3.04,Mid-tier,STEM,South,0,1,5,Medium,LinkedIn,6,31,2,1,,
2.79,Lower-tier,Business,West,0,0,1,Large,LinkedIn,9,93,2,2,,
3.33,Mid-tier,Business,Northeast,4,2,4,Large,Handshake,7,49,6,0,,
2.37,Top-tier,STEM,West,1,3,3,Large,LinkedIn,12,70,2,2,,
2.97,Lower-tier,Humanities,Northeast,2,2,1,Small,Handshake,2,9,1,0,,
2.98,Top-tier,Healthcare,West,2,3,5,Medium,LinkedIn,10,98,3,1,,
3.08,Lower-tier,Business,Northeast,3,2,1,Medium,LinkedIn,10,48,3,1,,
2.79,Top-tier,Humanities,Northeast,1,2,3,Large,LinkedIn,5,50,2,1,,
3.89,Top-tier,Humanities,West,1,4,4,Large,Indeed,2,25,2,2,,
3.42,Mid-tier,STEM,Northeast,1,1,6,Large,Handshake,5,21,2,1,,
2.86,Top-tier,Business,Midwest,1,4,5,Small,Handshake,1,5,1,0,,
3.34,Mid-tier,Humanities,Midwest,2,2,2,Medium,Indeed,2,22,2,1,,
3.22,Lower-tier,Business,South,2,0,7,Medium,LinkedIn,4,28,1,0,,
3.27,Lower-tier,Healthcare,West,2,2,5,Small,LinkedIn,10,108,2,1,,
3.42,Top-tier,Business,Midwest,0,4,5,Medium,Handshake,4,18,0,0,,
3.26,Lower-tier,Business,Midwest,0,4,5,Medium,Handshake,9,43,3,0,,
3.7,Top-tier,STEM,Midwest,0,4,3,Medium,Handshake,9,34,2,0,,
2.89,Mid-tier,STEM,Northeast,3,1,2,Large,Handshake,8,18,1,1,,
3.51,Mid-tier,Business,Midwest,2,0,3,Large,LinkedIn,11,84,4,4,,
3.66,Top-tier,STEM,Northeast,2,3,2,Small,LinkedIn,12,164,4,2,,
2.79,Lower-tier,STEM,Midwest,0,4,2,Large,Indeed,3,46,0,0,,
3.11,Mid-tier,Business,South,1,1,2,Medium,LinkedIn,2,14,2,2,,
2.43,Lower-tier,STEM,South,0,2,1,Small,Handshake,3,5,0,0,,
2.71,Lower-tier,Humanities,South,1,5,2,Large,LinkedIn,9,57,4,3,,
2.75,Top-tier,STEM,South,1,2,3,Medium,LinkedIn,12,158,6,2,,
3.07,Mid-tier,STEM,Midwest,2,3,3,Large,Indeed,1,10,0,0,,
3.05,Top-tier,Healthcare,Northeast,0,1,0,Large,LinkedIn,6,65,2,0,,
2.16,Lower-tier,STEM,South,0,0,4,Small,LinkedIn,5,55,2,2,,
3.47,Top-tier,STEM,West,1,3,4,Medium,Handshake,10,63,4,3,,
3.67,Mid-tier,Business,South,1,2,3,Medium,Indeed,7,94,0,0,,
3.18,Mid-tier,Business,Northeast,2,1,5,Medium,LinkedIn,1,9,0,0,,
2.79,Mid-tier,Business,Northeast,2,2,1,Large,Handshake,3,10,2,2,,
2.88,Mid-tier,Business,South,0,1,2,Large,LinkedIn,4,7,0,0,,
3.04,Mid-tier,Healthcare,South,0,4,3,Medium,LinkedIn,9,78,1,1,,
2.42,Mid-tier,Business,West,1,4,3,Medium,LinkedIn,9,67,7,2,,
3.29,Mid-tier,Arts,Northeast,4,2,1,Large,Handshake,5,12,2,0,,
3.03,Mid-tier,Healthcare,Northeast,0,3,3,Medium,LinkedIn,5,63,1,0,,
3.18,Mid-tier,Healthcare,West,0,0,3,Large,Indeed,12,70,1,0,,
3.3,Top-tier,STEM,South,1,2,5,Large,LinkedIn,9,22,0,0,,
3.5,Mid-tier,Humanities,West,3,3,2,Small,Handshake,1,5,2,2,,
3.58,Lower-tier,Healthcare,West,1,0,2,Medium,Indeed,10,116,6,5,,
2.54,Top-tier,STEM,Northeast,4,1,1,Medium,LinkedIn,10,118,2,2,,
2.91,Top-tier,Arts,South,3,2,0,Large,LinkedIn,1,6,2,1,,
3.05,Top-tier,Healthcare,Midwest,3,2,2,Medium,Indeed,6,78,4,0,,
2.64,Lower-tier,STEM,Northeast,1,2,2,Medium,LinkedIn,8,54,0,0,,
2.99,Mid-tier,STEM,West,1,1,2,Small,LinkedIn,8,81,2,1,,
3.6,Lower-tier,Humanities,Northeast,1,1,3,Medium,Handshake,6,34,3,0,,
3.36,Mid-tier,Business,Northeast,3,0,1,Large,LinkedIn,9,9,2,2,,
2.98,Mid-tier,Healthcare,Midwest,0,1,2,Small,Handshake,11,33,2,1,,
2.58,Mid-tier,Business,West,1,3,7,Small,LinkedIn,12,50,1,1,,
3.2,Lower-tier,Business,Northeast,0,4,3,Medium,Handshake,6,28,2,0,,
2.92,Mid-tier,Humanities,West,0,2,4,Large,Handshake,12,60,2,1,,
2.94,Lower-tier,Humanities,Northeast,2,1,1,Large,Handshake,5,15,0,0,,
3.23,Mid-tier,Humanities,Northeast,0,1,2,Large,LinkedIn,9,51,2,0,,
3.65,Lower-tier,STEM,West,2,2,4,Large,Handshake,6,6,0,0,,
3.38,Mid-tier,Humanities,West,1,1,1,Large,Handshake,3,23,1,0,,
3.72,Mid-tier,STEM,South,2,4,3,Small,Handshake,12,72,3,1,,
3.52,Lower-tier,STEM,Northeast,2,0,1,Small,Indeed,3,58,1,0,,
3.35,Lower-tier,Business,South,1,2,3,Small,Handshake,11,22,1,1,,
3.45,Mid-tier,STEM,West,2,4,6,Small,LinkedIn,8,45,1,0,,
2.85,Lower-tier,Humanities,Midwest,2,2,3,Large,Handshake,2,17,1,0,,
3.16,Mid-tier,Healthcare,South,0,1,1,Small,Indeed,3,38,0,0,,
2.66,Mid-tier,Healthcare,West,0,3,2,Large,Indeed,12,242,4,2,,
4.0,Top-tier,Arts,South,0,0,0,Large,Handshake,4,34,2,1,,
3.95,Mid-tier,Healthcare,West,0,4,1,Small,LinkedIn,10,78,2,1,,
3.07,Mid-tier,Healthcare,Midwest,1,4,3,Medium,LinkedIn,11,113,2,2,,
3.23,Lower-tier,Humanities,West,0,0,3,Medium,LinkedIn,4,17,0,0,,
3.62,Lower-tier,STEM,West,0,3,5,Medium,Handshake,11,11,1,1,,
3.09,Mid-tier,Humanities,Northeast,0,1,4,Medium,Indeed,3,41,2,0,,
2.97,Lower-tier,Business,Northeast,1,1,3,Small,LinkedIn,9,93,2,2,,
3.36,Lower-tier,Humanities,Midwest,0,2,2,Medium,Handshake,1,9,0,0,,
3.14,Lower-tier,Healthcare,Northeast,1,2,6,Large,LinkedIn,8,116,2,1,,
2.97,Top-tier,STEM,Northeast,0,1,7,Large,Handshake,10,18,1,1,,
2.86,Top-tier,Arts,Northeast,0,0,2,Large,LinkedIn,5,52,2,1,,
3.1,Mid-tier,STEM,West,2,3,3,Medium,Indeed,4,45,0,0,,
2.66,Top-tier,Business,Midwest,0,3,3,Small,Handshake,7,16,0,0,,
2.69,Top-tier,Business,Northeast,2,1,1,Medium,LinkedIn,5,6,2,2,,
2.9,Top-tier,Humanities,West,0,0,4,Large,LinkedIn,2,14,2,0,,
2.57,Mid-tier,STEM,Northeast,3,1,4,Large,Indeed,5,50,2,1,,
4.0,Lower-tier,Business,South,3,0,1,Large,Handshake,8,29,2,2,,
3.03,Lower-tier,Arts,Northeast,2,1,3,Large,Handshake,6,13,2,1,,
2.82,Mid-tier,STEM,West,3,3,2,Medium,LinkedIn,4,14,2,2,,
2.89,Lower-tier,Business,West,1,1,3,Medium,LinkedIn,7,30,1,0,,
3.05,Lower-tier,Healthcare,Northeast,0,2,5,Medium,LinkedIn,10,70,2,1,,
3.85,Mid-tier,Humanities,Midwest,0,2,3,Large,Indeed,5,45,2,1,,
2.88,Lower-tier,Business,Midwest,2,1,5,Large,Handshake,3,5,1,0,,
2.81,Lower-tier,STEM,Northeast,3,2,2,Large,Indeed,9,132,6,2,,
3.59,Lower-tier,Business,West,2,1,3,Large,LinkedIn,3,12,2,1,,
3.4,Lower-tier,Business,South,1,1,1,Large,Indeed,6,119,0,0,,
3.27,Mid-tier,Humanities,Midwest,1,2,5,Large,Indeed,11,117,1,0,,
3.57,Mid-tier,Business,Northeast,0,1,1,Small,LinkedIn,1,5,2,2,,
3.15,Mid-tier,STEM,Northeast,0,4,3,Small,Indeed,12,244,7,2,,
3.1,Mid-tier,Business,Northeast,0,3,3,Large,Handshake,3,6,1,1,,
2.07,Mid-tier,Arts,Northeast,0,3,2,Large,LinkedIn,3,17,1,1,,
2.88,Mid-tier,Healthcare,West,0,1,3,Medium,LinkedIn,4,38,2,0,,
3.54,Top-tier,Humanities,South,2,3,2,Large,Handshake,6,36,3,2,,
3.32,Lower-tier,Healthcare,South,0,3,3,Large,LinkedIn,4,11,0,0,,
3.63,Mid-tier,Business,Midwest,1,1,2,Large,Indeed,10,145,1,0,,
2.74,Mid-tier,STEM,West,0,0,3,Medium,Handshake,3,16,2,1,,
3.54,Mid-tier,Business,West,2,1,3,Medium,Handshake,2,16,0,0,,
3.11,Mid-tier,Humanities,South,0,3,4,Large,Handshake,11,29,2,0,,
4.0,Lower-tier,STEM,Midwest,0,3,3,Large,LinkedIn,1,15,2,0,,
2.88,Lower-tier,Arts,Midwest,3,1,3,Medium,Indeed,3,47,1,1,,
3.33,Lower-tier,Humanities,Northeast,0,2,1,Large,Handshake,6,42,2,2,,
3.66,Lower-tier,Business,Northeast,0,1,2,Medium,Indeed,5,6,1,0,,
2.54,Mid-tier,STEM,West,2,3,4,Medium,Indeed,3,14,0,0,,
2.36,Lower-tier,Humanities,West,1,2,1,Medium,Handshake,1,5,0,0,,
3.24,Mid-tier,Business,Midwest,0,2,3,Medium,LinkedIn,3,43,1,1,,
3.71,Lower-tier,Healthcare,West,4,2,2,Medium,LinkedIn,8,73,3,1,,
2.71,Lower-tier,STEM,West,2,2,7,Large,Indeed,11,121,1,0,,
3.42,Mid-tier,Business,South,1,3,2,Large,LinkedIn,9,27,2,1,,
3.34,Top-tier,STEM,South,2,2,4,Medium,LinkedIn,6,62,4,2,,
3.22,Lower-tier,Humanities,West,3,2,6,Medium,Handshake,5,27,2,2,,
3.37,Mid-tier,Business,South,1,4,3,Medium,LinkedIn,3,37,2,0,,
3.32,Lower-tier,Business,South,0,1,4,Large,Handshake,2,15,2,1,,
3.47,Mid-tier,Business,South,0,1,2,Small,Indeed,11,150,3,2,,
3.8,Top-tier,Business,West,3,0,3,Medium,Handshake,9,60,4,4,,
3.97,Mid-tier,Business,Northeast,2,2,4,Large,Indeed,8,62,4,4,,
3.31,Mid-tier,STEM,Northeast,0,3,5,Medium,LinkedIn,5,50,1,1,,
3.44,Mid-tier,Humanities,Midwest,1,2,2,Medium,LinkedIn,6,85,2,2,,
3.22,Lower-tier,STEM,Northeast,0,0,1,Medium,Indeed,7,63,0,0,,
3.27,Mid-tier,Business,South,1,2,5,Medium,LinkedIn,12,190,5,1,,
2.67,Mid-tier,STEM,Northeast,2,0,3,Medium,Handshake,1,5,0,0,,
3.54,Lower-tier,Humanities,Northeast,1,0,4,Large,Handshake,3,42,5,0,,
3.67,Lower-tier,STEM,West,1,1,2,Large,LinkedIn,9,63,3,2,,
3.7,Lower-tier,STEM,Northeast,0,5,4,Medium,Handshake,5,22,2,1,,
3.35,Mid-tier,Humanities,South,0,2,6,Small,Indeed,3,36,1,1,,
3.47,Mid-tier,Healthcare,Midwest,1,2,5,Medium,Handshake,9,25,2,2,,
3.45,Lower-tier,STEM,South,3,2,6,Large,Handshake,9,57,2,2,,
2.78,Mid-tier,STEM,Midwest,3,3,1,Medium,Indeed,9,93,0,0,,
3.07,Mid-tier,Business,Northeast,1,2,4,Medium,LinkedIn,11,102,3,3,,
3.49,Mid-tier,Humanities,Northeast,0,3,5,Medium,Indeed,8,132,2,2,,
3.88,Lower-tier,Business,Northeast,0,1,5,Medium,Handshake,2,10,2,1,,
3.6,Mid-tier,Business,Northeast,1,0,5,Large,Handshake,9,73,4,0,,
3.39,Lower-tier,Healthcare,West,1,1,6,Large,Handshake,11,60,2,2,,
3.11,Top-tier,Business,Midwest,0,1,3,Medium,LinkedIn,10,98,2,2,,
2.82,Top-tier,Healthcare,Midwest,2,1,2,Large,Indeed,1,10,0,0,,
2.73,Lower-tier,Business,West,1,0,0,Medium,LinkedIn,12,60,3,1,,
3.88,Mid-tier,Healthcare,Northeast,1,0,4,Medium,Handshake,6,9,2,2,,
2.61,Mid-tier,Humanities,Midwest,0,2,2,Medium,Indeed,12,126,1,0,,
2.76,Lower-tier,Healthcare,South,3,3,1,Large,Handshake,8,54,3,2,,
2.75,Lower-tier,Healthcare,South,3,3,3,Large,LinkedIn,10,6,0,0,,
3.81,Mid-tier,Business,Northeast,2,1,7,Small,Indeed,6,101,6,5,,
3.24,Lower-tier,Business,South,2,3,3,Small,LinkedIn,4,51,3,1,,
3.26,Mid-tier,STEM,Midwest,1,0,4,Large,Handshake,5,40,2,2,,
3.42,Top-tier,Business,Northeast,0,4,4,Large,LinkedIn,9,99,2,1,,
3.62,Mid-tier,STEM,West,2,2,3,Large,Indeed,7,42,0,0,,
2.95,Lower-tier,Business,South,1,1,1,Large,Indeed,6,77,1,0,,
3.26,Mid-tier,Healthcare,South,2,5,6,Medium,Handshake,7,37,2,2,,
2.53,Lower-tier,STEM,Northeast,2,1,5,Medium,Handshake,2,12,1,0,,
3.9,Lower-tier,STEM,Midwest,2,1,3,Large,Handshake,7,33,3,2,,
3.48,Mid-tier,Healthcare,Midwest,0,3,8,Medium,LinkedIn,4,42,3,1,,
2.98,Mid-tier,Business,Northeast,2,1,0,Medium,LinkedIn,2,30,2,0,,
2.68,Lower-tier,STEM,Northeast,2,2,0,Medium,Handshake,2,18,2,2,,
3.52,Top-tier,Business,Midwest,2,1,5,Medium,Indeed,10,100,1,0,,
3.52,Lower-tier,STEM,Midwest,1,2,2,Medium,LinkedIn,9,123,3,2,,
3.43,Lower-tier,Humanities,Northeast,1,1,3,Large,Indeed,10,131,2,2,,
3.17,Lower-tier,STEM,South,0,2,3,Medium,LinkedIn,2,21,2,2,,
2.98,Top-tier,Business,Northeast,2,0,6,Medium,Indeed,8,153,4,2,,
3.39,Lower-tier,Business,Midwest,1,0,4,Large,LinkedIn,2,17,1,1,,
3.17,Mid-tier,STEM,Northeast,1,3,0,Medium,LinkedIn,3,37,4,1,,
2.75,Lower-tier,STEM,South,3,4,1,Medium,LinkedIn,8,57,3,1,,
3.25,Lower-tier,Business,West,0,3,4,Large,LinkedIn,6,37,0,0,,
2.94,Lower-tier,Humanities,Midwest,0,0,4,Medium,Indeed,4,48,0,0,,
2.71,Lower-tier,Business,South,1,1,6,Large,Handshake,1,5,2,2,,
3.08,Top-tier,STEM,South,0,1,2,Medium,LinkedIn,3,35,2,2,,
3.1,Lower-tier,STEM,South,0,0,2,Large,Indeed,9,106,6,1,,
2.83,Mid-tier,Arts,West,0,0,5,Medium,Handshake,4,8,1,0,,
2.94,Lower-tier,STEM,Northeast,2,1,0,Medium,LinkedIn,4,39,2,2,,
3.33,Mid-tier,STEM,South,0,2,6,Large,LinkedIn,6,33,3,2,,
4.0,Mid-tier,STEM,South,0,3,3,Large,LinkedIn,3,5,0,0,,
3.66,Lower-tier,Healthcare,Northeast,0,3,4,Large,Handshake,2,11,2,1,,
2.14,Mid-tier,Business,Northeast,2,2,6,Small,LinkedIn,5,66,1,0,,
3.68,Lower-tier,Humanities,Midwest,4,2,2,Small,LinkedIn,2,11,2,1,,
3.22,Lower-tier,Humanities,West,0,0,3,Medium,Handshake,1,5,0,0,,
2.93,Lower-tier,Arts,Midwest,1,1,4,Large,Handshake,9,36,5,2,,
3.92,Mid-tier,Business,Northeast,1,0,3,Medium,LinkedIn,6,27,4,0,,
3.42,Lower-tier,Humanities,West,0,4,3,Medium,Handshake,5,36,3,0,,
3.1,Lower-tier,Business,Northeast,2,3,3,Large,Handshake,9,84,7,0,,
3.56,Lower-tier,Humanities,South,2,2,5,Large,Indeed,4,58,2,1,,
2.84,Mid-tier,STEM,West,0,3,4,Medium,Indeed,12,180,7,5,,
2.74,Mid-tier,STEM,Northeast,0,2,4,Medium,Handshake,12,22,2,1,,
3.37,Lower-tier,Business,Midwest,3,4,6,Large,LinkedIn,7,94,4,2,,
3.7,Mid-tier,Healthcare,West,0,2,2,Large,Indeed,10,5,0,0,,
2.68,Mid-tier,STEM,West,2,2,7,Large,LinkedIn,11,38,0,0,,
3.46,Top-tier,Humanities,Midwest,0,1,1,Medium,Handshake,10,61,6,1,,
3.83,Lower-tier,STEM,South,1,3,4,Medium,LinkedIn,4,18,2,1,,
3.15,Lower-tier,Humanities,South,1,1,2,Medium,LinkedIn,1,9,0,0,,
3.42,Mid-tier,Business,Northeast,2,0,7,Large,LinkedIn,3,28,0,0,,
3.2,Mid-tier,STEM,West,1,0,2,Medium,LinkedIn,11,111,4,1,,
4.0,Top-tier,STEM,West,0,3,5,Medium,LinkedIn,11,36,3,0,,
3.27,Top-tier,STEM,Northeast,4,2,3,Small,Handshake,8,85,2,1,,
3.63,Mid-tier,Humanities,West,0,1,3,Medium,Handshake,4,20,1,1,,
3.55,Lower-tier,Business,West,1,0,2,Medium,LinkedIn,7,42,1,0,,
2.75,Mid-tier,Healthcare,South,3,4,3,Small,LinkedIn,3,17,1,0,,
3.64,Lower-tier,STEM,Midwest,2,1,6,Large,Indeed,2,24,0,0,,
2.9,Top-tier,Humanities,West,0,4,2,Medium,Indeed,11,31,1,0,,
3.59,Mid-tier,Business,West,0,2,2,Large,Handshake,4,21,2,0,,
4.0,Top-tier,Business,West,1,2,2,Medium,LinkedIn,11,126,6,3,,
4.0,Lower-tier,STEM,Northeast,0,2,3,Large,Indeed,11,137,2,1,,
3.42,Mid-tier,Business,Northeast,1,3,2,Medium,Handshake,11,66,4,1,,
3.58,Mid-tier,Business,West,4,2,4,Medium,Handshake,5,10,0,0,,
3.04,Lower-tier,Healthcare,Northeast,0,3,2,Medium,Indeed,2,48,1,1,,
2.96,Lower-tier,STEM,Midwest,2,1,3,Large,Handshake,1,7,1,1,,
3.25,Lower-tier,Healthcare,South,0,3,3,Small,Handshake,1,5,2,2,,
3.03,Lower-tier,Healthcare,Midwest,2,2,2,Large,Handshake,3,5,0,0,,
3.66,Mid-tier,STEM,Northeast,1,1,3,Large,LinkedIn,3,35,0,0,,
2.93,Mid-tier,Business,Midwest,2,2,4,Medium,LinkedIn,7,57,1,1,,
3.3,Mid-tier,Humanities,West,1,6,1,Medium,LinkedIn,1,13,2,1,,
3.33,Lower-tier,STEM,Northeast,1,5,0,Small,Indeed,3,35,2,1,,
2.9,Top-tier,Healthcare,West,0,3,3,Large,Handshake,4,25,2,2,,
3.15,Lower-tier,Business,West,1,2,3,Medium,Indeed,6,97,1,1,,
3.01,Mid-tier,Business,Northeast,1,1,3,Large,LinkedIn,1,10,2,0,,
3.34,Mid-tier,Arts,West,2,2,0,Large,Indeed,1,14,0,0,,
3.92,Mid-tier,Healthcare,South,1,0,4,Medium,Handshake,9,39,1,1,,
3.6,Lower-tier,Humanities,Midwest,0,2,1,Large,Indeed,6,69,1,1,,
3.27,Top-tier,STEM,Midwest,1,2,1,Small,LinkedIn,7,64,4,1,,
2.98,Mid-tier,Humanities,South,2,2,4,Large,Handshake,5,35,4,2,,
2.07,Lower-tier,STEM,Northeast,0,1,2,Medium,Handshake,2,5,0,0,,
3.08,Lower-tier,Healthcare,Midwest,0,2,4,Medium,Handshake,6,12,3,0,,
2.72,Mid-tier,Business,South,0,3,1,Small,Handshake,9,39,3,2,,
2.53,Mid-tier,Business,South,2,2,3,Large,LinkedIn,2,20,1,0,,
3.06,Mid-tier,STEM,South,0,0,2,Medium,Indeed,8,100,0,0,,
2.52,Lower-tier,STEM,Midwest,1,0,5,Large,Indeed,1,19,2,1,,
3.14,Mid-tier,STEM,Midwest,0,5,0,Large,LinkedIn,5,31,2,1,,
3.48,Mid-tier,Business,West,0,1,2,Medium,Indeed,6,57,2,2,,
2.84,Mid-tier,STEM,South,1,2,1,Medium,LinkedIn,3,17,1,1,,
3.57,Mid-tier,STEM,Northeast,1,1,1,Large,LinkedIn,10,55,1,0,,
2.86,Lower-tier,STEM,South,1,0,5,Large,LinkedIn,3,32,2,2,,
3.12,Mid-tier,Healthcare,West,1,2,4,Small,Handshake,11,71,5,1,,
3.32,Lower-tier,Humanities,West,4,3,4,Small,Handshake,1,5,2,1,,
3.18,Mid-tier,Business,Midwest,0,1,0,Large,LinkedIn,6,33,2,1,,
2.87,Mid-tier,Humanities,Northeast,0,1,3,Large,Indeed,3,42,0,0,,
3.17,Top-tier,STEM,Northeast,2,3,3,Large,LinkedIn,10,70,2,1,,
3.36,Mid-tier,Healthcare,Midwest,2,2,3,Large,LinkedIn,9,105,4,0,,
3.26,Mid-tier,Humanities,Northeast,2,1,3,Large,LinkedIn,5,50,5,1,,
3.88,Top-tier,Humanities,South,2,1,1,Medium,LinkedIn,7,80,4,2,,
2.93,Mid-tier,Humanities,South,1,4,2,Medium,LinkedIn,7,61,2,0,,
2.81,Mid-tier,Humanities,Midwest,0,2,4,Large,Handshake,7,51,3,0,,
3.16,Lower-tier,STEM,South,0,2,3,Medium,Indeed,12,68,2,2,,
4.0,Lower-tier,STEM,West,0,0,1,Medium,Indeed,9,121,2,1,,
2.72,Top-tier,STEM,West,1,1,1,Medium,Indeed,8,96,0,0,,
3.28,Top-tier,Business,Northeast,2,2,6,Medium,LinkedIn,11,33,2,2,,
4.0,Mid-tier,STEM,West,0,1,2,Large,LinkedIn,6,66,4,1,,
3.39,Lower-tier,STEM,Northeast,1,1,3,Large,LinkedIn,11,73,1,0,,
2.86,Mid-tier,STEM,Northeast,1,0,1,Large,Indeed,3,34,1,0,,
3.23,Mid-tier,Healthcare,West,2,2,6,Medium,LinkedIn,7,56,2,0,,
3.39,Mid-tier,Arts,Northeast,2,4,3,Medium,Indeed,3,9,0,0,,
3.42,Top-tier,Business,Northeast,3,2,2,Medium,Handshake,12,34,5,2,,
3.4,Lower-tier,Business,Midwest,1,3,1,Medium,LinkedIn,6,79,2,1,,
3.33,Lower-tier,Business,Northeast,0,2,3,Small,Handshake,9,22,2,1,,
2.96,Top-tier,Healthcare,South,1,1,2,Large,LinkedIn,9,52,2,1,,
3.17,Lower-tier,STEM,Northeast,2,2,5,Large,Handshake,3,22,2,2,,
3.25,Lower-tier,Business,Northeast,3,2,1,Large,LinkedIn,8,85,5,3,,
2.73,Top-tier,STEM,South,2,1,4,Medium,LinkedIn,11,97,3,1,,
3.33,Lower-tier,STEM,Midwest,2,6,4,Small,LinkedIn,12,94,5,1,,
3.32,Lower-tier,Humanities,Northeast,2,4,2,Medium,Handshake,1,8,0,0,,
3.07,Lower-tier,Business,South,3,3,1,Medium,LinkedIn,11,89,5,2,,
3.42,Mid-tier,Arts,Midwest,1,1,2,Medium,LinkedIn,5,60,3,1,,
3.71,Top-tier,Business,West,4,3,4,Large,Handshake,11,89,9,4,,
2.9,Lower-tier,STEM,Northeast,3,1,1,Large,LinkedIn,9,36,2,0,,
3.1,Mid-tier,STEM,South,2,3,0,Small,Indeed,7,145,3,1,,
3.05,Top-tier,Humanities,South,2,3,2,Large,LinkedIn,7,46,2,1,,
3.54,Mid-tier,Healthcare,West,2,3,4,Small,LinkedIn,6,26,2,2,,
3.34,Lower-tier,Humanities,West,1,0,4,Medium,LinkedIn,11,89,5,4,,
3.27,Lower-tier,Healthcare,West,0,0,1,Large,Handshake,9,16,1,0,,
2.64,Mid-tier,Humanities,South,2,2,4,Medium,Handshake,6,13,1,1,,
3.62,Lower-tier,Humanities,South,1,2,3,Large,Handshake,9,58,3,0,,
3.71,Top-tier,STEM,South,2,1,1,Medium,Indeed,7,70,2,1,,
3.27,Mid-tier,STEM,South,3,0,2,Medium,LinkedIn,3,22,2,2,,
2.52,Mid-tier,STEM,Northeast,1,2,4,Medium,Indeed,3,21,0,0,,
3.21,Mid-tier,STEM,West,4,0,3,Medium,Handshake,1,5,0,0,,
3.33,Lower-tier,Humanities,Northeast,1,3,5,Medium,Handshake,5,25,2,2,,
3.17,Mid-tier,STEM,West,0,4,2,Medium,LinkedIn,2,17,0,0,,
3.07,Top-tier,Business,Midwest,0,3,2,Medium,LinkedIn,5,23,1,0,,
2.98,Mid-tier,Healthcare,West,1,4,2,Medium,LinkedIn,10,28,0,0,,
3.39,Mid-tier,Business,Midwest,1,6,2,Small,Handshake,4,20,1,0,,
3.51,Mid-tier,Business,Midwest,0,0,1,Medium,LinkedIn,8,74,4,1,,
3.0,Mid-tier,STEM,West,2,2,3,Large,Handshake,1,6,0,0,,
2.98,Lower-tier,STEM,South,2,0,3,Medium,Handshake,6,30,2,2,,
3.3,Lower-tier,STEM,South,0,0,1,Large,Handshake,7,22,1,1,,
3.45,Lower-tier,Healthcare,Midwest,1,1,6,Large,Handshake,5,8,0,0,,
3.23,Lower-tier,Healthcare,Midwest,0,1,5,Medium,Indeed,9,46,1,0,,
3.49,Lower-tier,STEM,Midwest,1,3,0,Medium,LinkedIn,9,67,3,0,,
2.6,Mid-tier,STEM,West,1,2,3,Large,LinkedIn,12,70,8,3,,
3.75,Mid-tier,Humanities,Northeast,2,6,5,Large,LinkedIn,4,22,2,1,,
3.12,Top-tier,STEM,Midwest,3,3,3,Large,LinkedIn,1,9,2,2,,
3.03,Mid-tier,STEM,West,1,1,3,Medium,LinkedIn,11,78,2,2,,
3.7,Mid-tier,Business,South,2,0,3,Medium,Indeed,3,43,3,1,,
2.9,Mid-tier,Healthcare,South,0,2,3,Small,Handshake,6,29,1,1,,
2.81,Lower-tier,STEM,Midwest,0,2,2,Small,Handshake,11,18,1,0,,
2.8,Lower-tier,STEM,South,3,1,0,Large,Indeed,7,54,0,0,,
3.08,Mid-tier,Arts,Northeast,2,2,1,Small,Handshake,8,46,3,3,,
3.22,Lower-tier,STEM,Midwest,0,2,4,Medium,Indeed,10,103,6,2,,
3.43,Top-tier,STEM,Northeast,0,1,2,Large,LinkedIn,7,70,3,1,,
2.91,Mid-tier,Healthcare,Northeast,0,1,3,Medium,LinkedIn,9,37,0,0,,
3.58,Top-tier,STEM,Midwest,0,3,2,Large,Indeed,8,112,1,1,,
3.01,Mid-tier,Business,Midwest,0,3,2,Large,LinkedIn,9,78,5,4,,
3.28,Lower-tier,STEM,Midwest,0,2,4,Medium,Handshake,2,6,0,0,,
3.25,Mid-tier,Healthcare,West,0,1,7,Small,Indeed,11,179,0,0,,
2.98,Mid-tier,STEM,South,1,1,4,Large,Handshake,6,27,2,1,,
3.96,Lower-tier,Healthcare,Midwest,1,0,2,Large,Indeed,1,15,1,0,,
3.7,Mid-tier,STEM,Northeast,1,2,3,Medium,Indeed,3,47,2,2,,
3.59,Mid-tier,Humanities,Midwest,1,2,1,Medium,Indeed,8,120,1,0,,
3.24,Mid-tier,STEM,South,1,4,3,Medium,Indeed,2,16,1,0,,
3.18,Mid-tier,Business,Midwest,0,0,2,Small,Handshake,9,49,2,1,,
2.49,Mid-tier,Healthcare,South,1,0,3,Large,Indeed,5,68,2,1,,
3.4,Top-tier,Business,South,2,2,3,Large,Indeed,1,5,2,1,,
3.41,Lower-tier,STEM,South,0,5,5,Large,LinkedIn,2,5,0,0,,
3.49,Lower-tier,STEM,South,2,2,2,Large,Handshake,5,10,0,0,,
3.91,Lower-tier,Business,West,0,2,2,Large,LinkedIn,11,58,4,1,,
2.73,Top-tier,STEM,Northeast,1,2,1,Medium,Handshake,1,5,1,1,,
3.44,Mid-tier,STEM,South,3,0,4,Large,LinkedIn,6,44,2,2,,
3.39,Mid-tier,STEM,South,1,4,0,Small,Handshake,2,8,1,0,,
3.32,Lower-tier,Humanities,West,0,0,2,Medium,Indeed,2,25,0,0,,
3.66,Top-tier,STEM,Midwest,1,3,4,Large,Handshake,3,25,2,1,,
3.03,Mid-tier,Humanities,West,0,2,5,Large,Handshake,1,5,0,0,,
3.02,Top-tier,STEM,South,3,4,1,Medium,LinkedIn,8,48,3,1,,
3.26,Lower-tier,STEM,West,0,2,5,Medium,Handshake,6,39,3,1,,
2.85,Mid-tier,Healthcare,Midwest,2,5,3,Large,Handshake,6,43,3,2,,
3.4,Lower-tier,Humanities,Northeast,0,1,5,Large,Indeed,10,80,0,0,,
3.0,Lower-tier,STEM,Midwest,1,2,3,Large,Handshake,8,22,3,1,,
2.93,Mid-tier,Business,West,2,3,0,Medium,Handshake,7,49,4,1,,
3.29,Lower-tier,Business,South,2,1,3,Large,Indeed,10,51,0,0,,
2.28,Lower-tier,STEM,Northeast,1,0,3,Medium,Indeed,10,73,0,0,,
3.21,Lower-tier,Business,Northeast,0,3,2,Medium,Indeed,2,27,1,0,,
2.86,Mid-tier,Business,West,0,3,2,Large,LinkedIn,9,112,7,1,,
2.99,Top-tier,Humanities,West,0,3,2,Small,Handshake,4,16,2,0,,
4.0,Top-tier,STEM,South,1,4,3,Large,Handshake,10,55,1,0,,
3.68,Top-tier,Arts,West,3,1,3,Large,LinkedIn,7,67,4,3,,
2.58,Mid-tier,Business,South,1,1,4,Small,Indeed,11,100,1,0,,
3.6,Lower-tier,STEM,Northeast,0,0,3,Small,Handshake,1,5,2,2,,
3.72,Mid-tier,STEM,Northeast,1,0,5,Medium,Handshake,2,9,1,1,,
3.17,Lower-tier,Business,Northeast,1,5,2,Medium,Handshake,1,8,2,1,,
2.8,Mid-tier,Business,West,3,1,3,Large,LinkedIn,8,64,0,0,,
3.64,Top-tier,STEM,Midwest,0,0,4,Large,LinkedIn,1,7,0,0,,
3.58,Lower-tier,Humanities,South,1,1,2,Small,Handshake,8,32,2,1,,
3.28,Top-tier,Business,West,2,3,6,Small,Handshake,3,26,2,1,,
3.62,Mid-tier,STEM,Northeast,2,2,3,Small,Handshake,5,22,1,0,,
2.81,Top-tier,Business,West,0,4,3,Large,LinkedIn,1,5,0,0,,
3.53,Mid-tier,Humanities,Midwest,2,2,5,Medium,Indeed,3,34,2,2,,
3.08,Mid-tier,Business,South,1,0,2,Medium,Handshake,8,28,1,1,,
4.0,Lower-tier,Business,South,0,1,2,Large,LinkedIn,7,54,2,1,,
3.23,Mid-tier,STEM,South,0,2,4,Large,Handshake,10,43,3,1,,
3.12,Mid-tier,Humanities,Northeast,2,2,4,Large,Indeed,8,14,0,0,,
3.35,Top-tier,Humanities,Northeast,2,0,5,Large,LinkedIn,1,8,2,2,,
3.25,Lower-tier,Arts,Midwest,0,3,3,Large,Handshake,9,18,1,1,,
3.06,Mid-tier,Business,Northeast,0,3,4,Medium,LinkedIn,6,69,4,0,,
2.88,Mid-tier,Business,Northeast,0,1,1,Large,LinkedIn,4,29,0,0,,
3.04,Mid-tier,Business,West,3,1,2,Large,Handshake,10,73,6,1,,
2.67,Mid-tier,Healthcare,Northeast,1,1,4,Small,Handshake,1,5,0,0,,
3.58,Mid-tier,STEM,West,2,2,2,Medium,LinkedIn,12,86,3,3,,
2.95,Mid-tier,STEM,South,0,2,5,Medium,Indeed,12,154,2,0,,
2.86,Lower-tier,Healthcare,West,0,3,3,Large,Handshake,11,9,0,0,,
3.52,Lower-tier,Healthcare,Northeast,1,1,6,Medium,Handshake,6,36,2,0,,
3.52,Mid-tier,STEM,Midwest,0,0,5,Small,Handshake,7,5,0,0,,
3.51,Lower-tier,Business,South,1,0,2,Large,Indeed,6,92,5,1,,
2.64,Lower-tier,STEM,Midwest,2,0,2,Medium,Handshake,2,13,2,2,,
3.15,Mid-tier,Healthcare,South,3,2,2,Medium,Handshake,1,6,0,0,,
2.7,Mid-tier,Healthcare,Northeast,1,4,6,Medium,Indeed,3,50,0,0,,
3.44,Mid-tier,Arts,Northeast,1,2,1,Large,Handshake,1,5,2,2,,
3.05,Top-tier,STEM,Northeast,4,1,1,Medium,Handshake,4,18,2,2,,
3.11,Lower-tier,STEM,South,2,0,1,Small,Handshake,3,27,5,3,,
2.7,Top-tier,STEM,Midwest,1,3,2,Large,Handshake,3,24,2,1,,
2.9,Lower-tier,Business,Northeast,1,2,4,Large,Handshake,11,78,4,2,,
3.5,Top-tier,Business,Midwest,0,3,2,Large,Indeed,4,60,3,1,,
3.46,Mid-tier,Business,West,2,0,2,Small,LinkedIn,3,20,1,0,,
3.21,Mid-tier,Healthcare,Midwest,1,3,2,Medium,Handshake,9,15,0,0,,
3.06,Mid-tier,Healthcare,Northeast,2,3,3,Large,LinkedIn,12,86,2,0,,
3.18,Mid-tier,Humanities,Midwest,1,4,4,Medium,Handshake,5,30,1,0,,
3.03,Lower-tier,Humanities,Midwest,0,2,2,Medium,LinkedIn,2,10,2,1,,
3.21,Mid-tier,Arts,South,2,0,2,Large,LinkedIn,8,73,0,0,,
3.02,Mid-tier,Business,Midwest,0,5,4,Large,Handshake,1,7,2,0,,
2.93,Lower-tier,STEM,West,1,2,3,Small,Indeed,12,144,1,0,,
3.52,Lower-tier,Healthcare,Midwest,1,3,3,Medium,LinkedIn,5,54,2,1,,
3.52,Mid-tier,Healthcare,South,0,1,3,Medium,LinkedIn,11,75,0,0,,
3.57,Lower-tier,STEM,West,0,2,1,Small,LinkedIn,12,52,1,0,,
2.54,Top-tier,Business,West,1,1,0,Medium,Handshake,6,51,3,2,,
3.31,Mid-tier,Healthcare,South,4,3,1,Small,Indeed,9,76,1,0,,
3.36,Lower-tier,Business,South,2,2,2,Small,Handshake,5,30,2,1,,
2.91,Mid-tier,Healthcare,Northeast,0,2,3,Large,Handshake,3,5,2,2,,
3.51,Mid-tier,Arts,Northeast,0,3,3,Small,Indeed,2,23,0,0,,
3.74,Mid-tier,Business,South,1,4,1,Large,Indeed,12,296,4,1,,
2.8,Mid-tier,STEM,Midwest,0,1,4,Small,Handshake,6,13,1,0,,
2.48,Mid-tier,STEM,Midwest,3,1,4,Small,Handshake,12,68,7,2,,
3.12,Top-tier,STEM,Northeast,1,0,4,Medium,LinkedIn,10,81,2,0,,
2.97,Top-tier,Business,Midwest,2,0,2,Large,LinkedIn,1,12,0,0,,
3.38,Top-tier,Business,Midwest,1,3,2,Medium,LinkedIn,5,27,2,2,,
3.25,Mid-tier,Business,West,3,1,3,Medium,Indeed,3,31,2,1,,
3.29,Mid-tier,Healthcare,Northeast,3,3,4,Large,Handshake,8,61,4,3,,
3.25,Mid-tier,Business,West,1,0,2,Small,Handshake,4,8,1,0,,
3.48,Mid-tier,Humanities,Northeast,3,1,1,Medium,Indeed,10,210,1,1,,
2.92,Mid-tier,STEM,Northeast,2,0,1,Medium,LinkedIn,7,113,6,5,,
3.3,Lower-tier,Business,South,0,0,6,Large,LinkedIn,5,57,3,0,,
3.4,Top-tier,Healthcare,West,3,2,7,Large,LinkedIn,11,110,5,3,,
2.78,Mid-tier,STEM,Midwest,0,2,3,Large,Indeed,10,116,5,2,,
2.92,Mid-tier,STEM,West,2,2,3,Large,LinkedIn,9,79,3,1,,
3.23,Mid-tier,STEM,Northeast,0,2,2,Medium,LinkedIn,10,63,1,1,,
3.42,Mid-tier,Healthcare,Midwest,3,3,4,Large,Handshake,8,30,1,1,,
3.67,Lower-tier,Business,West,1,2,3,Large,Indeed,3,28,2,2,,
2.21,Mid-tier,Arts,Northeast,0,2,4,Large,LinkedIn,7,96,3,0,,
3.07,Mid-tier,Business,South,2,2,5,Large,Indeed,8,197,2,0,,
3.04,Mid-tier,Business,South,0,1,1,Small,LinkedIn,10,41,1,0,,
3.95,Lower-tier,STEM,South,2,0,3,Small,Handshake,4,6,2,2,,
2.92,Lower-tier,STEM,South,4,3,3,Small,Handshake,5,18,2,2,,
3.46,Lower-tier,Humanities,West,2,4,1,Large,Handshake,9,52,4,0,,
3.05,Mid-tier,Healthcare,West,2,1,4,Large,Handshake,6,52,2,1,,
3.09,Top-tier,Humanities,West,1,3,2,Medium,Handshake,5,12,2,0,,
3.32,Mid-tier,STEM,West,0,3,4,Medium,LinkedIn,3,16,2,2,,
3.48,Lower-tier,STEM,Northeast,1,1,1,Medium,LinkedIn,11,110,2,2,,
2.72,Mid-tier,STEM,South,3,0,2,Medium,Indeed,4,60,0,0,,
3.35,Mid-tier,Humanities,Northeast,3,0,2,Medium,Indeed,1,10,0,0,,
2.92,Top-tier,Business,Northeast,0,0,6,Medium,LinkedIn,3,18,0,0,,
2.89,Mid-tier,Business,Northeast,0,1,1,Large,Handshake,10,38,2,2,,
2.91,Lower-tier,Business,Northeast,0,1,6,Medium,LinkedIn,6,49,2,0,,
2.95,Mid-tier,Business,Midwest,1,1,0,Large,Handshake,8,40,2,2,,
3.17,Mid-tier,STEM,South,4,2,6,Large,LinkedIn,3,26,2,2,,
3.49,Mid-tier,STEM,West,0,1,3,Large,Indeed,4,69,0,0,,
3.72,Mid-tier,Healthcare,West,0,0,4,Large,LinkedIn,11,97,2,2,,
3.32,Lower-tier,STEM,West,1,3,2,Large,LinkedIn,12,160,3,3,,
2.85,Lower-tier,STEM,South,1,2,4,Medium,LinkedIn,3,29,1,1,,
3.09,Mid-tier,Healthcare,Northeast,1,0,2,Large,LinkedIn,7,91,8,0,,
3.78,Lower-tier,STEM,South,1,1,3,Small,LinkedIn,4,43,0,0,,
3.96,Mid-tier,Humanities,West,1,1,3,Large,Handshake,5,16,1,0,,
2.7,Mid-tier,STEM,South,0,1,1,Large,Indeed,8,130,7,4,,
3.15,Top-tier,Business,Northeast,2,1,3,Medium,Handshake,7,12,0,0,,
4.0,Lower-tier,Business,Midwest,2,1,2,Large,Handshake,11,31,2,1,,
3.51,Mid-tier,STEM,Northeast,3,2,3,Medium,Indeed,11,128,1,1,,
3.27,Mid-tier,Humanities,Midwest,3,2,2,Small,Handshake,2,14,2,1,,
3.04,Top-tier,Healthcare,West,2,1,1,Medium,LinkedIn,8,49,2,2,,
3.27,Mid-tier,Business,Northeast,0,1,2,Large,Handshake,4,10,2,0,,
2.74,Mid-tier,Healthcare,Midwest,0,0,3,Medium,LinkedIn,11,146,9,2,,
2.9,Top-tier,Business,Northeast,3,3,3,Large,LinkedIn,8,60,4,4,,
2.34,Lower-tier,Arts,Northeast,0,0,3,Medium,Handshake,7,22,2,0,,
2.71,Lower-tier,STEM,Midwest,0,1,2,Large,Indeed,9,75,1,1,,
3.34,Lower-tier,Humanities,Northeast,1,3,2,Large,Indeed,4,21,2,2,,
2.79,Mid-tier,Business,West,0,2,1,Medium,Handshake,5,5,0,0,,
3.62,Mid-tier,Business,Midwest,1,3,6,Large,Handshake,12,72,5,0,,
2.73,Mid-tier,STEM,South,0,0,1,Medium,LinkedIn,3,18,0,0,,
2.1,Mid-tier,Humanities,West,0,1,5,Large,Indeed,6,107,0,0,,
3.12,Lower-tier,Humanities,West,0,1,3,Medium,Handshake,12,102,9,1,,
3.32,Lower-tier,STEM,Northeast,1,3,4,Large,Handshake,3,12,2,1,,
2.82,Mid-tier,Healthcare,Midwest,0,3,3,Small,Handshake,10,20,2,2,,
2.23,Mid-tier,STEM,South,1,1,6,Medium,LinkedIn,2,20,0,0,,
3.05,Lower-tier,STEM,Northeast,1,0,2,Large,Handshake,6,36,2,2,,
3.07,Mid-tier,Humanities,West,1,3,4,Medium,Handshake,12,46,3,3,,
2.8,Top-tier,Business,Midwest,2,4,3,Medium,Indeed,4,52,3,2,,
3.38,Mid-tier,Humanities,West,1,4,5,Large,Handshake,3,8,1,0,,
2.59,Lower-tier,Business,Northeast,3,2,1,Medium,LinkedIn,1,10,2,2,,
2.47,Lower-tier,STEM,South,1,2,3,Large,Indeed,4,25,1,0,,
2.99,Top-tier,Business,Northeast,3,2,3,Large,LinkedIn,1,10,2,2,,
3.69,Lower-tier,Healthcare,Northeast,3,1,1,Large,Handshake,7,43,2,2,,
2.89,Lower-tier,STEM,West,1,1,2,Small,Handshake,7,36,2,0,,
3.47,Mid-tier,STEM,Northeast,4,1,5,Medium,LinkedIn,5,48,2,1,,
3.17,Mid-tier,STEM,West,3,1,3,Large,Indeed,5,91,0,0,,
3.37,Mid-tier,Business,West,1,1,0,Small,LinkedIn,6,71,4,3,,
2.98,Lower-tier,Humanities,West,1,3,3,Large,LinkedIn,5,48,7,4,,
3.16,Top-tier,Business,West,3,1,8,Small,Handshake,11,36,2,1,,
4.0,Lower-tier,STEM,South,1,2,2,Small,Handshake,11,64,5,1,,
2.77,Mid-tier,Humanities,West,2,1,0,Large,LinkedIn,6,45,0,0,,
2.75,Lower-tier,STEM,Northeast,0,1,5,Small,LinkedIn,4,20,0,0,,
3.12,Mid-tier,Humanities,Midwest,0,1,6,Large,Handshake,4,14,3,0,,
2.72,Mid-tier,Business,Northeast,2,5,4,Small,LinkedIn,2,16,1,0,,
3.08,Top-tier,STEM,Northeast,2,4,6,Large,Handshake,6,48,2,1,,
2.96,Top-tier,STEM,Northeast,2,2,3,Medium,Indeed,10,151,0,0,,
3.35,Mid-tier,Healthcare,Northeast,1,1,2,Large,Handshake,1,6,0,0,,
3.33,Mid-tier,STEM,South,2,1,2,Medium,LinkedIn,9,75,0,0,,
4.0,Lower-tier,Business,Northeast,0,0,2,Large,Handshake,5,20,2,2,,
3.23,Mid-tier,Business,West,3,2,1,Small,Handshake,6,14,1,0,,
2.97,Top-tier,Business,Northeast,1,1,4,Large,LinkedIn,6,46,2,2,,
2.58,Lower-tier,STEM,Northeast,2,3,7,Medium,Handshake,5,38,1,0,,
4.0,Mid-tier,STEM,South,1,0,2,Medium,Indeed,8,73,0,0,,
2.5,Mid-tier,Business,South,1,3,1,Medium,Indeed,2,17,1,0,,
3.64,Lower-tier,STEM,Midwest,0,1,4,Large,Indeed,3,18,0,0,,
3.56,Mid-tier,STEM,Northeast,2,0,2,Medium,Indeed,3,37,2,1,,
3.28,Mid-tier,STEM,South,2,4,1,Small,Handshake,9,48,2,1,,
3.49,Lower-tier,Healthcare,West,2,3,1,Medium,Indeed,11,115,6,6,,
3.73,Lower-tier,STEM,West,3,0,1,Medium,Handshake,3,17,0,0,,
3.02,Mid-tier,STEM,Midwest,2,2,4,Large,Handshake,10,5,1,0,,
3.72,Lower-tier,Humanities,South,0,2,3,Small,Indeed,2,33,1,0,,
3.33,Top-tier,STEM,Northeast,2,1,4,Medium,Indeed,10,166,2,2,,
2.74,Lower-tier,Business,West,1,1,4,Medium,Indeed,3,41,3,1,,
3.36,Top-tier,STEM,Northeast,0,2,1,Medium,Handshake,9,40,2,2,,
3.08,Mid-tier,STEM,South,0,3,4,Medium,Indeed,6,140,0,0,,
2.98,Mid-tier,Healthcare,West,2,1,0,Large,Indeed,12,222,7,4,,
3.77,Lower-tier,Healthcare,West,1,2,1,Small,Handshake,12,70,6,3,,
3.49,Mid-tier,Business,West,0,3,5,Large,Indeed,11,88,1,0,,
3.27,Mid-tier,Business,Midwest,0,3,2,Large,LinkedIn,6,53,1,0,,
3.64,Top-tier,Business,West,1,2,3,Large,LinkedIn,5,64,2,1,,
3.83,Mid-tier,Business,Northeast,4,1,3,Large,LinkedIn,4,5,2,1,,
3.13,Top-tier,STEM,West,3,1,2,Large,Handshake,10,56,4,1,,
2.63,Lower-tier,STEM,South,1,2,5,Medium,LinkedIn,3,5,1,0,,
2.82,Lower-tier,STEM,South,1,3,4,Large,Handshake,9,33,1,0,,
3.48,Lower-tier,STEM,South,2,2,3,Medium,Indeed,6,64,3,3,,
2.98,Mid-tier,STEM,South,1,1,3,Large,LinkedIn,8,77,3,2,,
3.01,Mid-tier,Humanities,Northeast,3,2,4,Medium,Indeed,12,32,0,0,,
3.36,Mid-tier,Business,West,0,6,3,Small,Handshake,12,90,5,3,,
3.32,Top-tier,Arts,Northeast,0,1,1,Large,LinkedIn,8,38,2,1,,
2.82,Lower-tier,Humanities,South,1,0,2,Medium,Handshake,11,55,7,2,,
2.69,Mid-tier,Humanities,Northeast,0,0,3,Medium,Indeed,11,126,0,0,,
2.99,Mid-tier,Healthcare,Midwest,1,2,3,Small,LinkedIn,10,148,6,2,,
3.08,Mid-tier,Business,West,0,3,5,Large,LinkedIn,3,31,2,1,,
3.45,Lower-tier,Humanities,South,1,2,1,Small,Handshake,9,46,3,2,,
3.29,Mid-tier,Business,South,2,0,2,Large,LinkedIn,6,31,4,2,,
3.36,Lower-tier,Business,Northeast,0,6,2,Large,LinkedIn,12,88,0,0,,
2.9,Lower-tier,Business,Northeast,0,0,3,Medium,Handshake,5,14,2,2,,
3.34,Mid-tier,STEM,South,0,2,4,Medium,LinkedIn,3,21,2,2,,
3.15,Mid-tier,STEM,Midwest,1,0,3,Small,Indeed,6,68,1,1,,
2.78,Mid-tier,STEM,South,0,2,3,Large,Indeed,2,5,0,0,,
3.99,Lower-tier,STEM,Midwest,0,2,5,Small,Handshake,7,50,3,3,,
3.27,Mid-tier,STEM,Midwest,0,5,1,Large,LinkedIn,12,102,1,1,,
3.06,Lower-tier,STEM,West,2,0,5,Medium,LinkedIn,8,92,5,4,,
3.8,Mid-tier,STEM,South,3,2,3,Medium,LinkedIn,11,139,2,2,,
3.01,Mid-tier,STEM,Midwest,1,1,4,Large,Indeed,3,14,0,0,,
2.8,Mid-tier,Healthcare,Northeast,3,2,3,Large,LinkedIn,4,5,0,0,,
3.41,Mid-tier,STEM,South,0,1,2,Medium,Handshake,9,67,2,2,,
3.73,Top-tier,STEM,Midwest,1,6,2,Medium,Indeed,7,99,3,3,,
3.16,Lower-tier,STEM,Midwest,0,2,4,Large,Indeed,2,22,0,0,,
3.03,Mid-tier,Humanities,Midwest,2,2,4,Small,LinkedIn,5,30,4,1,,
4.0,Top-tier,Business,Midwest,1,0,5,Large,Handshake,4,14,1,1,,
3.35,Lower-tier,STEM,West,2,4,0,Large,Handshake,4,25,1,0,,
3.11,Mid-tier,STEM,South,1,2,1,Small,Indeed,10,216,0,0,,
3.87,Mid-tier,Healthcare,West,1,0,4,Large,Indeed,4,33,1,0,,
3.56,Top-tier,Healthcare,Northeast,0,3,0,Large,LinkedIn,6,61,5,0,,
3.13,Mid-tier,STEM,Midwest,1,2,2,Large,LinkedIn,11,40,1,1,,
2.51,Mid-tier,Business,South,0,1,3,Large,Handshake,9,66,4,4,,
2.63,Top-tier,Healthcare,Northeast,0,2,6,Medium,LinkedIn,8,57,3,2,,
3.37,Lower-tier,Humanities,Northeast,1,4,5,Large,Handshake,10,63,8,4,,
3.53,Lower-tier,Healthcare,West,0,2,2,Large,Indeed,8,60,0,0,,
2.94,Lower-tier,Business,Midwest,0,2,2,Small,LinkedIn,4,16,2,1,,
2.84,Mid-tier,STEM,West,1,2,9,Small,Handshake,10,40,0,0,,
2.87,Top-tier,Business,Northeast,1,2,4,Large,Handshake,7,43,5,1,,
2.69,Mid-tier,Business,West,3,1,0,Medium,LinkedIn,5,48,2,1,,
2.84,Mid-tier,STEM,Northeast,1,1,5,Medium,LinkedIn,11,53,2,1,,
2.86,Lower-tier,Business,West,0,2,4,Large,Indeed,4,45,0,0,,
3.43,Mid-tier,Business,South,1,2,0,Medium,Indeed,7,182,1,1,,
2.84,Lower-tier,Humanities,Northeast,0,0,1,Small,Handshake,5,24,1,1,,
3.34,Lower-tier,Humanities,Northeast,0,2,1,Medium,Handshake,7,12,3,2,,
3.99,Lower-tier,STEM,Midwest,1,3,1,Large,LinkedIn,8,62,3,2,,
3.73,Lower-tier,STEM,Northeast,2,0,1,Small,Handshake,9,79,8,3,,
3.33,Top-tier,Healthcare,South,1,0,5,Large,LinkedIn,6,22,0,0,,
3.05,Lower-tier,STEM,Midwest,1,7,1,Large,LinkedIn,1,8,2,2,,
3.7,Lower-tier,STEM,South,2,2,5,Medium,LinkedIn,2,10,2,2,,
3.63,Mid-tier,Business,Northeast,3,0,0,Medium,LinkedIn,7,32,2,1,,
2.45,Lower-tier,Business,West,0,3,6,Small,Indeed,11,188,2,0,,
3.5,Mid-tier,Healthcare,West,0,1,5,Small,LinkedIn,8,38,2,2,,
2.92,Mid-tier,Healthcare,Midwest,1,1,3,Small,Handshake,3,13,2,0,,
3.75,Lower-tier,Healthcare,South,0,7,0,Small,LinkedIn,6,31,2,1,,
3.21,Mid-tier,STEM,West,0,3,5,Medium,Handshake,6,30,1,0,,
3.46,Mid-tier,Healthcare,West,2,2,1,Medium,Handshake,10,78,4,3,,
3.23,Mid-tier,STEM,South,0,4,3,Large,Handshake,6,20,1,0,,
3.04,Mid-tier,STEM,Midwest,3,0,1,Large,Handshake,3,10,2,1,,
3.43,Lower-tier,STEM,Northeast,0,2,2,Large,Indeed,1,6,0,0,,
3.24,Mid-tier,Arts,Midwest,0,1,1,Medium,Indeed,9,121,1,0,,
3.39,Lower-tier,STEM,Northeast,1,5,1,Large,LinkedIn,8,118,6,4,,
2.85,Mid-tier,STEM,South,0,4,1,Large,LinkedIn,10,76,1,1,,
3.47,Lower-tier,Business,South,0,3,2,Medium,LinkedIn,7,30,1,1,,
3.13,Mid-tier,STEM,Midwest,1,2,2,Large,LinkedIn,12,28,4,1,,
2.51,Lower-tier,Arts,South,0,2,4,Large,LinkedIn,11,80,2,0,,
2.98,Lower-tier,STEM,South,1,0,3,Large,Indeed,10,70,0,0,,
3.16,Lower-tier,STEM,South,1,2,2,Large,LinkedIn,8,78,3,1,,
3.09,Lower-tier,Business,Midwest,2,1,4,Small,LinkedIn,7,21,2,1,,
3.18,Mid-tier,Business,South,1,1,2,Large,Handshake,1,6,2,1,,
3.12,Lower-tier,Business,Northeast,0,1,5,Large,Handshake,7,18,0,0,,
3.71,Mid-tier,STEM,Northeast,0,3,3,Small,LinkedIn,4,19,2,1,,
2.97,Top-tier,STEM,West,3,2,0,Medium,Handshake,8,49,3,1,,
3.18,Mid-tier,Healthcare,South,1,5,2,Medium,LinkedIn,12,90,5,5,,
3.27,Top-tier,Healthcare,South,5,1,6,Large,Handshake,8,30,2,1,,
3.65,Lower-tier,Business,Midwest,0,3,4,Medium,Handshake,2,6,2,1,,
3.09,Lower-tier,STEM,Midwest,4,1,6,Medium,LinkedIn,11,80,5,4,,
2.85,Top-tier,Humanities,Midwest,1,3,5,Large,Indeed,4,27,1,0,,
3.61,Lower-tier,Humanities,Midwest,0,4,2,Large,LinkedIn,11,117,5,3,,
3.58,Mid-tier,Healthcare,South,0,4,1,Large,LinkedIn,6,52,2,1,,
3.09,Top-tier,Humanities,West,0,4,2,Large,Handshake,9,54,3,1,,
2.71,Lower-tier,Business,Midwest,1,3,0,Small,Indeed,4,30,0,0,,
3.35,Mid-tier,Arts,Midwest,1,1,1,Medium,Indeed,6,76,2,2,,
2.36,Mid-tier,Business,South,0,1,3,Large,LinkedIn,11,73,5,1,,
3.79,Mid-tier,STEM,West,2,2,4,Medium,Handshake,7,40,1,1,,
3.16,Mid-tier,Business,West,2,5,5,Large,Indeed,8,46,1,0,,
2.48,Lower-tier,Healthcare,Northeast,1,0,0,Large,Indeed,5,92,5,3,,
2.46,Lower-tier,STEM,South,0,5,3,Large,Indeed,4,57,2,0,,
3.06,Lower-tier,Humanities,Northeast,0,1,2,Small,LinkedIn,11,115,6,1,,
3.04,Mid-tier,Healthcare,Northeast,0,2,7,Large,Handshake,10,48,3,2,,
3.08,Mid-tier,STEM,West,0,2,2,Medium,LinkedIn,5,65,3,1,,
2.75,Mid-tier,STEM,Midwest,1,3,2,Small,LinkedIn,4,29,2,1,,
2.75,Top-tier,Business,Northeast,1,3,2,Medium,LinkedIn,11,71,3,2,,
3.15,Top-tier,STEM,West,3,0,5,Large,LinkedIn,4,51,2,1,,
3.28,Lower-tier,Business,Northeast,3,2,3,Large,Indeed,2,32,2,1,,
2.77,Lower-tier,Healthcare,South,1,0,6,Small,Handshake,4,10,0,0,,
2.73,Top-tier,Business,West,0,0,2,Medium,Handshake,6,27,4,2,,
2.93,Mid-tier,STEM,South,0,1,2,Medium,Indeed,9,51,0,0,,
3.01,Mid-tier,STEM,Northeast,1,4,3,Medium,LinkedIn,9,87,1,1,,
3.27,Lower-tier,Humanities,West,0,2,2,Large,LinkedIn,1,6,2,2,,
3.56,Mid-tier,STEM,South,0,2,2,Large,Indeed,2,16,1,0,,
3.28,Lower-tier,STEM,South,3,5,1,Medium,Handshake,7,31,2,0,,
3.62,Lower-tier,STEM,South,0,3,2,Medium,Handshake,5,25,3,2,,
2.89,Mid-tier,Business,South,2,3,2,Medium,Indeed,12,226,2,1,,
2.89,Lower-tier,STEM,South,1,1,1,Medium,LinkedIn,2,5,0,0,,
4.0,Lower-tier,Business,South,0,2,3,Large,Indeed,4,27,0,0,,
3.37,Top-tier,Humanities,West,1,4,2,Large,Handshake,9,25,2,0,,
3.78,Mid-tier,STEM,Northeast,4,4,2,Medium,Indeed,11,143,3,2,,
2.64,Mid-tier,Business,West,2,1,1,Medium,Indeed,3,27,0,0,,
3.33,Mid-tier,Business,Northeast,0,2,1,Small,Handshake,5,33,0,0,,
3.42,Mid-tier,Business,West,0,1,4,Medium,LinkedIn,7,99,3,3,,
3.13,Lower-tier,Healthcare,Northeast,0,2,6,Medium,LinkedIn,7,57,5,2,,
3.4,Lower-tier,Humanities,Northeast,4,0,2,Small,Indeed,3,60,2,1,,
2.98,Mid-tier,Humanities,Northeast,0,3,3,Large,Handshake,4,28,1,0,,
3.6,Lower-tier,STEM,West,2,5,5,Small,Handshake,3,5,2,1,,
3.2,Mid-tier,Business,Midwest,0,5,4,Medium,LinkedIn,2,21,0,0,,
3.57,Lower-tier,Humanities,Midwest,0,3,5,Large,LinkedIn,11,89,8,6,,
3.28,Mid-tier,STEM,South,0,1,2,Large,Indeed,11,210,5,1,,
3.37,Mid-tier,Humanities,Midwest,2,3,4,Medium,LinkedIn,5,28,2,2,,
3.02,Lower-tier,Business,South,0,2,6,Medium,LinkedIn,2,25,2,1,,
3.29,Lower-tier,Humanities,South,0,3,7,Small,LinkedIn,9,40,1,0,,
2.64,Lower-tier,Healthcare,Midwest,0,3,1,Large,Handshake,1,5,0,0,,
2.99,Mid-tier,Healthcare,South,1,3,2,Large,Handshake,6,28,4,3,,
3.07,Mid-tier,STEM,Midwest,1,4,2,Small,Handshake,3,17,2,1,,
3.73,Lower-tier,STEM,West,2,0,2,Medium,Handshake,11,33,2,2,,
3.92,Mid-tier,Arts,Northeast,0,1,2,Small,Handshake,4,5,0,0,,
3.66,Top-tier,STEM,Northeast,2,1,3,Small,Handshake,7,43,4,0,,
2.91,Mid-tier,STEM,Northeast,1,3,5,Large,Indeed,2,27,0,0,,
3.18,Mid-tier,Healthcare,Midwest,0,3,1,Medium,Handshake,6,45,3,3,,
2.86,Mid-tier,Humanities,Midwest,1,1,2,Large,Indeed,2,36,0,0,,
3.56,Lower-tier,Business,Midwest,4,3,1,Small,LinkedIn,2,14,2,1,,
3.61,Lower-tier,Humanities,South,2,3,2,Medium,Indeed,9,73,0,0,,
3.25,Top-tier,Humanities,West,1,3,2,Small,LinkedIn,9,94,5,1,,
3.6,Mid-tier,Humanities,South,3,1,2,Large,Handshake,10,6,2,1,,
3.14,Lower-tier,Business,West,0,1,3,Large,Handshake,11,27,2,1,,
2.91,Mid-tier,Healthcare,West,0,3,3,Medium,LinkedIn,3,26,2,2,,
2.75,Lower-tier,STEM,Midwest,0,1,2,Medium,Handshake,12,90,5,1,,
3.01,Mid-tier,Humanities,West,1,3,4,Medium,LinkedIn,7,47,1,1,,
2.62,Mid-tier,Business,South,1,1,4,Medium,LinkedIn,3,40,1,0,,
3.15,Lower-tier,Humanities,West,1,1,3,Medium,Indeed,7,87,1,0,,
3.15,Lower-tier,Healthcare,Northeast,1,0,1,Large,LinkedIn,6,77,3,0,,
3.16,Top-tier,Humanities,Northeast,1,2,2,Small,Handshake,10,36,4,0,,
3.06,Mid-tier,STEM,South,2,1,3,Large,Handshake,8,45,1,0,,
3.01,Top-tier,Business,Northeast,1,3,3,Large,LinkedIn,12,56,2,1,,
3.21,Lower-tier,Business,Midwest,1,0,2,Small,Handshake,5,38,3,2,,
2.66,Lower-tier,Business,Northeast,0,4,7,Large,LinkedIn,5,38,0,0,,
3.05,Top-tier,STEM,West,1,3,2,Medium,Indeed,4,51,2,0,,
2.7,Mid-tier,Business,Northeast,0,2,2,Small,LinkedIn,9,60,2,0,,
3.41,Mid-tier,STEM,South,0,2,3,Medium,Indeed,9,115,5,5,,
2.89,Lower-tier,Humanities,South,1,2,3,Medium,Handshake,1,5,2,2,,
2.4,Lower-tier,Humanities,Midwest,0,1,2,Medium,Handshake,9,37,5,1,,
2.63,Mid-tier,STEM,Northeast,0,3,5,Medium,Handshake,5,33,2,1,,
3.43,Lower-tier,STEM,South,3,2,3,Medium,Indeed,6,55,0,0,,
3.54,Lower-tier,Business,Midwest,2,1,7,Large,Handshake,5,17,2,0,,
2.85,Lower-tier,Business,South,4,0,3,Medium,Handshake,2,7,2,2,,
3.23,Mid-tier,Humanities,West,1,2,4,Medium,Handshake,2,7,1,0,,
2.83,Mid-tier,Business,Northeast,1,1,1,Large,Handshake,10,38,1,0,,
3.47,Mid-tier,Arts,Midwest,2,2,4,Medium,LinkedIn,10,96,2,0,,
3.45,Lower-tier,Business,West,5,1,1,Large,LinkedIn,5,60,4,1,,
3.0,Lower-tier,Business,Midwest,2,1,5,Large,Handshake,3,22,2,1,,
3.69,Top-tier,Healthcare,Midwest,1,5,3,Small,LinkedIn,2,18,2,2,,
3.06,Mid-tier,Business,Northeast,1,0,1,Large,LinkedIn,6,21,0,0,,
2.91,Top-tier,STEM,Northeast,1,0,1,Medium,LinkedIn,6,26,1,0,,
3.43,Mid-tier,STEM,South,3,2,5,Small,LinkedIn,3,16,2,1,,
3.69,Lower-tier,Arts,South,1,1,5,Medium,LinkedIn,8,82,5,4,,
3.97,Mid-tier,Humanities,South,0,5,6,Large,LinkedIn,1,6,0,0,,
3.28,Top-tier,STEM,South,3,3,2,Medium,LinkedIn,5,44,2,1,,
2.75,Top-tier,Business,West,1,1,3,Large,Handshake,5,26,0,0,,
3.16,Mid-tier,Humanities,Northeast,2,2,2,Medium,LinkedIn,2,18,0,0,,
3.07,Mid-tier,Business,West,0,1,2,Medium,LinkedIn,5,58,1,1,,
3.37,Mid-tier,Arts,Northeast,2,4,5,Medium,Handshake,9,57,2,2,,
3.5,Mid-tier,Healthcare,South,0,2,1,Large,LinkedIn,8,109,5,0,,
3.67,Mid-tier,Business,Midwest,1,1,3,Medium,Handshake,4,16,2,1,,
3.72,Top-tier,Business,West,0,3,4,Large,Handshake,4,13,0,0,,
3.0,Lower-tier,STEM,West,0,2,1,Large,Handshake,9,37,4,0,,
3.17,Mid-tier,Business,Midwest,0,2,2,Small,Handshake,10,41,6,3,,
2.88,Lower-tier,Business,Midwest,0,4,1,Medium,Handshake,10,56,5,1,,
3.33,Mid-tier,STEM,South,1,3,6,Large,LinkedIn,11,5,0,0,,
3.52,Mid-tier,STEM,South,0,2,2,Medium,Handshake,6,16,2,2,,
4.0,Top-tier,Healthcare,Northeast,1,0,1,Medium,LinkedIn,6,84,2,1,,
3.28,Mid-tier,Business,West,2,3,3,Medium,Handshake,6,9,2,2,,
3.46,Top-tier,STEM,South,1,3,3,Small,Indeed,7,106,1,1,,
3.62,Mid-tier,Business,West,1,1,3,Large,LinkedIn,11,91,3,3,,
3.14,Lower-tier,Business,Midwest,1,2,4,Small,LinkedIn,4,31,1,0,,
3.9,Lower-tier,STEM,West,0,3,5,Large,Handshake,5,33,2,1,,
3.19,Lower-tier,STEM,West,2,2,2,Large,Handshake,10,41,2,2,,
3.56,Mid-tier,Business,South,1,1,1,Small,Indeed,11,117,4,4,,
2.65,Lower-tier,Business,Northeast,2,5,3,Small,Indeed,8,97,0,0,,
3.38,Mid-tier,Arts,Midwest,0,4,5,Medium,LinkedIn,8,104,3,1,,
3.64,Mid-tier,Business,South,4,2,6,Small,Handshake,5,14,2,1,,
3.56,Mid-tier,STEM,Northeast,1,1,3,Large,Indeed,9,234,9,8,,
2.88,Lower-tier,Business,West,1,5,2,Medium,LinkedIn,10,90,5,1,,
3.33,Lower-tier,STEM,West,1,3,5,Large,Indeed,3,25,0,0,,
3.54,Top-tier,Healthcare,Midwest,3,1,2,Large,Handshake,5,7,2,1,,
3.68,Mid-tier,STEM,Northeast,1,2,3,Large,Indeed,10,155,1,1,,
3.35,Lower-tier,Business,West,1,2,0,Medium,LinkedIn,2,25,1,1,,
2.99,Mid-tier,STEM,Northeast,0,2,4,Large,Handshake,2,9,0,0,,
3.05,Top-tier,STEM,Northeast,0,3,5,Large,LinkedIn,11,152,8,3,,
3.33,Mid-tier,STEM,South,2,0,3,Large,LinkedIn,9,67,3,3,,
2.6,Top-tier,STEM,Midwest,1,3,1,Large,Handshake,3,16,2,2,,
3.68,Top-tier,Business,South,2,2,2,Medium,LinkedIn,12,98,6,3,,
3.22,Mid-tier,STEM,Northeast,1,2,2,Medium,LinkedIn,7,59,2,1,,
2.78,Mid-tier,STEM,Midwest,1,0,3,Small,LinkedIn,10,86,7,1,,
3.48,Lower-tier,STEM,South,1,6,2,Medium,LinkedIn,6,38,3,1,,
2.76,Lower-tier,Healthcare,Northeast,2,0,2,Medium,Handshake,5,22,0,0,,
3.17,Mid-tier,Healthcare,Northeast,1,3,4,Medium,Handshake,11,84,4,1,,
3.09,Mid-tier,Healthcare,West,1,3,6,Medium,Indeed,3,39,0,0,,
3.07,Mid-tier,Humanities,Midwest,2,3,2,Medium,Handshake,3,21,2,0,,
2.63,Mid-tier,STEM,Northeast,1,2,4,Medium,Handshake,6,36,2,2,,
2.74,Mid-tier,STEM,Northeast,0,0,2,Small,Handshake,4,7,2,2,,
3.2,Lower-tier,STEM,Midwest,2,2,1,Medium,Indeed,3,44,3,1,,
3.23,Mid-tier,Business,West,2,2,2,Small,Indeed,11,168,6,3,,
2.77,Top-tier,Business,South,1,1,4,Medium,Indeed,4,62,0,0,,
3.18,Mid-tier,Business,Midwest,3,2,1,Medium,LinkedIn,5,32,2,2,,
3.41,Top-tier,Humanities,Midwest,2,3,3,Small,LinkedIn,1,14,0,0,,
3.09,Mid-tier,Healthcare,Northeast,1,3,5,Medium,LinkedIn,8,69,1,1,,
3.5,Top-tier,Humanities,Northeast,2,1,3,Large,LinkedIn,11,55,2,1,,
3.42,Lower-tier,Business,Northeast,2,2,3,Small,Handshake,4,5,0,0,,
2.94,Top-tier,Business,South,2,1,5,Medium,Handshake,12,32,1,1,,
3.13,Lower-tier,Business,Midwest,1,1,1,Large,Handshake,7,10,0,0,,
3.5,Mid-tier,Arts,South,1,0,5,Large,LinkedIn,4,47,2,0,,
3.28,Lower-tier,Humanities,South,3,2,2,Large,LinkedIn,5,25,3,0,,
3.55,Mid-tier,Humanities,Midwest,0,2,4,Large,Handshake,5,30,2,1,,
2.78,Top-tier,Humanities,South,2,0,3,Large,LinkedIn,10,85,4,1,,
2.5,Lower-tier,STEM,Northeast,0,0,0,Large,Handshake,2,16,4,1,,
3.07,Mid-tier,Business,West,0,1,3,Medium,LinkedIn,2,12,0,0,,
2.4,Lower-tier,Arts,West,1,1,4,Large,Handshake,10,25,1,0,,
3.47,Lower-tier,Healthcare,Northeast,1,2,3,Medium,Indeed,3,24,0,0,,
3.39,Mid-tier,STEM,West,1,4,3,Medium,Indeed,12,78,0,0,,
3.69,Mid-tier,Humanities,South,0,3,2,Large,Indeed,12,144,1,1,,
3.38,Mid-tier,STEM,West,0,0,1,Medium,LinkedIn,4,30,2,2,,
3.41,Mid-tier,Humanities,Northeast,4,3,3,Medium,Handshake,9,64,3,3,,
3.53,Mid-tier,Healthcare,South,0,3,4,Medium,Indeed,8,141,2,0,,
2.95,Top-tier,Business,West,2,3,5,Medium,LinkedIn,3,27,2,2,,
3.35,Top-tier,STEM,Midwest,3,0,6,Medium,LinkedIn,5,44,2,1,,
3.09,Lower-tier,Business,Midwest,0,2,5,Medium,LinkedIn,10,5,0,0,,
2.43,Top-tier,Business,Midwest,2,2,0,Medium,LinkedIn,9,57,2,1,,
3.45,Top-tier,Business,Midwest,0,5,0,Medium,LinkedIn,1,12,1,0,,
4.0,Lower-tier,STEM,Northeast,1,0,3,Large,Indeed,1,19,1,1,,
3.67,Mid-tier,Arts,Northeast,2,1,1,Large,Handshake,11,27,2,2,,
3.16,Lower-tier,Arts,West,3,5,3,Medium,Indeed,6,97,1,0,,
3.57,Mid-tier,Healthcare,Midwest,0,0,3,Large,LinkedIn,3,28,1,0,,
3.45,Lower-tier,Business,West,1,3,2,Large,LinkedIn,3,21,1,0,,
2.43,Mid-tier,STEM,Northeast,1,2,2,Medium,Handshake,12,88,14,6,,
3.25,Mid-tier,Business,South,3,2,4,Medium,Indeed,8,158,4,3,,
2.87,Lower-tier,Business,Northeast,1,1,4,Small,Indeed,7,89,0,0,,
3.07,Mid-tier,Business,South,1,1,4,Medium,Handshake,2,9,0,0,,
4.0,Top-tier,STEM,South,0,2,3,Large,Handshake,1,5,1,0,,
2.99,Mid-tier,STEM,Northeast,1,2,0,Medium,Handshake,4,6,2,2,,
2.77,Lower-tier,Healthcare,South,0,2,2,Small,LinkedIn,8,54,1,0,,
3.5,Lower-tier,STEM,Midwest,0,2,0,Small,Handshake,2,11,0,0,,
3.6,Lower-tier,Healthcare,Northeast,1,2,5,Medium,Handshake,9,34,5,3,,
4.0,Lower-tier,STEM,South,0,2,2,Large,Indeed,5,33,0,0,,
3.62,Lower-tier,STEM,West,0,1,2,Medium,Indeed,10,150,1,0,,
4.0,Lower-tier,Healthcare,Midwest,2,1,3,Small,Handshake,6,17,1,0,,
3.45,Mid-tier,Healthcare,South,2,2,2,Large,Handshake,5,10,0,0,,
2.84,Lower-tier,STEM,Midwest,3,6,4,Medium,Handshake,2,16,1,0,,
3.29,Mid-tier,STEM,West,2,6,5,Large,LinkedIn,5,50,2,1,,
2.49,Top-tier,Business,Midwest,3,2,1,Large,LinkedIn,12,76,4,1,,
2.99,Lower-tier,STEM,South,3,0,2,Medium,Handshake,6,12,2,1,,
3.63,Lower-tier,STEM,Midwest,1,2,4,Medium,LinkedIn,5,30,2,1,,
2.89,Mid-tier,Healthcare,West,1,2,4,Large,LinkedIn,1,9,0,0,,
4.0,Mid-tier,Arts,South,0,3,2,Large,Indeed,9,130,2,1,,
2.87,Lower-tier,Business,South,4,3,5,Small,Indeed,12,184,1,0,,
3.3,Lower-tier,STEM,South,3,2,2,Small,Indeed,4,44,0,0,,
3.09,Lower-tier,STEM,Northeast,5,1,3,Medium,LinkedIn,10,73,4,4,,
2.93,Lower-tier,STEM,Midwest,0,3,3,Medium,Indeed,8,134,1,0,,
3.32,Lower-tier,STEM,West,4,3,4,Large,Handshake,8,36,2,1,,
3.53,Top-tier,STEM,Midwest,2,3,6,Medium,LinkedIn,11,111,4,4,,
2.72,Top-tier,Arts,Midwest,1,1,3,Medium,LinkedIn,1,7,1,1,,
3.47,Lower-tier,Humanities,West,1,0,2,Large,Indeed,2,36,1,0,,
2.93,Mid-tier,Humanities,Northeast,4,1,1,Medium,LinkedIn,1,9,2,2,,
3.0,Mid-tier,Healthcare,Midwest,1,1,1,Medium,Handshake,10,68,5,2,,
3.14,Lower-tier,STEM,Midwest,0,0,4,Large,Indeed,6,46,0,0,,
3.27,Lower-tier,STEM,Northeast,1,2,4,Medium,LinkedIn,5,55,2,1,,
3.21,Top-tier,Business,Northeast,1,0,3,Small,Handshake,1,5,2,2,,
3.13,Lower-tier,Business,Northeast,1,1,5,Medium,LinkedIn,9,64,4,1,,
3.77,Mid-tier,STEM,Northeast,3,2,3,Small,LinkedIn,6,61,2,0,,
3.02,Top-tier,STEM,West,0,5,4,Large,LinkedIn,5,5,1,0,,
3.74,Lower-tier,Arts,West,1,3,2,Large,LinkedIn,10,73,2,1,,
3.82,Mid-tier,Healthcare,South,1,1,1,Large,Indeed,2,33,0,0,,
3.06,Lower-tier,Business,Midwest,1,2,2,Large,Handshake,7,53,2,2,,
3.02,Mid-tier,Business,Northeast,0,5,1,Medium,LinkedIn,10,128,2,0,,
2.67,Mid-tier,Business,Midwest,1,1,1,Medium,LinkedIn,8,18,1,1,,
3.2,Top-tier,Business,Midwest,0,3,5,Large,LinkedIn,12,52,0,0,,
4.0,Mid-tier,Healthcare,South,3,0,5,Small,LinkedIn,2,5,2,2,,
3.56,Lower-tier,Business,Midwest,1,2,5,Small,Indeed,10,130,2,1,,
2.95,Mid-tier,Healthcare,Northeast,2,4,3,Large,Indeed,8,105,1,1,,
3.03,Lower-tier,STEM,West,4,2,2,Large,LinkedIn,9,117,2,2,,
3.7,Mid-tier,Healthcare,South,1,2,7,Large,Handshake,8,42,4,1,,
2.54,Mid-tier,Humanities,Midwest,1,0,4,Large,Indeed,3,38,0,0,,
3.16,Top-tier,STEM,Northeast,2,2,3,Medium,LinkedIn,4,46,2,2,,
2.87,Mid-tier,Humanities,West,1,3,3,Medium,LinkedIn,4,14,2,2,,
3.57,Lower-tier,Business,Midwest,0,4,3,Medium,Handshake,3,14,1,0,,
4.0,Mid-tier,STEM,South,1,2,2,Medium,LinkedIn,2,10,0,0,,
2.8,Mid-tier,Business,West,3,2,1,Medium,Handshake,3,5,0,0,,
3.16,Top-tier,Humanities,South,1,1,2,Large,LinkedIn,4,39,2,0,,
3.29,Mid-tier,STEM,West,1,1,1,Medium,Handshake,4,14,1,1,,
3.83,Mid-tier,STEM,Northeast,0,0,1,Large,Indeed,11,113,1,0,,
3.71,Mid-tier,Business,Northeast,1,3,3,Medium,LinkedIn,3,30,3,0,,
3.22,Lower-tier,Business,Northeast,0,2,7,Small,LinkedIn,3,30,2,2,,
3.45,Mid-tier,Arts,Midwest,0,0,4,Medium,Handshake,10,80,13,4,,
3.26,Lower-tier,STEM,Northeast,1,1,4,Medium,LinkedIn,4,46,2,1,,
3.6,Top-tier,Business,West,3,0,3,Small,Handshake,10,61,3,2,,
3.02,Top-tier,Healthcare,Midwest,0,2,1,Medium,Handshake,5,21,0,0,,
3.19,Top-tier,STEM,Northeast,0,5,6,Large,LinkedIn,12,54,3,1,,
3.32,Mid-tier,STEM,West,0,1,3,Large,Indeed,3,19,2,2,,
3.19,Mid-tier,Business,West,4,0,2,Medium,LinkedIn,6,38,1,0,,
3.52,Mid-tier,Humanities,Midwest,1,4,4,Medium,Handshake,12,130,12,5,,
3.73,Mid-tier,STEM,South,3,2,2,Large,Handshake,5,8,0,0,,
3.72,Mid-tier,STEM,Northeast,2,0,4,Large,Indeed,5,62,3,3,,
4.0,Top-tier,Business,Midwest,1,2,5,Small,Handshake,5,25,2,1,,
2.53,Lower-tier,STEM,South,0,3,4,Large,Handshake,5,22,1,0,,
3.15,Lower-tier,Arts,South,0,2,5,Large,Handshake,10,53,3,1,,
3.23,Mid-tier,Humanities,West,0,2,5,Small,Handshake,2,5,0,0,,
3.53,Lower-tier,STEM,Northeast,1,3,6,Medium,Handshake,4,23,3,2,,
2.8,Mid-tier,Business,West,3,2,2,Small,LinkedIn,2,20,2,2,,
3.09,Top-tier,STEM,West,2,2,2,Small,LinkedIn,8,93,6,2,,
2.99,Top-tier,Business,Midwest,5,4,2,Large,Indeed,2,32,0,0,,
3.31,Lower-tier,STEM,South,0,0,4,Medium,Indeed,10,113,1,0,,
3.14,Mid-tier,Arts,Midwest,2,3,2,Large,Indeed,5,93,3,1,,
3.28,Lower-tier,Business,Midwest,1,2,3,Small,Handshake,11,93,8,2,,
3.28,Mid-tier,STEM,South,3,4,7,Small,Indeed,6,101,2,1,,
3.08,Mid-tier,STEM,Northeast,1,1,2,Medium,LinkedIn,6,25,0,0,,
2.75,Mid-tier,Humanities,Northeast,1,1,1,Small,Handshake,8,29,2,1,,
2.51,Lower-tier,Humanities,West,0,1,4,Medium,LinkedIn,12,58,1,1,,
3.44,Lower-tier,STEM,Midwest,3,2,5,Large,LinkedIn,8,84,5,3,,
3.76,Mid-tier,Healthcare,South,2,5,3,Small,Handshake,8,32,2,1,,
2.96,Mid-tier,Healthcare,Northeast,2,1,2,Medium,Indeed,4,55,0,0,,
3.36,Mid-tier,Humanities,West,1,0,4,Small,LinkedIn,12,144,5,1,,
3.03,Mid-tier,Humanities,West,1,2,3,Medium,LinkedIn,8,40,3,1,,
3.06,Mid-tier,Business,South,0,1,3,Small,Handshake,5,32,2,2,,
3.06,Mid-tier,Business,Midwest,1,1,3,Large,LinkedIn,5,56,3,1,,
3.15,Mid-tier,Healthcare,South,0,2,6,Medium,Indeed,10,138,5,1,,
3.4,Lower-tier,Humanities,South,0,4,5,Large,Handshake,3,5,2,2,,
3.48,Mid-tier,Healthcare,South,0,1,2,Large,Indeed,11,251,1,1,,
2.88,Mid-tier,Healthcare,Midwest,1,2,4,Small,Handshake,4,30,3,1,,
3.29,Lower-tier,Business,Northeast,0,4,6,Medium,LinkedIn,1,5,0,0,,
2.38,Lower-tier,STEM,West,1,0,4,Medium,Handshake,7,5,0,0,,
3.1,Mid-tier,STEM,West,2,3,2,Large,Handshake,4,19,2,1,,
3.05,Mid-tier,STEM,West,1,2,2,Medium,LinkedIn,4,25,2,1,,
3.11,Mid-tier,STEM,South,0,3,0,Small,Handshake,5,24,3,2,,
3.25,Top-tier,STEM,Midwest,1,3,3,Medium,LinkedIn,10,135,9,3,,
3.32,Top-tier,Healthcare,West,1,1,0,Medium,Indeed,8,38,2,1,,
3.5,Lower-tier,STEM,Midwest,0,2,0,Large,LinkedIn,2,13,2,1,,
2.52,Mid-tier,STEM,Midwest,0,2,3,Medium,Indeed,7,87,1,1,,
2.62,Mid-tier,Humanities,West,1,4,4,Medium,Handshake,11,45,5,2,,
2.43,Mid-tier,Business,Northeast,2,3,3,Large,Indeed,5,75,4,3,,
3.5,Mid-tier,STEM,Midwest,1,0,1,Small,Indeed,4,105,2,0,,
2.47,Lower-tier,Business,Midwest,3,3,4,Medium,LinkedIn,3,28,2,2,,
4.0,Mid-tier,Humanities,Northeast,1,0,4,Medium,Handshake,10,23,2,1,,
3.15,Lower-tier,STEM,South,2,3,4,Large,LinkedIn,1,13,0,0,,
4.0,Lower-tier,Humanities,West,2,3,2,Large,Indeed,4,38,0,0,,
3.18,Mid-tier,Humanities,South,1,3,1,Large,LinkedIn,3,31,2,2,,
3.57,Mid-tier,Humanities,South,1,3,0,Medium,Handshake,7,22,1,1,,
2.76,Mid-tier,STEM,West,0,5,2,Large,LinkedIn,8,58,0,0,,
2.83,Mid-tier,STEM,West,2,3,3,Medium,Indeed,10,158,5,2,,
3.03,Mid-tier,Business,Midwest,0,1,1,Medium,Indeed,6,54,0,0,,
3.34,Lower-tier,STEM,Northeast,0,5,3,Large,Handshake,5,22,1,0,,
3.06,Top-tier,Business,South,0,2,1,Large,Handshake,6,23,2,1,,
2.91,Mid-tier,STEM,Midwest,0,4,1,Large,Indeed,4,66,1,0,,
3.83,Lower-tier,Healthcare,South,0,1,5,Medium,Indeed,11,177,2,2,,
2.41,Top-tier,STEM,Northeast,2,3,0,Medium,LinkedIn,5,43,1,0,,
3.33,Top-tier,Humanities,Northeast,1,0,4,Medium,Handshake,3,13,2,1,,
3.29,Lower-tier,Humanities,Midwest,0,2,5,Medium,Handshake,7,24,1,1,,
3.35,Lower-tier,STEM,South,1,3,2,Small,Handshake,2,5,0,0,,
3.74,Mid-tier,Humanities,South,2,3,5,Large,Indeed,8,56,3,2,,
2.43,Mid-tier,Arts,West,1,0,0,Medium,LinkedIn,9,81,4,4,,
2.67,Mid-tier,Business,Midwest,0,4,4,Medium,LinkedIn,2,23,1,0,,
2.98,Mid-tier,STEM,South,0,5,5,Large,Handshake,3,17,2,0,,
3.14,Mid-tier,Business,South,1,2,2,Large,Handshake,10,23,2,1,,
2.63,Mid-tier,Humanities,South,1,2,3,Small,Handshake,2,8,0,0,,
4.0,Lower-tier,Business,South,2,2,9,Medium,Handshake,9,58,4,1,,
3.1,Lower-tier,STEM,Midwest,2,2,3,Small,Handshake,12,30,2,1,,
3.8,Mid-tier,Humanities,South,3,3,4,Large,Handshake,9,58,3,1,,
2.53,Top-tier,Arts,Northeast,2,2,8,Small,Handshake,5,35,2,2,,
2.94,Mid-tier,STEM,West,2,2,1,Large,Handshake,3,22,2,2,,
3.65,Lower-tier,STEM,West,2,1,4,Medium,Handshake,2,15,1,0,,
2.94,Mid-tier,Business,West,1,3,3,Small,LinkedIn,8,61,1,0,,
2.9,Mid-tier,Humanities,South,2,4,4,Medium,LinkedIn,5,61,2,2,,
2.8,Mid-tier,STEM,Northeast,2,1,1,Small,Handshake,9,25,3,0,,
2.88,Lower-tier,STEM,Northeast,0,3,3,Large,LinkedIn,7,42,2,0,,
3.0,Mid-tier,Healthcare,Midwest,1,4,4,Medium,Indeed,11,240,3,1,,
3.52,Mid-tier,Business,Northeast,0,3,4,Medium,Handshake,2,13,2,2,,
3.38,Top-tier,Business,West,1,3,2,Medium,LinkedIn,6,53,4,0,,
3.21,Mid-tier,Business,Midwest,3,1,4,Large,Indeed,9,231,0,0,,
4.0,Mid-tier,Arts,West,1,1,6,Medium,Handshake,3,5,0,0,,
3.92,Mid-tier,Business,Northeast,3,3,2,Medium,Handshake,2,9,2,1,,
3.37,Mid-tier,STEM,South,4,2,1,Large,Indeed,6,88,4,3,,
3.13,Lower-tier,STEM,South,2,5,4,Medium,LinkedIn,6,42,2,0,,
2.52,Mid-tier,STEM,South,0,2,3,Small,Handshake,5,13,1,0,,
2.69,Lower-tier,STEM,South,0,0,1,Medium,LinkedIn,8,101,7,2,,
3.07,Mid-tier,Healthcare,South,2,1,5,Medium,LinkedIn,3,23,3,1,,
3.03,Top-tier,Business,Midwest,0,3,6,Large,Handshake,4,32,3,0,,
3.17,Lower-tier,Business,Northeast,1,0,6,Large,LinkedIn,7,71,1,0,,
3.36,Mid-tier,Business,Midwest,2,2,5,Large,LinkedIn,11,119,3,1,,
2.94,Lower-tier,Humanities,Northeast,1,1,4,Medium,Indeed,1,9,0,0,,
2.84,Mid-tier,Arts,South,0,4,1,Large,LinkedIn,6,32,0,0,,
3.45,Mid-tier,Healthcare,West,0,4,2,Medium,Indeed,2,16,2,2,,
3.44,Mid-tier,STEM,West,2,4,1,Medium,Handshake,3,8,1,1,,
3.47,Mid-tier,Arts,West,0,2,1,Medium,LinkedIn,8,70,3,0,,
3.7,Lower-tier,Healthcare,West,0,5,5,Small,Handshake,1,5,2,2,,
3.57,Top-tier,Business,West,0,1,5,Small,LinkedIn,7,63,3,3,,
3.46,Mid-tier,Humanities,South,1,1,3,Large,Handshake,7,42,3,1,,
3.88,Lower-tier,Arts,Northeast,2,3,2,Medium,Handshake,5,25,0,0,,
3.12,Lower-tier,STEM,West,1,2,2,Medium,LinkedIn,2,20,0,0,,
3.08,Mid-tier,STEM,Midwest,0,0,3,Large,Indeed,6,115,1,0,,
2.63,Mid-tier,Healthcare,Midwest,1,2,5,Large,LinkedIn,1,11,0,0,,
3.22,Lower-tier,Business,Northeast,0,1,0,Medium,LinkedIn,6,36,1,1,,
3.35,Lower-tier,Business,West,0,1,2,Large,LinkedIn,10,158,10,3,,
3.39,Mid-tier,Business,West,0,3,1,Medium,LinkedIn,4,19,1,1,,
3.14,Mid-tier,Healthcare,Northeast,0,2,2,Large,Handshake,1,5,1,0,,
3.36,Mid-tier,STEM,Northeast,0,4,0,Medium,Handshake,9,31,3,2,,
3.84,Lower-tier,STEM,Northeast,2,3,2,Large,Handshake,6,37,2,1,,
2.91,Lower-tier,STEM,West,5,2,3,Large,Indeed,6,45,1,1,,
2.43,Mid-tier,Business,Midwest,2,1,4,Small,Handshake,10,76,5,1,,
3.45,Mid-tier,Business,South,1,0,0,Large,Handshake,9,67,3,2,,
2.81,Lower-tier,STEM,Midwest,0,6,4,Large,Indeed,1,13,0,0,,
2.99,Mid-tier,STEM,West,0,1,2,Large,Handshake,2,5,2,2,,
2.96,Mid-tier,Business,Midwest,0,0,2,Medium,Handshake,12,72,2,2,,
3.75,Mid-tier,Healthcare,West,0,2,4,Large,LinkedIn,6,75,3,2,,
2.78,Mid-tier,STEM,South,0,0,5,Medium,Handshake,7,24,2,1,,
3.4,Lower-tier,Arts,South,0,4,2,Small,Handshake,4,12,2,1,,
3.57,Mid-tier,Humanities,Midwest,0,2,5,Small,LinkedIn,1,10,0,0,,
3.25,Mid-tier,Healthcare,South,0,2,4,Small,Handshake,8,46,2,2,,
2.8,Lower-tier,STEM,South,1,4,3,Large,Indeed,5,50,1,1,,
3.44,Mid-tier,Humanities,Northeast,2,1,2,Medium,Indeed,2,26,2,1,,
2.18,Mid-tier,Healthcare,Midwest,1,2,4,Medium,LinkedIn,7,53,3,1,,
3.26,Mid-tier,STEM,Northeast,0,3,0,Small,LinkedIn,6,26,0,0,,
2.83,Mid-tier,Healthcare,Midwest,2,3,4,Large,Handshake,6,23,0,0,,
3.4,Mid-tier,Business,South,3,2,1,Large,Indeed,3,37,2,1,,
3.04,Mid-tier,Arts,West,0,1,1,Small,Handshake,3,17,2,1,,
2.88,Top-tier,STEM,South,1,1,2,Medium,LinkedIn,12,146,2,1,,
4.0,Lower-tier,Business,South,0,4,2,Medium,Handshake,12,28,1,1,,
3.12,Mid-tier,STEM,Northeast,1,2,4,Medium,LinkedIn,4,6,1,0,,
3.47,Lower-tier,Business,West,2,3,1,Small,LinkedIn,2,26,2,2,,
2.93,Top-tier,STEM,Midwest,0,3,1,Large,Indeed,8,120,2,1,,
3.81,Lower-tier,Business,Northeast,2,2,3,Medium,LinkedIn,6,34,0,0,,
3.13,Mid-tier,Humanities,Northeast,0,1,2,Small,Handshake,12,26,2,2,,
3.46,Mid-tier,STEM,Northeast,2,3,2,Large,Handshake,5,23,2,1,,
2.42,Mid-tier,Business,Midwest,0,4,5,Large,LinkedIn,7,79,3,2,,
3.53,Mid-tier,Humanities,Midwest,1,0,3,Medium,LinkedIn,9,73,3,3,,
3.34,Lower-tier,Business,South,1,1,5,Large,Handshake,5,16,3,2,,
3.11,Lower-tier,STEM,Midwest,1,4,3,Large,Handshake,8,38,4,1,,
3.21,Lower-tier,STEM,West,1,1,3,Medium,Handshake,12,5,0,0,,
4.0,Lower-tier,Healthcare,South,2,2,2,Medium,Handshake,2,16,1,0,,
3.67,Mid-tier,STEM,Northeast,1,1,5,Large,LinkedIn,8,82,3,1,,
3.04,Lower-tier,Humanities,South,0,5,3,Medium,Handshake,10,30,2,2,,
3.01,Mid-tier,STEM,Northeast,0,3,5,Medium,LinkedIn,2,14,0,0,,
3.13,Mid-tier,STEM,South,2,3,7,Medium,Handshake,10,53,4,0,,
3.47,Top-tier,Healthcare,Midwest,0,2,4,Small,LinkedIn,3,19,0,0,,
2.74,Mid-tier,Healthcare,Northeast,2,2,1,Medium,LinkedIn,5,56,2,1,,
2.99,Top-tier,STEM,Midwest,3,4,4,Medium,LinkedIn,4,36,2,1,,
2.73,Mid-tier,Humanities,South,0,3,2,Small,Handshake,12,40,1,1,,
3.14,Lower-tier,Business,West,1,3,7,Large,LinkedIn,2,32,2,1,,
3.14,Lower-tier,STEM,West,0,1,2,Medium,LinkedIn,10,18,0,0,,
3.33,Lower-tier,STEM,Midwest,0,3,2,Large,LinkedIn,1,9,0,0,,
3.38,Mid-tier,Humanities,West,0,3,2,Medium,LinkedIn,1,8,0,0,,
2.84,Lower-tier,STEM,Northeast,0,3,3,Large,LinkedIn,11,124,4,4,,
3.21,Lower-tier,STEM,West,0,2,2,Small,LinkedIn,9,55,1,0,,
3.57,Lower-tier,STEM,Midwest,0,0,1,Medium,Handshake,12,5,1,0,,
3.81,Mid-tier,Arts,Northeast,0,3,3,Large,LinkedIn,2,22,1,0,,
3.38,Mid-tier,STEM,Midwest,2,1,2,Large,LinkedIn,7,33,2,1,,
3.55,Mid-tier,STEM,South,1,1,3,Medium,LinkedIn,9,27,1,0,,
3.7,Mid-tier,Business,Midwest,1,2,5,Large,LinkedIn,6,40,1,0,,
2.68,Lower-tier,Business,West,0,1,2,Large,LinkedIn,2,9,1,0,,
3.21,Lower-tier,STEM,South,0,1,4,Large,Indeed,5,82,0,0,,
3.28,Lower-tier,STEM,South,2,1,3,Medium,LinkedIn,6,82,6,0,,
2.86,Top-tier,Healthcare,Northeast,2,2,2,Small,LinkedIn,7,71,3,2,,
3.54,Lower-tier,STEM,Northeast,0,2,4,Medium,LinkedIn,6,35,2,0,,
2.94,Lower-tier,Arts,Midwest,0,0,3,Large,Indeed,1,21,0,0,,
2.78,Mid-tier,Humanities,South,2,3,1,Large,Indeed,6,117,1,0,,
3.14,Mid-tier,STEM,Northeast,0,1,3,Large,Handshake,8,49,2,2,,
3.15,Mid-tier,STEM,South,2,1,0,Large,Handshake,9,78,3,0,,
3.33,Lower-tier,Humanities,Northeast,0,3,6,Large,Handshake,9,16,2,1,,
3.02,Lower-tier,Business,West,0,6,5,Medium,LinkedIn,4,26,0,0,,
2.85,Lower-tier,Arts,Midwest,1,3,3,Large,Handshake,11,66,3,0,,
3.57,Lower-tier,Humanities,Northeast,4,3,2,Small,Indeed,9,175,2,1,,
3.66,Lower-tier,Healthcare,Northeast,3,3,2,Large,LinkedIn,11,128,7,7,,
3.67,Mid-tier,Business,West,2,0,5,Large,LinkedIn,3,28,2,1,,
3.82,Lower-tier,Business,South,0,0,3,Medium,LinkedIn,6,44,4,1,,
2.85,Mid-tier,Business,Northeast,1,3,1,Small,LinkedIn,5,42,1,0,,
3.3,Mid-tier,Humanities,Midwest,4,2,3,Large,LinkedIn,11,95,4,1,,
2.97,Lower-tier,STEM,West,0,2,4,Medium,Indeed,6,89,0,0,,
3.32,Lower-tier,Healthcare,Northeast,1,1,2,Large,LinkedIn,12,10,2,1,,
3.36,Mid-tier,Business,Midwest,2,1,4,Small,Indeed,3,22,1,0,,
2.95,Top-tier,Humanities,Midwest,0,1,3,Large,Handshake,7,43,2,0,,
3.02,Top-tier,Business,Northeast,0,1,1,Small,LinkedIn,1,11,0,0,,
3.03,Mid-tier,Business,Northeast,0,3,2,Small,LinkedIn,6,40,2,2,,
3.47,Lower-tier,Humanities,Midwest,2,2,4,Large,LinkedIn,9,75,1,0,,
3.03,Mid-tier,STEM,South,1,0,5,Large,LinkedIn,12,98,6,1,,
3.71,Lower-tier,Business,South,0,3,7,Medium,Indeed,8,129,1,0,,
3.43,Top-tier,STEM,West,2,2,2,Small,Indeed,11,152,2,0,,
3.67,Lower-tier,STEM,South,0,2,5,Small,LinkedIn,4,41,2,1,,
3.19,Mid-tier,Business,Midwest,3,3,2,Large,Indeed,5,40,1,1,,
2.94,Mid-tier,STEM,Northeast,0,1,2,Medium,Indeed,10,101,0,0,,
2.85,Top-tier,Humanities,West,2,2,7,Small,Handshake,12,44,9,2,,
3.66,Lower-tier,Humanities,South,1,1,0,Small,Handshake,4,18,6,3,,
2.81,Lower-tier,Humanities,Northeast,4,4,3,Large,Handshake,2,6,2,2,,
2.99,Mid-tier,Healthcare,West,1,1,3,Large,Handshake,3,5,0,0,,
3.6,Lower-tier,Arts,West,0,2,2,Medium,LinkedIn,10,81,6,3,,
2.93,Mid-tier,Healthcare,South,3,3,3,Large,LinkedIn,6,42,1,1,,
2.68,Lower-tier,Humanities,West,0,3,4,Large,Handshake,12,110,4,3,,
2.77,Lower-tier,STEM,Midwest,4,1,2,Medium,Handshake,10,8,0,0,,
3.78,Mid-tier,STEM,Midwest,0,4,2,Large,Indeed,9,64,4,1,,
2.73,Mid-tier,Healthcare,Northeast,2,5,6,Medium,LinkedIn,11,95,2,1,,
3.91,Lower-tier,STEM,Northeast,3,4,3,Medium,LinkedIn,9,63,2,2,,
3.22,Lower-tier,Business,West,1,4,2,Large,Handshake,9,24,2,1,,
3.83,Top-tier,Healthcare,Midwest,1,2,1,Medium,LinkedIn,9,46,0,0,,
3.49,Mid-tier,Humanities,Northeast,0,5,1,Large,Indeed,12,108,6,6,,
3.18,Lower-tier,Business,Midwest,1,3,6,Medium,LinkedIn,9,48,6,2,,
2.57,Mid-tier,Healthcare,Northeast,2,1,1,Large,LinkedIn,1,13,2,1,,
4.0,Lower-tier,Business,West,2,1,4,Medium,LinkedIn,4,43,2,0,,
3.4,Mid-tier,STEM,Northeast,0,1,1,Large,LinkedIn,1,6,0,0,,
3.26,Lower-tier,Business,Northeast,3,2,3,Large,Handshake,12,62,2,2,,
3.37,Lower-tier,Healthcare,Midwest,0,1,3,Large,Handshake,2,14,1,0,,
3.16,Lower-tier,Business,South,0,3,5,Medium,LinkedIn,9,81,3,1,,
3.48,Mid-tier,STEM,Midwest,2,0,3,Medium,Indeed,4,46,3,2,,
3.9,Mid-tier,Healthcare,Midwest,0,5,4,Medium,Handshake,11,33,5,2,,
3.3,Mid-tier,Healthcare,Midwest,0,0,4,Large,Handshake,2,15,2,2,,
2.8,Mid-tier,STEM,West,2,3,4,Medium,Handshake,11,60,4,2,,
2.9,Mid-tier,Healthcare,Midwest,0,6,2,Medium,LinkedIn,10,85,6,1,,
3.97,Lower-tier,STEM,South,0,0,6,Large,LinkedIn,2,16,0,0,,
3.51,Mid-tier,STEM,West,2,1,2,Large,Indeed,4,58,2,1,,
2.93,Top-tier,STEM,Northeast,1,2,3,Large,LinkedIn,9,132,5,3,,
3.12,Lower-tier,STEM,South,2,2,1,Medium,Handshake,5,9,2,2,,
3.84,Mid-tier,Business,Northeast,1,4,7,Small,Indeed,10,203,0,0,,
3.3,Mid-tier,Healthcare,West,0,3,1,Medium,Handshake,2,5,0,0,,
3.21,Lower-tier,Healthcare,Northeast,2,2,6,Medium,Indeed,12,216,5,2,,
2.98,Mid-tier,Healthcare,Midwest,1,4,1,Small,Indeed,3,49,0,0,,
3.85,Lower-tier,Humanities,West,2,2,3,Small,Indeed,4,42,3,2,,
2.32,Top-tier,Humanities,Midwest,2,2,3,Large,Indeed,12,52,2,1,,
3.95,Lower-tier,Humanities,South,0,5,3,Large,LinkedIn,11,45,1,0,,
2.88,Top-tier,STEM,Northeast,2,4,4,Large,LinkedIn,4,36,2,1,,
3.36,Lower-tier,Business,Northeast,0,2,1,Medium,Indeed,1,12,0,0,,
2.88,Mid-tier,STEM,South,2,1,1,Medium,LinkedIn,9,5,2,2,,
3.11,Mid-tier,Business,West,2,2,4,Small,LinkedIn,6,39,3,0,,
3.1,Lower-tier,STEM,Midwest,0,3,8,Medium,LinkedIn,6,56,4,1,,
3.03,Mid-tier,STEM,West,3,1,5,Large,Indeed,3,5,0,0,,
2.6,Mid-tier,Humanities,Midwest,1,2,3,Medium,Indeed,4,40,3,3,,
2.66,Mid-tier,Arts,West,1,5,2,Medium,Handshake,11,31,2,2,,
2.0,Mid-tier,STEM,South,0,2,2,Large,Handshake,12,96,8,4,,
3.45,Mid-tier,Humanities,Midwest,2,1,4,Large,Indeed,6,43,0,0,,
2.99,Lower-tier,Healthcare,South,0,1,7,Large,LinkedIn,1,5,0,0,,
2.96,Lower-tier,Humanities,West,3,1,3,Medium,LinkedIn,12,140,4,3,,
4.0,Top-tier,STEM,Midwest,2,3,3,Small,Handshake,5,29,2,1,,
2.85,Mid-tier,STEM,Northeast,1,3,1,Large,Indeed,4,36,1,1,,
3.32,Lower-tier,STEM,West,0,1,3,Medium,Indeed,8,60,1,1,,
2.61,Mid-tier,STEM,Northeast,0,6,2,Medium,Indeed,5,21,0,0,,
3.75,Lower-tier,STEM,South,3,2,2,Medium,LinkedIn,5,51,2,2,,
2.79,Lower-tier,Healthcare,Northeast,1,1,3,Large,Handshake,2,14,2,1,,
3.45,Lower-tier,Humanities,Midwest,0,3,2,Medium,Indeed,8,73,3,1,,
3.45,Mid-tier,STEM,Midwest,2,2,2,Large,Indeed,10,101,0,0,,
3.21,Mid-tier,Business,Northeast,2,3,5,Medium,LinkedIn,12,158,7,1,,
3.65,Lower-tier,STEM,South,2,4,7,Large,Handshake,11,73,2,2,,
3.15,Top-tier,Business,Northeast,0,2,2,Large,LinkedIn,7,58,1,1,,
3.17,Lower-tier,Humanities,Midwest,2,3,4,Medium,Indeed,10,148,0,0,,
3.51,Mid-tier,Business,Northeast,0,2,5,Medium,LinkedIn,11,84,5,3,,
3.22,Top-tier,STEM,South,0,2,6,Small,LinkedIn,1,5,0,0,,
2.82,Mid-tier,STEM,West,2,4,4,Medium,Indeed,1,25,0,0,,
3.46,Top-tier,Humanities,Northeast,2,4,2,Medium,LinkedIn,4,30,2,1,,
4.0,Lower-tier,Humanities,South,1,3,4,Medium,Indeed,7,32,0,0,,
3.82,Mid-tier,STEM,West,2,5,0,Small,Indeed,6,42,1,0,,
2.94,Mid-tier,Healthcare,South,0,1,2,Large,Handshake,7,5,1,1,,
3.52,Lower-tier,Arts,West,1,1,7,Medium,LinkedIn,1,8,0,0,,
3.85,Top-tier,Business,West,0,0,3,Medium,Handshake,5,10,2,2,,
3.38,Lower-tier,STEM,Northeast,0,2,8,Large,Handshake,8,38,3,1,,
2.8,Mid-tier,Business,West,1,1,2,Large,LinkedIn,8,105,3,1,,
3.62,Top-tier,Healthcare,Northeast,1,0,0,Large,LinkedIn,9,22,2,2,,
3.54,Mid-tier,Business,Northeast,3,2,3,Large,Handshake,11,5,1,0,,
3.09,Lower-tier,STEM,West,2,1,7,Large,LinkedIn,8,28,1,0,,
3.3,Mid-tier,Business,South,1,3,4,Large,Indeed,7,108,2,0,,
3.28,Mid-tier,Humanities,South,2,1,1,Medium,Indeed,9,22,0,0,,
3.05,Mid-tier,Healthcare,Northeast,3,1,2,Large,LinkedIn,10,150,4,3,,
3.27,Mid-tier,STEM,Midwest,1,1,4,Medium,LinkedIn,12,78,4,4,,
3.06,Lower-tier,Business,South,1,4,4,Large,Indeed,1,5,0,0,,
2.99,Mid-tier,Healthcare,West,2,1,1,Small,LinkedIn,8,69,3,3,,
3.58,Lower-tier,Healthcare,Midwest,2,3,3,Large,Indeed,7,77,0,0,,
3.09,Top-tier,Healthcare,Northeast,2,1,1,Large,LinkedIn,11,111,5,3,,
3.36,Mid-tier,Business,West,1,4,6,Medium,Indeed,12,188,2,0,,
3.31,Lower-tier,Humanities,Midwest,0,1,4,Medium,Handshake,12,8,2,2,,
2.76,Mid-tier,STEM,Northeast,3,3,0,Large,LinkedIn,4,44,3,3,,
3.33,Top-tier,Arts,West,2,3,2,Large,Handshake,2,5,2,1,,
3.49,Lower-tier,Healthcare,South,0,3,5,Large,Handshake,10,63,10,3,,
2.34,Top-tier,Healthcare,South,2,3,2,Medium,LinkedIn,10,48,2,0,,
2.78,Lower-tier,Healthcare,Midwest,1,3,2,Large,LinkedIn,12,84,5,5,,
3.07,Lower-tier,STEM,South,1,3,4,Medium,Handshake,12,34,5,1,,
2.8,Lower-tier,Business,Northeast,2,1,5,Large,LinkedIn,5,33,1,0,,
3.46,Mid-tier,STEM,Midwest,0,3,7,Large,Handshake,11,82,7,6,,
3.37,Mid-tier,Healthcare,Midwest,3,0,0,Medium,Handshake,7,42,5,1,,
2.53,Mid-tier,Healthcare,Northeast,2,1,2,Large,Indeed,7,21,2,2,,
3.27,Mid-tier,Business,Midwest,0,1,4,Small,Handshake,2,11,0,0,,
2.58,Mid-tier,Humanities,West,1,2,6,Large,LinkedIn,3,21,0,0,,
3.88,Mid-tier,Business,Midwest,0,7,2,Large,Handshake,3,5,0,0,,
2.86,Mid-tier,STEM,West,3,0,2,Small,LinkedIn,5,41,2,1,,
3.5,Mid-tier,STEM,South,0,2,2,Medium,Indeed,11,231,1,0,,
2.42,Mid-tier,Humanities,Midwest,1,2,2,Medium,Handshake,12,32,2,1,,
3.15,Lower-tier,Arts,South,2,1,4,Small,Handshake,12,72,4,0,,
2.77,Lower-tier,Business,South,1,2,5,Large,Indeed,1,7,2,1,,
3.73,Lower-tier,STEM,Midwest,2,2,3,Large,Indeed,3,17,0,0,,
3.23,Mid-tier,Humanities,West,1,5,3,Small,Handshake,7,33,2,1,,
3.19,Lower-tier,Business,South,0,2,3,Large,Handshake,11,40,5,1,,
3.2,Mid-tier,Healthcare,Northeast,0,1,4,Small,Handshake,4,16,1,0,,
3.14,Top-tier,Business,Northeast,1,1,4,Small,Indeed,3,35,0,0,,
3.35,Mid-tier,STEM,Northeast,1,1,4,Large,Indeed,8,48,2,1,,
2.95,Mid-tier,STEM,Midwest,0,2,1,Large,Handshake,7,24,3,2,,
2.47,Top-tier,Healthcare,West,2,1,2,Small,Indeed,11,179,4,3,,
3.29,Top-tier,Healthcare,South,0,1,3,Medium,Handshake,11,45,5,2,,
3.31,Lower-tier,STEM,South,2,2,5,Medium,LinkedIn,1,8,2,1,,
2.78,Top-tier,STEM,Northeast,3,2,3,Medium,Indeed,3,65,2,2,,
3.03,Mid-tier,STEM,West,0,2,3,Medium,Handshake,4,5,2,2,,
3.76,Lower-tier,Business,West,0,2,3,Large,LinkedIn,11,124,3,1,,
3.48,Lower-tier,Business,Northeast,2,3,4,Medium,LinkedIn,4,55,3,2,,
2.9,Lower-tier,Humanities,South,1,0,3,Medium,Handshake,9,42,3,1,,
2.97,Mid-tier,Business,South,1,3,5,Large,LinkedIn,1,8,0,0,,
3.53,Lower-tier,Humanities,South,0,5,0,Medium,LinkedIn,8,58,3,0,,
3.15,Lower-tier,Business,Northeast,1,1,2,Medium,LinkedIn,6,14,2,2,,
3.15,Mid-tier,Healthcare,Northeast,0,2,2,Small,Handshake,8,57,3,0,,
4.0,Mid-tier,STEM,South,0,2,4,Small,Handshake,4,11,2,2,,
3.18,Lower-tier,STEM,Midwest,0,1,1,Large,Indeed,8,164,4,2,,
3.35,Mid-tier,Humanities,South,3,1,2,Large,Indeed,5,105,1,1,,
2.77,Mid-tier,Humanities,Midwest,3,0,3,Small,Handshake,2,5,2,1,,
3.04,Top-tier,Healthcare,South,1,4,3,Medium,Handshake,1,5,0,0,,
2.97,Lower-tier,Arts,West,1,5,4,Large,Indeed,5,71,2,2,,
2.62,Mid-tier,Arts,Northeast,0,1,4,Large,Indeed,4,62,2,1,,
3.05,Lower-tier,STEM,South,0,1,4,Small,LinkedIn,7,70,3,1,,
3.09,Top-tier,Business,Midwest,1,1,2,Large,LinkedIn,7,86,4,1,,
3.24,Lower-tier,STEM,West,3,3,4,Medium,LinkedIn,9,88,2,0,,
4.0,Mid-tier,Business,Midwest,1,4,1,Medium,Handshake,2,7,2,2,,
2.93,Mid-tier,Humanities,Northeast,1,3,3,Medium,Handshake,9,69,7,1,,
3.8,Mid-tier,Healthcare,Northeast,0,2,3,Large,Handshake,12,60,3,2,,
3.39,Mid-tier,STEM,South,0,4,2,Large,LinkedIn,9,82,3,0,,
3.13,Lower-tier,Business,Northeast,2,1,1,Medium,Handshake,1,5,2,1,,
3.41,Mid-tier,Healthcare,West,0,1,3,Medium,Handshake,7,37,2,1,,
2.76,Mid-tier,STEM,South,1,0,4,Large,LinkedIn,5,9,2,1,,
2.81,Lower-tier,STEM,South,0,0,2,Small,Handshake,11,5,0,0,,
3.8,Top-tier,Humanities,South,2,7,1,Large,Handshake,9,5,0,0,,
3.11,Lower-tier,STEM,Northeast,2,3,1,Large,Indeed,12,136,0,0,,
3.63,Mid-tier,STEM,Northeast,1,1,8,Medium,Handshake,5,46,6,2,,
3.28,Mid-tier,STEM,West,5,4,4,Large,Indeed,9,192,10,3,,
3.4,Mid-tier,Business,Midwest,3,1,4,Large,Handshake,1,5,0,0,,
3.06,Lower-tier,STEM,South,2,2,0,Large,LinkedIn,10,86,6,1,,
3.34,Lower-tier,Humanities,West,2,4,2,Medium,LinkedIn,9,46,1,1,,
3.95,Top-tier,STEM,Midwest,1,1,3,Large,Handshake,4,24,1,0,,
3.4,Lower-tier,Business,South,1,0,2,Large,Handshake,12,46,2,2,,
3.34,Lower-tier,Humanities,Northeast,0,3,2,Large,Handshake,11,89,7,2,,
3.28,Lower-tier,Healthcare,Midwest,2,1,4,Large,Indeed,10,85,4,3,,
2.93,Lower-tier,Healthcare,South,1,0,3,Medium,Handshake,10,78,3,1,,
3.82,Top-tier,STEM,Midwest,1,0,3,Medium,LinkedIn,4,41,3,0,,
2.74,Mid-tier,Arts,West,2,2,4,Medium,LinkedIn,6,23,0,0,,
2.81,Top-tier,Business,Northeast,2,3,4,Small,Indeed,11,157,1,0,,
2.33,Lower-tier,Arts,Northeast,0,3,5,Large,LinkedIn,4,16,2,2,,
3.08,Top-tier,STEM,South,1,0,2,Small,LinkedIn,6,10,2,2,,
3.43,Mid-tier,STEM,Northeast,3,5,1,Large,LinkedIn,12,102,5,1,,
3.12,Top-tier,Humanities,West,1,2,2,Large,Indeed,2,24,0,0,,
3.33,Mid-tier,Business,South,0,1,3,Small,Handshake,6,50,3,2,,
3.13,Lower-tier,Humanities,West,0,1,4,Medium,LinkedIn,4,27,0,0,,
2.93,Mid-tier,Business,West,0,0,2,Large,Indeed,11,119,0,0,,
2.74,Top-tier,Humanities,South,1,2,3,Medium,Indeed,9,151,6,6,,
2.98,Mid-tier,STEM,West,1,2,6,Medium,LinkedIn,12,104,5,1,,
2.83,Mid-tier,STEM,West,0,0,3,Small,Indeed,12,80,0,0,,
3.04,Top-tier,STEM,West,2,3,5,Small,Indeed,11,104,4,1,,
2.9,Mid-tier,Humanities,Midwest,1,3,0,Medium,Handshake,11,29,2,1,,
2.54,Lower-tier,Healthcare,South,1,1,7,Small,Handshake,8,77,5,2,,
2.78,Mid-tier,Healthcare,Northeast,2,4,1,Medium,Handshake,7,66,4,3,,
2.63,Lower-tier,STEM,West,1,2,6,Large,Handshake,7,49,3,2,,
3.15,Lower-tier,Arts,South,0,2,3,Large,LinkedIn,1,5,0,0,,
3.08,Mid-tier,STEM,Midwest,0,3,1,Large,Handshake,3,13,1,1,,
3.79,Lower-tier,Business,South,1,1,2,Medium,LinkedIn,9,21,3,1,,
4.0,Mid-tier,Humanities,Midwest,0,1,6,Large,LinkedIn,10,81,5,0,,
2.0,Mid-tier,Business,West,0,1,4,Large,LinkedIn,11,73,2,1,,
2.89,Lower-tier,Humanities,Midwest,0,3,2,Large,LinkedIn,1,6,0,0,,
2.74,Mid-tier,STEM,Northeast,0,4,8,Medium,Handshake,5,23,2,2,,
2.99,Top-tier,Business,Northeast,0,0,2,Small,Handshake,6,29,2,0,,
2.76,Mid-tier,STEM,Northeast,0,2,1,Small,Handshake,6,23,2,0,,
3.23,Mid-tier,Healthcare,Midwest,2,2,5,Medium,Handshake,12,66,4,1,,
3.1,Mid-tier,Business,Northeast,0,2,3,Small,LinkedIn,5,65,4,3,,
3.06,Top-tier,STEM,Northeast,1,5,6,Medium,Handshake,5,5,2,1,,
2.0,Mid-tier,Business,South,4,1,1,Medium,LinkedIn,9,118,4,1,,
3.57,Mid-tier,Business,West,2,4,1,Medium,Handshake,7,16,2,0,,
3.88,Lower-tier,Business,South,2,1,4,Medium,LinkedIn,3,21,2,1,,
2.82,Lower-tier,Business,West,3,2,1,Medium,Handshake,3,5,2,2,,
2.92,Lower-tier,STEM,West,0,2,2,Large,Handshake,12,5,2,2,,
3.03,Mid-tier,Business,South,2,3,1,Large,LinkedIn,7,70,4,1,,
2.66,Top-tier,Business,Midwest,0,2,4,Small,LinkedIn,9,88,4,0,,
2.57,Lower-tier,STEM,Northeast,2,0,1,Large,Indeed,4,63,1,0,,
3.14,Lower-tier,Humanities,South,0,2,2,Large,Indeed,6,85,1,0,,
3.2,Mid-tier,Humanities,South,1,4,2,Medium,Indeed,1,12,0,0,,
3.5,Mid-tier,Business,Northeast,0,1,2,Medium,Indeed,5,32,0,0,,
3.46,Mid-tier,Business,West,0,3,5,Small,Handshake,5,9,2,2,,
2.82,Lower-tier,STEM,West,0,2,1,Medium,Indeed,5,35,2,2,,
2.66,Mid-tier,Business,Midwest,3,2,7,Large,Handshake,7,85,8,1,,
2.14,Lower-tier,Humanities,South,1,1,3,Small,Handshake,6,62,2,1,,
2.96,Mid-tier,Healthcare,Northeast,1,2,1,Large,Handshake,7,35,2,2,,
3.16,Mid-tier,Business,West,0,1,6,Large,Indeed,10,153,2,1,,
2.8,Mid-tier,Arts,Northeast,1,6,2,Medium,Indeed,9,177,2,0,,
3.58,Lower-tier,Business,Midwest,2,0,4,Medium,LinkedIn,1,5,0,0,,
3.0,Lower-tier,Humanities,South,0,2,3,Medium,LinkedIn,6,55,2,1,,
3.47,Lower-tier,Healthcare,South,4,2,6,Large,Handshake,3,10,2,1,,
3.09,Lower-tier,STEM,Midwest,1,3,0,Medium,Handshake,3,17,0,0,,
3.54,Mid-tier,Business,Northeast,0,2,2,Small,Indeed,2,24,2,2,,
3.37,Top-tier,STEM,Midwest,2,1,6,Large,LinkedIn,4,22,1,0,,
3.52,Lower-tier,STEM,West,2,0,3,Medium,Handshake,7,38,2,2,,
3.51,Mid-tier,STEM,Midwest,3,2,2,Medium,Handshake,9,61,2,2,,
3.54,Mid-tier,STEM,West,0,0,3,Medium,LinkedIn,8,14,0,0,,
3.69,Lower-tier,STEM,West,3,1,1,Medium,Handshake,9,49,2,1,,
3.26,Mid-tier,STEM,South,0,1,4,Large,Handshake,12,80,6,4,,
3.29,Mid-tier,Business,Midwest,0,0,4,Large,LinkedIn,4,33,0,0,,
3.57,Top-tier,Business,West,3,0,4,Large,LinkedIn,10,61,4,3,,
3.07,Mid-tier,STEM,Midwest,1,3,0,Medium,Indeed,5,60,1,1,,
3.81,Top-tier,Business,West,3,0,1,Medium,Handshake,9,13,2,1,,
3.53,Lower-tier,STEM,Midwest,2,4,0,Large,Handshake,8,6,2,2,,
3.33,Mid-tier,STEM,Northeast,0,4,4,Large,Handshake,7,5,0,0,,
3.23,Top-tier,STEM,South,4,1,4,Small,LinkedIn,5,36,2,2,,
2.89,Top-tier,STEM,Midwest,1,3,2,Large,Indeed,8,82,0,0,,
3.56,Mid-tier,Humanities,West,1,1,5,Medium,Handshake,12,118,13,5,,
3.69,Mid-tier,Healthcare,West,1,2,1,Large,Handshake,10,41,3,2,,
3.0,Lower-tier,Healthcare,South,1,2,4,Large,LinkedIn,4,39,0,0,,
2.7,Top-tier,Humanities,South,1,3,5,Medium,LinkedIn,9,76,3,2,,
3.66,Mid-tier,Arts,Northeast,3,4,2,Small,Handshake,8,21,2,1,,
3.29,Top-tier,Business,West,3,3,0,Small,LinkedIn,7,10,2,1,,
3.25,Top-tier,Humanities,South,0,2,3,Large,Handshake,7,25,2,2,,
3.28,Mid-tier,STEM,West,1,2,0,Large,Handshake,9,51,4,0,,
3.11,Mid-tier,Business,South,0,2,3,Medium,LinkedIn,9,55,5,1,,
2.94,Mid-tier,STEM,South,3,0,4,Small,Handshake,1,5,0,0,,
3.02,Mid-tier,Humanities,South,0,0,3,Large,LinkedIn,8,26,1,0,,
3.34,Mid-tier,Humanities,Northeast,0,1,2,Medium,Indeed,9,49,3,0,,
3.12,Mid-tier,Business,South,0,3,3,Large,Indeed,6,46,0,0,,
3.62,Lower-tier,Business,Northeast,0,0,2,Small,Indeed,5,88,1,0,,
3.24,Lower-tier,STEM,West,1,0,3,Small,LinkedIn,8,81,2,0,,
3.4,Lower-tier,Humanities,West,2,1,2,Small,Handshake,3,5,0,0,,
3.75,Lower-tier,Healthcare,Midwest,2,2,4,Large,Handshake,11,73,2,1,,
2.76,Top-tier,STEM,Northeast,2,1,3,Medium,LinkedIn,8,74,3,2,,
3.25,Mid-tier,STEM,Midwest,0,4,4,Medium,Indeed,2,37,1,0,,
2.77,Lower-tier,STEM,West,0,5,1,Large,Handshake,3,14,0,0,,
3.27,Mid-tier,Business,Northeast,1,1,1,Small,Handshake,1,6,0,0,,
2.59,Lower-tier,Business,West,1,2,1,Large,Indeed,1,8,1,0,,
3.07,Lower-tier,Arts,Midwest,3,2,4,Medium,Handshake,4,21,2,1,,
3.12,Lower-tier,Business,Midwest,1,2,1,Large,LinkedIn,3,21,2,1,,
3.21,Lower-tier,Humanities,South,3,1,6,Large,Handshake,1,5,2,2,,
2.88,Mid-tier,Healthcare,West,0,3,3,Medium,Handshake,1,5,2,1,,
3.34,Mid-tier,STEM,West,2,2,3,Medium,Handshake,2,5,0,0,,
2.89,Top-tier,STEM,Midwest,1,4,2,Medium,Handshake,3,24,2,1,,
2.99,Mid-tier,STEM,Midwest,0,1,1,Medium,LinkedIn,6,25,0,0,,
3.81,Mid-tier,Healthcare,South,1,2,4,Medium,LinkedIn,2,17,1,0,,
2.9,Mid-tier,STEM,Midwest,0,1,2,Medium,Handshake,11,23,0,0,,
2.9,Mid-tier,Business,Northeast,2,2,4,Large,Handshake,7,31,2,1,,
3.25,Mid-tier,Business,Midwest,0,5,1,Medium,LinkedIn,10,80,4,2,,
2.43,Mid-tier,STEM,West,1,1,3,Small,LinkedIn,4,15,1,1,,
3.22,Mid-tier,Business,Midwest,2,2,6,Large,Handshake,12,92,9,6,,
2.53,Mid-tier,STEM,South,1,4,6,Large,Handshake,3,17,1,0,,
2.98,Mid-tier,STEM,Midwest,2,5,0,Large,LinkedIn,9,75,3,0,,
3.46,Lower-tier,STEM,Midwest,1,1,3,Large,Handshake,1,5,1,0,,
3.5,Mid-tier,STEM,South,0,6,4,Large,LinkedIn,6,61,1,1,,
3.29,Lower-tier,Humanities,West,3,4,4,Large,Handshake,4,16,2,0,,
3.25,Lower-tier,STEM,Northeast,0,6,4,Large,Indeed,7,86,0,0,,
3.3,Mid-tier,Humanities,West,2,1,3,Large,Indeed,8,22,0,0,,
2.86,Lower-tier,Humanities,Midwest,0,3,4,Medium,Indeed,5,94,1,0,,
4.0,Lower-tier,Healthcare,Midwest,0,1,5,Large,LinkedIn,4,33,1,0,,
3.13,Top-tier,Business,South,2,1,2,Medium,LinkedIn,6,62,3,1,,
3.28,Lower-tier,Humanities,Midwest,2,2,2,Medium,LinkedIn,12,116,7,2,,
3.14,Lower-tier,Arts,Northeast,1,0,4,Medium,Indeed,10,155,2,1,,
3.52,Mid-tier,STEM,Midwest,1,4,1,Medium,Indeed,11,251,3,1,,
3.22,Top-tier,STEM,West,2,4,1,Large,LinkedIn,3,17,1,0,,
2.81,Mid-tier,Arts,Northeast,0,0,6,Medium,Handshake,11,67,5,2,,
2.66,Mid-tier,STEM,Northeast,1,0,2,Large,Handshake,10,85,5,0,,
3.31,Mid-tier,Healthcare,Midwest,0,2,3,Large,Indeed,8,126,3,3,,
3.57,Mid-tier,Business,Midwest,1,1,1,Small,LinkedIn,6,51,3,3,,
3.05,Mid-tier,STEM,Northeast,1,1,4,Small,Handshake,11,89,4,1,,
3.75,Lower-tier,STEM,South,0,3,2,Medium,LinkedIn,10,78,2,1,,
2.22,Lower-tier,STEM,South,1,5,5,Medium,Handshake,11,55,3,2,,
3.29,Lower-tier,Humanities,Midwest,1,1,4,Medium,Handshake,4,26,2,1,,
2.82,Mid-tier,Humanities,West,1,2,3,Large,LinkedIn,9,48,3,2,,
3.25,Lower-tier,Business,Midwest,2,1,4,Medium,LinkedIn,5,60,2,0,,
3.74,Mid-tier,Business,Northeast,1,1,2,Medium,LinkedIn,7,77,2,2,,
3.03,Lower-tier,Business,Northeast,0,2,5,Small,Indeed,2,31,0,0,,
3.63,Lower-tier,STEM,South,0,1,4,Large,Handshake,12,92,2,2,,
3.27,Mid-tier,Arts,South,1,3,5,Large,Handshake,9,27,2,2,,
2.54,Mid-tier,Healthcare,Midwest,0,0,3,Large,Handshake,9,33,5,2,,
3.26,Mid-tier,Business,West,2,0,2,Large,Handshake,8,37,4,3,,
3.51,Lower-tier,STEM,South,3,3,4,Medium,Indeed,3,24,0,0,,
3.32,Mid-tier,Business,Midwest,2,1,2,Small,Handshake,12,72,2,1,,
3.1,Mid-tier,Humanities,South,0,4,3,Medium,LinkedIn,2,12,0,0,,
3.31,Top-tier,Healthcare,West,2,5,2,Large,LinkedIn,2,23,2,1,,
2.91,Mid-tier,STEM,South,0,2,3,Medium,Indeed,8,69,1,0,,
3.14,Lower-tier,STEM,South,0,3,3,Medium,Handshake,3,13,0,0,,
3.4,Mid-tier,Humanities,Midwest,1,2,1,Medium,Indeed,9,85,0,0,,
3.15,Mid-tier,Healthcare,West,0,3,5,Large,Indeed,10,121,0,0,,
2.81,Lower-tier,STEM,Midwest,0,1,4,Large,Handshake,1,5,0,0,,
3.78,Mid-tier,STEM,Northeast,0,3,2,Medium,LinkedIn,5,24,1,0,,
3.59,Lower-tier,Arts,Northeast,0,1,5,Large,Handshake,8,5,2,1,,
3.38,Lower-tier,Healthcare,West,2,0,3,Large,Indeed,6,87,3,2,,
3.15,Mid-tier,STEM,South,3,3,3,Large,LinkedIn,9,64,3,0,,
2.71,Mid-tier,Business,Midwest,3,1,7,Medium,Handshake,10,60,4,3,,
2.85,Top-tier,Healthcare,West,3,3,2,Large,Handshake,8,33,2,2,,
3.39,Mid-tier,Business,South,0,2,8,Large,Handshake,7,10,3,1,,
3.04,Lower-tier,Humanities,Midwest,0,4,1,Small,Handshake,2,9,0,0,,
3.46,Top-tier,STEM,Northeast,3,2,2,Large,LinkedIn,5,25,4,1,,
3.0,Lower-tier,Arts,West,1,2,2,Large,Handshake,4,25,2,0,,
3.12,Mid-tier,Business,South,2,1,4,Medium,Handshake,1,5,0,0,,
3.9,Top-tier,Arts,Northeast,1,3,3,Small,Indeed,5,67,1,0,,
3.17,Mid-tier,Humanities,Midwest,0,4,3,Small,Handshake,2,23,2,1,,
3.96,Mid-tier,Arts,West,0,1,3,Large,LinkedIn,11,104,3,0,,
2.31,Mid-tier,Humanities,Northeast,2,4,1,Medium,LinkedIn,12,48,2,0,,
3.07,Top-tier,STEM,South,4,3,5,Medium,LinkedIn,3,17,2,2,,
3.02,Lower-tier,Business,Midwest,1,2,4,Small,Handshake,11,40,3,2,,
2.77,Lower-tier,STEM,Midwest,2,3,3,Medium,LinkedIn,7,70,3,1,,
3.09,Top-tier,STEM,Midwest,2,2,1,Small,LinkedIn,11,126,3,1,,
2.85,Lower-tier,Business,Northeast,0,2,6,Large,LinkedIn,7,10,0,0,,
3.22,Mid-tier,STEM,Midwest,1,3,5,Large,LinkedIn,5,45,2,1,,
3.04,Mid-tier,STEM,Northeast,0,3,2,Small,Handshake,1,5,0,0,,
3.68,Lower-tier,Humanities,Midwest,1,2,4,Medium,LinkedIn,2,9,0,0,,
3.96,Mid-tier,Business,Northeast,0,2,1,Small,Handshake,10,40,1,0,,
3.18,Lower-tier,Healthcare,West,2,2,1,Large,Handshake,5,26,1,0,,
3.49,Lower-tier,STEM,West,3,1,3,Medium,Indeed,8,110,2,0,,
2.93,Lower-tier,Business,Northeast,0,2,4,Medium,LinkedIn,8,85,2,2,,
2.97,Mid-tier,Business,South,0,2,4,Medium,LinkedIn,3,42,0,0,,
2.76,Mid-tier,STEM,South,1,2,1,Small,LinkedIn,12,160,8,8,,
3.5,Lower-tier,STEM,South,2,3,2,Medium,LinkedIn,2,12,0,0,,
3.31,Lower-tier,Business,Midwest,2,2,3,Large,Indeed,8,122,2,0,,
3.2,Mid-tier,Arts,Northeast,1,5,1,Large,Indeed,7,85,0,0,,
3.24,Mid-tier,Business,West,1,2,3,Small,Handshake,3,14,2,1,,
3.46,Mid-tier,Business,West,2,1,7,Large,LinkedIn,12,124,6,4,,
3.6,Lower-tier,STEM,Midwest,0,1,5,Large,Handshake,10,11,1,1,,
2.61,Lower-tier,STEM,Northeast,1,1,4,Medium,LinkedIn,1,9,0,0,,
2.86,Mid-tier,STEM,Northeast,2,6,3,Large,LinkedIn,6,25,1,1,,
3.6,Mid-tier,Humanities,West,2,4,2,Medium,Handshake,5,22,4,1,,
3.2,Top-tier,STEM,Northeast,2,2,6,Small,LinkedIn,10,135,3,1,,
3.33,Lower-tier,Business,Northeast,2,2,1,Large,Indeed,8,129,2,2,,
2.93,Mid-tier,Humanities,Northeast,1,4,4,Large,LinkedIn,9,60,2,2,,
3.61,Mid-tier,Business,South,0,3,1,Medium,Handshake,5,12,0,0,,
3.75,Lower-tier,Business,Northeast,0,4,6,Small,Handshake,7,8,2,0,,
2.95,Mid-tier,STEM,West,1,0,4,Small,LinkedIn,2,19,1,0,,
2.65,Mid-tier,STEM,West,1,0,4,Large,LinkedIn,10,30,1,0,,
2.62,Lower-tier,Humanities,Midwest,3,3,4,Large,Indeed,4,52,3,1,,
3.41,Mid-tier,Healthcare,Midwest,0,4,1,Small,Indeed,12,238,0,0,,
3.57,Lower-tier,Business,Northeast,1,2,1,Large,Handshake,5,10,1,0,,
2.82,Lower-tier,STEM,South,3,4,3,Small,Indeed,1,9,0,0,,
3.4,Lower-tier,Healthcare,Midwest,3,1,3,Medium,LinkedIn,7,24,2,2,,
3.03,Mid-tier,Humanities,Midwest,1,1,1,Medium,Indeed,5,10,0,0,,
3.32,Mid-tier,Business,Northeast,3,1,1,Small,LinkedIn,3,24,3,1,,
3.55,Mid-tier,STEM,Midwest,0,3,1,Large,Indeed,9,121,1,0,,
2.69,Mid-tier,STEM,Northeast,2,3,7,Large,LinkedIn,9,100,2,1,,
3.72,Mid-tier,Business,Northeast,1,0,3,Large,Handshake,7,53,2,2,,
2.7,Lower-tier,STEM,Northeast,1,2,1,Large,Indeed,3,23,1,1,,
3.1,Mid-tier,STEM,South,2,1,4,Large,Handshake,5,23,2,1,,
2.82,Lower-tier,Business,West,2,4,6,Small,Handshake,7,39,2,2,,
3.73,Mid-tier,Business,Midwest,1,0,1,Medium,LinkedIn,8,32,2,1,,
2.72,Mid-tier,STEM,Northeast,0,5,4,Large,Indeed,2,21,1,0,,
3.44,Mid-tier,Business,South,1,2,2,Medium,LinkedIn,11,88,7,2,,
3.94,Mid-tier,Business,West,0,1,2,Medium,LinkedIn,8,56,2,1,,
3.39,Mid-tier,Healthcare,West,1,2,2,Medium,LinkedIn,9,18,0,0,,
2.84,Top-tier,Humanities,Northeast,3,3,1,Large,LinkedIn,7,98,3,3,,
3.77,Mid-tier,Humanities,West,0,0,5,Large,Indeed,4,58,1,1,,
2.69,Lower-tier,STEM,West,0,0,4,Large,Handshake,10,88,8,2,,
2.95,Lower-tier,Healthcare,South,0,4,3,Medium,LinkedIn,6,34,0,0,,
3.36,Lower-tier,Humanities,West,1,1,4,Medium,Indeed,12,180,2,0,,
2.89,Top-tier,STEM,Northeast,1,2,4,Large,LinkedIn,1,5,0,0,,
3.0,Top-tier,Humanities,Midwest,0,1,5,Large,LinkedIn,5,15,1,0,,
3.03,Lower-tier,Arts,Northeast,1,1,1,Small,LinkedIn,1,9,0,0,,
2.89,Mid-tier,Business,South,1,0,2,Large,LinkedIn,10,45,2,0,,
3.05,Lower-tier,Business,Midwest,0,2,3,Medium,Indeed,12,108,0,0,,
2.46,Lower-tier,Business,Midwest,0,3,3,Large,Handshake,12,86,10,1,,
3.79,Mid-tier,Healthcare,West,2,1,2,Medium,LinkedIn,3,19,0,0,,
3.33,Mid-tier,Humanities,West,1,0,2,Small,Handshake,2,10,2,2,,
2.97,Lower-tier,Humanities,Northeast,4,2,2,Small,Handshake,4,20,2,2,,
4.0,Lower-tier,Humanities,West,0,1,4,Small,Handshake,6,8,2,1,,
3.32,Mid-tier,Healthcare,Northeast,2,4,4,Medium,Indeed,8,132,2,2,,
3.66,Mid-tier,Humanities,Midwest,2,3,0,Medium,LinkedIn,6,56,3,1,,
2.63,Mid-tier,STEM,South,0,1,5,Medium,LinkedIn,2,5,1,1,,
3.55,Lower-tier,Business,South,1,2,5,Large,Indeed,4,36,0,0,,
2.98,Top-tier,STEM,West,4,2,1,Medium,Handshake,8,33,4,3,,
2.72,Lower-tier,STEM,South,2,2,2,Small,Indeed,4,61,0,0,,
3.86,Mid-tier,Humanities,Midwest,2,2,2,Large,Indeed,8,97,0,0,,
3.59,Lower-tier,Healthcare,Midwest,2,1,2,Large,Handshake,8,69,4,2,,
2.52,Mid-tier,Business,Midwest,1,2,3,Large,Handshake,5,10,0,0,,
3.59,Mid-tier,Business,South,0,2,3,Medium,Handshake,3,20,4,1,,
3.43,Mid-tier,Business,Midwest,4,2,2,Medium,Indeed,5,20,1,1,,
2.53,Top-tier,Humanities,Midwest,4,5,4,Small,LinkedIn,10,105,6,4,,
2.78,Mid-tier,Healthcare,West,1,1,3,Small,Handshake,5,16,0,0,,
3.0,Lower-tier,STEM,South,0,2,4,Medium,Handshake,1,5,1,0,,
3.03,Mid-tier,STEM,Northeast,1,2,3,Medium,Handshake,1,5,1,0,,
3.71,Lower-tier,Business,South,1,2,4,Medium,Indeed,12,166,4,1,,
3.38,Top-tier,Business,West,2,2,4,Large,LinkedIn,2,22,2,1,,
3.46,Top-tier,Healthcare,Midwest,1,2,1,Small,LinkedIn,7,79,4,1,,
3.15,Mid-tier,Humanities,South,1,2,2,Medium,LinkedIn,8,72,4,3,,
3.08,Mid-tier,Humanities,South,0,3,2,Large,Indeed,2,5,0,0,,
3.67,Mid-tier,Business,South,2,1,3,Large,LinkedIn,12,96,4,2,,
3.66,Top-tier,Business,Midwest,1,2,4,Large,LinkedIn,6,25,2,2,,
3.38,Lower-tier,Business,Midwest,2,2,4,Small,LinkedIn,1,13,2,2,,
3.42,Lower-tier,STEM,Midwest,3,1,2,Large,LinkedIn,11,78,3,2,,
4.0,Mid-tier,Business,West,2,4,4,Large,LinkedIn,11,77,2,0,,
3.79,Top-tier,Business,Midwest,2,2,3,Small,Handshake,4,5,0,0,,
3.59,Lower-tier,STEM,Midwest,2,2,0,Large,Indeed,5,65,0,0,,
3.07,Mid-tier,Healthcare,West,0,6,2,Medium,LinkedIn,5,37,2,1,,
3.49,Mid-tier,Healthcare,West,1,1,2,Medium,Indeed,8,78,1,0,,
2.72,Mid-tier,STEM,South,0,4,5,Large,Indeed,11,165,1,0,,
3.21,Top-tier,Business,Northeast,2,8,7,Medium,Indeed,7,137,1,0,,
2.69,Mid-tier,Business,Northeast,0,3,3,Medium,Handshake,10,55,5,2,,
2.9,Top-tier,STEM,West,0,2,1,Small,LinkedIn,8,64,4,4,,
3.2,Mid-tier,STEM,Midwest,1,2,1,Large,Handshake,1,7,2,2,,
2.97,Mid-tier,STEM,South,3,1,5,Medium,Handshake,9,27,2,1,,
2.44,Top-tier,Business,South,3,3,1,Large,Handshake,3,29,2,2,,
3.15,Lower-tier,STEM,South,3,2,2,Large,Indeed,1,17,0,0,,
3.58,Mid-tier,STEM,Midwest,0,2,4,Small,Handshake,6,42,3,0,,
2.47,Lower-tier,Humanities,West,1,0,0,Small,Handshake,6,5,2,0,,
3.78,Top-tier,Humanities,South,2,2,1,Large,LinkedIn,4,16,0,0,,
3.25,Lower-tier,Business,West,3,2,6,Large,LinkedIn,6,41,2,2,,
4.0,Lower-tier,Healthcare,South,0,2,2,Medium,Indeed,5,71,2,2,,
3.34,Mid-tier,Business,South,1,4,3,Small,Indeed,2,13,0,0,,
3.49,Mid-tier,Healthcare,Midwest,1,2,1,Medium,LinkedIn,4,12,0,0,,
2.8,Mid-tier,STEM,South,0,1,7,Medium,Handshake,4,39,1,0,,
2.82,Top-tier,Business,Northeast,0,0,1,Medium,LinkedIn,9,57,2,1,,
3.24,Top-tier,Humanities,Midwest,3,3,2,Large,LinkedIn,2,19,3,1,,
4.0,Top-tier,Healthcare,Midwest,2,2,2,Medium,LinkedIn,1,6,2,2,,
2.86,Lower-tier,Business,Midwest,2,1,3,Large,LinkedIn,12,102,1,0,,
3.87,Lower-tier,Healthcare,Northeast,2,4,4,Medium,LinkedIn,5,48,2,2,,
2.87,Lower-tier,Business,Northeast,0,0,4,Medium,Indeed,4,34,1,0,,
2.66,Mid-tier,Humanities,South,0,3,2,Small,Handshake,1,5,2,2,,
3.11,Mid-tier,STEM,West,0,0,2,Small,Indeed,12,58,0,0,,
2.74,Top-tier,Business,West,1,2,4,Large,LinkedIn,2,27,1,1,,
3.12,Mid-tier,STEM,West,0,3,4,Large,LinkedIn,12,130,6,1,,
3.2,Lower-tier,STEM,South,1,0,3,Medium,Indeed,9,94,2,1,,
2.81,Mid-tier,Arts,Midwest,2,3,3,Medium,Handshake,5,14,2,2,,
3.23,Mid-tier,STEM,Midwest,0,2,3,Medium,Indeed,12,104,4,2,,
3.48,Lower-tier,STEM,Northeast,0,2,3,Medium,Handshake,11,62,3,1,,
3.2,Lower-tier,STEM,West,2,3,4,Medium,LinkedIn,5,46,3,1,,
3.63,Top-tier,Humanities,West,3,1,3,Large,LinkedIn,2,27,2,2,,
3.21,Lower-tier,Business,West,3,4,3,Medium,Indeed,11,58,2,2,,
3.67,Lower-tier,Business,Northeast,1,3,3,Medium,LinkedIn,7,45,2,2,,
3.21,Mid-tier,Business,South,3,1,5,Medium,LinkedIn,4,40,3,2,,
3.39,Lower-tier,Business,West,1,2,4,Large,LinkedIn,9,124,4,1,,
3.14,Mid-tier,Healthcare,West,3,1,8,Large,Indeed,9,139,1,1,,
2.64,Lower-tier,STEM,Northeast,1,1,3,Medium,Handshake,3,21,0,0,,
2.88,Mid-tier,STEM,West,1,4,4,Small,Handshake,11,104,5,3,,
3.24,Lower-tier,STEM,West,0,0,3,Medium,LinkedIn,4,39,2,1,,
2.94,Mid-tier,Business,West,1,3,0,Medium,LinkedIn,11,130,4,1,,
3.29,Lower-tier,Business,Northeast,0,1,3,Large,Indeed,3,62,0,0,,
2.89,Top-tier,STEM,Northeast,1,1,6,Medium,LinkedIn,5,52,3,2,,
3.45,Lower-tier,STEM,Midwest,0,1,4,Medium,Handshake,9,49,2,0,,
3.16,Mid-tier,Humanities,Midwest,1,0,2,Medium,Handshake,8,5,0,0,,
3.64,Mid-tier,STEM,Midwest,0,1,4,Large,Indeed,4,68,0,0,,
2.75,Lower-tier,STEM,Midwest,1,3,7,Medium,Handshake,7,21,5,1,,
3.12,Mid-tier,STEM,Midwest,1,2,2,Medium,Indeed,1,12,0,0,,
3.43,Mid-tier,Business,West,0,1,3,Medium,LinkedIn,8,66,0,0,,
2.35,Top-tier,Business,Northeast,2,2,2,Large,Indeed,8,130,1,0,,
3.65,Mid-tier,Humanities,South,1,2,4,Small,Handshake,1,5,0,0,,
2.95,Mid-tier,STEM,Northeast,0,6,1,Large,Indeed,3,68,1,0,,
2.7,Mid-tier,STEM,Midwest,0,4,3,Medium,LinkedIn,9,76,3,2,,
3.34,Lower-tier,Business,West,2,1,2,Medium,LinkedIn,6,51,3,3,,
3.18,Mid-tier,Business,South,2,1,2,Large,LinkedIn,7,54,4,2,,
3.71,Lower-tier,STEM,Midwest,0,1,4,Large,LinkedIn,4,22,1,0,,
3.03,Mid-tier,Humanities,West,1,3,2,Small,Handshake,5,31,5,2,,
3.28,Mid-tier,Business,Midwest,1,0,6,Small,Handshake,4,28,3,2,,
3.36,Lower-tier,STEM,Midwest,2,3,1,Large,Handshake,10,41,3,1,,
2.04,Mid-tier,Humanities,South,3,0,4,Medium,LinkedIn,2,15,2,2,,
3.32,Mid-tier,Business,Northeast,4,1,2,Medium,LinkedIn,3,29,1,1,,
3.5,Mid-tier,Business,Midwest,2,0,5,Medium,Handshake,6,42,3,2,,
3.45,Lower-tier,Healthcare,Northeast,2,1,6,Large,Indeed,11,172,5,5,,
3.13,Top-tier,Healthcare,South,4,1,5,Medium,Handshake,3,11,2,1,,
3.32,Lower-tier,STEM,West,1,0,2,Medium,LinkedIn,10,11,2,1,,
2.76,Lower-tier,Humanities,Northeast,0,1,3,Large,Indeed,8,46,0,0,,
3.19,Mid-tier,Healthcare,Northeast,2,2,2,Medium,Indeed,11,106,3,1,,
3.45,Top-tier,Humanities,West,0,0,3,Large,LinkedIn,12,82,5,1,,
3.29,Mid-tier,STEM,Northeast,0,1,3,Small,LinkedIn,4,35,3,2,,
3.41,Mid-tier,Business,Northeast,2,4,2,Medium,LinkedIn,5,48,1,0,,
2.91,Lower-tier,STEM,South,1,1,1,Large,LinkedIn,8,81,4,1,,
2.56,Lower-tier,Business,Northeast,4,1,2,Large,LinkedIn,7,36,2,2,,
3.08,Lower-tier,Humanities,Northeast,0,2,4,Large,Indeed,1,13,0,0,,
4.0,Mid-tier,Humanities,South,1,1,2,Small,Indeed,2,5,0,0,,
3.4,Top-tier,STEM,Northeast,3,2,7,Medium,Handshake,12,58,6,3,,
3.34,Lower-tier,Humanities,Northeast,1,1,1,Medium,Indeed,9,136,2,2,,
3.28,Lower-tier,Humanities,Midwest,0,5,2,Large,Handshake,1,5,1,0,,
2.94,Mid-tier,Business,West,0,2,3,Large,Indeed,8,30,2,2,,
2.44,Mid-tier,STEM,Midwest,2,0,0,Medium,Indeed,6,62,0,0,,
3.05,Mid-tier,Business,Midwest,2,1,1,Small,Indeed,3,32,1,0,,
3.85,Lower-tier,STEM,Northeast,1,4,1,Small,Handshake,1,12,0,0,,
2.73,Lower-tier,Humanities,West,2,4,5,Large,Indeed,9,88,3,0,,
3.3,Mid-tier,STEM,Midwest,0,2,4,Medium,Handshake,5,26,2,1,,
2.67,Mid-tier,Business,Northeast,0,3,4,Small,LinkedIn,7,35,1,0,,
2.97,Mid-tier,Humanities,South,0,6,4,Medium,Handshake,7,50,8,4,,
3.53,Mid-tier,Business,Northeast,2,2,1,Medium,LinkedIn,10,88,0,0,,
3.44,Mid-tier,STEM,West,0,2,1,Large,LinkedIn,9,90,2,2,,
2.8,Mid-tier,Humanities,Midwest,1,1,3,Medium,Indeed,7,99,3,0,,
3.44,Mid-tier,Business,Northeast,2,2,3,Small,Handshake,6,54,3,1,,
3.32,Mid-tier,Healthcare,West,2,2,1,Medium,LinkedIn,3,29,0,0,,
3.08,Mid-tier,Business,West,0,3,5,Large,LinkedIn,12,88,1,0,,
3.29,Mid-tier,Healthcare,South,0,3,6,Medium,Handshake,8,20,1,0,,
2.91,Lower-tier,Business,West,0,2,2,Medium,Handshake,7,32,5,2,,
2.85,Mid-tier,Business,South,1,1,4,Large,LinkedIn,8,94,4,1,,
3.17,Mid-tier,STEM,South,3,6,4,Large,LinkedIn,7,15,1,0,,
2.89,Mid-tier,Humanities,West,1,3,4,Small,Handshake,9,22,2,1,,
3.06,Mid-tier,STEM,Northeast,2,3,5,Small,LinkedIn,11,126,4,2,,
3.2,Mid-tier,STEM,Midwest,1,0,5,Small,Indeed,4,70,4,1,,
3.1,Lower-tier,Healthcare,West,1,2,3,Small,Handshake,10,30,2,2,,
3.64,Lower-tier,Healthcare,South,3,3,2,Medium,LinkedIn,1,16,2,2,,
2.67,Lower-tier,STEM,South,1,6,2,Medium,Handshake,9,5,3,0,,
3.14,Lower-tier,Humanities,South,1,2,2,Medium,LinkedIn,12,20,1,0,,
3.43,Top-tier,Healthcare,West,2,2,2,Large,Handshake,12,66,6,3,,
3.56,Lower-tier,Healthcare,Midwest,0,3,2,Large,Indeed,7,127,6,6,,
3.01,Lower-tier,Business,South,0,1,0,Large,Handshake,11,64,4,2,,
3.18,Lower-tier,Humanities,Midwest,2,0,3,Small,Handshake,9,36,2,2,,
2.83,Lower-tier,STEM,South,1,0,1,Large,Handshake,11,84,5,1,,
2.9,Mid-tier,Business,Midwest,0,2,6,Large,Handshake,10,43,5,1,,
2.89,Lower-tier,Business,West,2,4,2,Large,LinkedIn,12,108,2,2,,
3.2,Top-tier,Business,Midwest,3,1,3,Medium,Handshake,7,42,2,1,,
3.02,Mid-tier,Business,Midwest,3,4,2,Small,LinkedIn,3,14,2,1,,
2.88,Top-tier,STEM,Midwest,1,2,4,Small,LinkedIn,9,85,2,1,,
3.69,Mid-tier,Arts,West,2,1,4,Large,LinkedIn,4,33,2,2,,
2.73,Lower-tier,Business,Midwest,2,1,4,Large,LinkedIn,12,28,2,1,,
2.65,Top-tier,Business,South,0,1,2,Small,Handshake,4,22,2,1,,
2.85,Mid-tier,Humanities,South,0,4,3,Large,Indeed,3,45,0,0,,
3.51,Mid-tier,STEM,Midwest,1,0,1,Medium,LinkedIn,6,60,3,0,,
3.71,Mid-tier,Business,Northeast,0,2,4,Large,LinkedIn,7,75,5,1,,
3.37,Lower-tier,STEM,Northeast,0,4,3,Large,LinkedIn,9,100,3,1,,
2.65,Top-tier,STEM,Northeast,2,1,2,Large,LinkedIn,7,68,2,0,,
3.85,Lower-tier,Healthcare,West,0,4,1,Medium,LinkedIn,9,75,3,2,,
3.4,Lower-tier,Business,Northeast,2,0,6,Medium,LinkedIn,6,49,1,0,,
2.85,Lower-tier,Arts,Northeast,1,1,2,Small,Indeed,5,60,3,1,,
3.41,Mid-tier,Business,Northeast,0,2,3,Large,LinkedIn,5,26,2,2,,
3.11,Lower-tier,STEM,South,0,1,1,Large,LinkedIn,4,18,0,0,,
2.96,Mid-tier,Business,Northeast,0,3,2,Large,Handshake,4,22,1,0,,
3.02,Lower-tier,Healthcare,South,1,1,2,Medium,Indeed,2,27,0,0,,
2.94,Lower-tier,Healthcare,West,1,1,3,Small,Indeed,6,72,0,0,,
2.89,Mid-tier,Business,South,0,1,3,Medium,LinkedIn,2,40,1,0,,
2.37,Lower-tier,STEM,West,0,4,1,Large,LinkedIn,12,96,5,1,,
3.84,Lower-tier,STEM,Midwest,0,3,1,Medium,Indeed,6,35,0,0,,
3.76,Lower-tier,Business,South,2,4,0,Small,LinkedIn,1,5,0,0,,
3.42,Mid-tier,Arts,Northeast,1,0,3,Small,Handshake,4,8,2,2,,
3.56,Top-tier,STEM,Midwest,0,0,7,Medium,LinkedIn,4,36,2,1,,
3.1,Lower-tier,STEM,Midwest,0,1,1,Medium,Indeed,3,39,0,0,,
3.64,Mid-tier,STEM,Northeast,1,2,3,Large,Indeed,5,60,1,0,,
2.63,Mid-tier,Business,South,1,2,6,Large,LinkedIn,1,11,2,2,,
3.49,Lower-tier,Healthcare,South,0,3,2,Small,Handshake,1,6,3,0,,
3.55,Lower-tier,STEM,Northeast,1,1,4,Small,Handshake,4,27,2,1,,
3.52,Mid-tier,STEM,Northeast,0,1,1,Medium,Handshake,12,84,8,3,,
2.79,Lower-tier,Humanities,South,0,0,4,Large,Handshake,10,26,5,2,,
3.65,Lower-tier,Healthcare,Northeast,4,3,3,Small,LinkedIn,2,17,2,2,,
3.3,Mid-tier,STEM,Northeast,0,3,5,Medium,LinkedIn,2,13,1,1,,
2.74,Mid-tier,Healthcare,South,1,2,1,Medium,Handshake,4,8,0,0,,
3.51,Top-tier,Humanities,Northeast,1,3,2,Large,Handshake,1,5,0,0,,
3.14,Mid-tier,STEM,Northeast,2,2,0,Small,LinkedIn,4,35,1,0,,
3.63,Mid-tier,Humanities,Midwest,1,1,1,Large,LinkedIn,11,82,3,0,,
3.33,Mid-tier,STEM,Northeast,2,2,1,Medium,LinkedIn,6,20,1,0,,
2.79,Mid-tier,Business,Northeast,1,3,3,Medium,LinkedIn,4,24,2,1,,
3.61,Top-tier,Business,West,0,2,1,Medium,LinkedIn,1,10,0,0,,
3.38,Lower-tier,Healthcare,Northeast,1,3,3,Large,Indeed,10,156,1,0,,
2.4,Lower-tier,Business,Midwest,0,0,5,Medium,LinkedIn,7,63,2,0,,
3.0,Lower-tier,Humanities,West,1,0,6,Medium,Indeed,8,93,0,0,,
3.0,Mid-tier,STEM,South,1,2,2,Large,LinkedIn,6,54,2,0,,
3.0,Mid-tier,Business,Northeast,2,0,4,Large,LinkedIn,11,89,0,0,,
2.93,Lower-tier,Arts,Midwest,1,1,1,Medium,LinkedIn,9,112,4,0,,
3.52,Mid-tier,Business,Midwest,0,3,4,Small,LinkedIn,4,51,1,0,,
3.17,Lower-tier,Business,Midwest,0,2,2,Medium,Indeed,2,17,2,1,,
2.73,Mid-tier,STEM,Northeast,0,0,2,Medium,LinkedIn,9,85,4,2,,
3.12,Mid-tier,Business,West,1,4,2,Large,Indeed,11,130,7,3,,
3.61,Mid-tier,Business,Northeast,0,0,5,Large,LinkedIn,8,45,2,2,,
3.5,Mid-tier,Healthcare,West,0,3,1,Small,Handshake,3,23,2,2,,
3.42,Mid-tier,Business,South,0,1,5,Small,Handshake,2,7,1,0,,
3.11,Lower-tier,Business,South,0,3,2,Small,Indeed,10,113,4,4,,
3.44,Mid-tier,STEM,Midwest,3,3,2,Medium,Indeed,5,61,4,1,,
3.44,Lower-tier,Healthcare,South,1,1,1,Large,LinkedIn,6,75,3,0,,
2.63,Top-tier,STEM,South,3,2,3,Large,Indeed,12,150,4,2,,
3.59,Top-tier,STEM,West,1,1,3,Medium,Indeed,11,143,1,0,,
2.68,Top-tier,STEM,South,0,3,1,Large,LinkedIn,10,105,3,3,,
3.91,Lower-tier,Business,Northeast,1,0,3,Large,Handshake,9,61,6,3,,
3.57,Top-tier,Humanities,South,1,2,3,Small,Handshake,7,35,2,2,,
3.08,Top-tier,Arts,West,1,1,1,Large,Handshake,4,10,2,1,,
3.39,Lower-tier,STEM,West,0,1,0,Medium,LinkedIn,10,61,2,1,,
3.62,Mid-tier,Healthcare,West,1,2,2,Large,LinkedIn,4,43,3,2,,
3.38,Lower-tier,Humanities,Midwest,0,6,4,Large,Handshake,9,42,2,0,,
2.6,Mid-tier,Healthcare,Northeast,1,0,5,Large,Handshake,1,5,1,0,,
3.25,Lower-tier,Business,Midwest,1,1,4,Large,Indeed,2,24,1,0,,
3.54,Mid-tier,Humanities,Midwest,0,1,1,Medium,Handshake,3,23,2,1,,
3.35,Mid-tier,Business,South,0,3,6,Large,Indeed,10,81,1,1,,
3.76,Top-tier,STEM,West,1,1,7,Medium,LinkedIn,2,15,2,1,,
3.04,Mid-tier,Humanities,Northeast,2,3,4,Medium,Indeed,10,145,0,0,,
2.86,Mid-tier,STEM,West,0,2,5,Small,Handshake,8,33,3,0,,
3.32,Mid-tier,STEM,West,0,0,2,Large,LinkedIn,8,65,1,1,,
3.54,Mid-tier,Business,West,0,1,2,Large,LinkedIn,5,31,1,0,,
2.96,Lower-tier,Healthcare,West,3,5,3,Medium,Indeed,10,101,2,2,,
2.61,Lower-tier,Humanities,South,1,1,3,Medium,LinkedIn,6,18,1,0,,
3.63,Lower-tier,Arts,Northeast,1,1,5,Large,Indeed,11,82,1,0,,
2.48,Lower-tier,Healthcare,Northeast,2,1,2,Medium,LinkedIn,4,48,2,1,,
3.21,Lower-tier,Healthcare,West,3,1,5,Medium,LinkedIn,11,132,7,4,,
2.53,Top-tier,STEM,West,0,0,2,Medium,Handshake,4,35,2,0,,
2.87,Mid-tier,Business,Northeast,2,5,6,Medium,LinkedIn,9,63,3,2,,
3.66,Lower-tier,STEM,South,1,2,5,Large,Indeed,1,11,2,1,,
3.41,Top-tier,Humanities,South,4,0,3,Medium,Handshake,11,47,3,2,,
3.25,Mid-tier,Healthcare,Northeast,0,2,3,Medium,Handshake,9,52,2,2,,
3.76,Lower-tier,STEM,Northeast,1,4,3,Medium,Handshake,1,5,2,1,,
3.01,Lower-tier,Healthcare,West,2,2,2,Small,LinkedIn,2,23,1,0,,
3.01,Mid-tier,Humanities,West,0,1,1,Medium,Handshake,1,6,0,0,,
2.49,Mid-tier,STEM,Midwest,0,1,4,Small,Handshake,2,6,1,0,,
3.51,Mid-tier,STEM,Northeast,0,4,1,Large,LinkedIn,7,25,2,2,,
3.62,Mid-tier,STEM,Midwest,1,3,7,Large,Indeed,2,23,0,0,,
2.51,Mid-tier,Business,Midwest,2,1,3,Medium,Indeed,2,44,2,1,,
3.09,Mid-tier,Humanities,Midwest,1,2,3,Small,Handshake,6,33,2,1,,
3.55,Mid-tier,STEM,South,1,0,2,Medium,LinkedIn,2,5,2,2,,
3.56,Lower-tier,STEM,West,0,1,2,Small,Handshake,5,15,0,0,,
3.11,Lower-tier,Healthcare,West,0,4,2,Large,Indeed,1,17,1,0,,
3.49,Mid-tier,STEM,Midwest,1,5,2,Large,Indeed,2,33,0,0,,
3.11,Lower-tier,Business,West,1,1,2,Large,LinkedIn,9,81,2,1,,
3.78,Lower-tier,Humanities,South,0,1,2,Medium,Indeed,11,102,3,3,,
2.9,Lower-tier,Business,South,5,3,4,Medium,LinkedIn,9,76,2,2,,
3.22,Lower-tier,STEM,West,1,2,2,Medium,Indeed,12,22,2,2,,
3.41,Lower-tier,STEM,Midwest,0,3,3,Large,Handshake,7,5,0,0,,
3.58,Mid-tier,STEM,West,2,1,0,Large,Indeed,10,128,1,1,,
3.29,Lower-tier,STEM,West,1,2,3,Medium,LinkedIn,4,6,0,0,,
3.43,Mid-tier,STEM,West,1,1,6,Small,LinkedIn,1,5,0,0,,
2.57,Mid-tier,Arts,Midwest,1,2,2,Large,Indeed,9,73,2,2,,
3.39,Mid-tier,Humanities,West,2,1,2,Large,Indeed,9,156,3,0,,
2.91,Lower-tier,Business,Northeast,2,2,1,Small,LinkedIn,5,45,2,2,,
3.73,Top-tier,Healthcare,Midwest,0,3,4,Medium,LinkedIn,7,54,3,1,,
3.16,Lower-tier,Business,Northeast,0,0,4,Large,LinkedIn,12,120,4,4,,
2.98,Mid-tier,STEM,Northeast,0,4,7,Large,Handshake,11,16,2,1,,
3.94,Top-tier,Business,Northeast,0,4,2,Medium,LinkedIn,4,51,2,2,,
3.55,Mid-tier,STEM,West,1,1,1,Medium,LinkedIn,4,34,2,0,,
2.74,Lower-tier,STEM,Northeast,1,0,3,Small,Handshake,6,20,2,1,,
3.05,Mid-tier,Business,West,1,3,2,Large,Indeed,3,46,1,0,,
3.36,Lower-tier,Humanities,Midwest,0,3,2,Medium,LinkedIn,12,70,2,0,,
2.7,Lower-tier,STEM,West,1,4,4,Small,Handshake,7,52,1,0,,
3.46,Top-tier,Business,Midwest,2,2,5,Small,Indeed,9,180,10,1,,
3.42,Lower-tier,Healthcare,South,2,0,4,Medium,Handshake,2,11,0,0,,
3.05,Lower-tier,STEM,South,1,3,3,Large,Handshake,8,49,2,1,,
2.97,Lower-tier,Business,Northeast,0,0,4,Large,LinkedIn,3,14,0,0,,
2.93,Mid-tier,Business,South,1,3,1,Small,Indeed,7,135,0,0,,
3.8,Mid-tier,Healthcare,Northeast,2,2,1,Medium,Indeed,8,28,2,2,,
2.96,Mid-tier,STEM,Northeast,2,2,2,Medium,LinkedIn,10,18,2,2,,
2.97,Lower-tier,Healthcare,South,0,1,1,Medium,LinkedIn,11,97,5,1,,
3.96,Mid-tier,Business,Northeast,1,2,4,Small,Handshake,7,53,6,4,,
2.86,Mid-tier,Business,Northeast,0,0,2,Medium,Indeed,4,33,1,0,,
2.89,Mid-tier,STEM,West,1,1,2,Medium,Indeed,1,12,0,0,,
3.26,Top-tier,STEM,Midwest,3,1,3,Medium,LinkedIn,9,78,1,0,,
3.23,Mid-tier,Business,West,0,1,2,Small,Handshake,10,58,2,2,,
3.66,Mid-tier,Business,West,2,1,1,Medium,Indeed,3,39,2,1,,
3.11,Mid-tier,STEM,Northeast,2,3,1,Large,Indeed,4,38,0,0,,
2.81,Mid-tier,STEM,Midwest,0,1,1,Medium,Handshake,1,9,1,0,,
3.25,Mid-tier,STEM,Midwest,2,1,3,Large,Indeed,2,26,0,0,,
2.93,Lower-tier,STEM,Midwest,2,0,5,Small,Indeed,1,18,2,1,,
3.47,Lower-tier,STEM,Midwest,2,2,3,Small,Handshake,11,16,2,0,,
2.87,Lower-tier,STEM,Northeast,1,1,3,Medium,LinkedIn,3,21,4,1,,
2.84,Lower-tier,Business,Midwest,3,1,4,Small,LinkedIn,5,55,2,1,,
3.53,Mid-tier,Humanities,West,1,1,5,Small,Indeed,1,11,2,2,,
2.91,Lower-tier,Healthcare,Northeast,1,3,4,Medium,Handshake,2,15,4,2,,
2.74,Mid-tier,Healthcare,West,0,2,2,Large,Handshake,7,53,6,1,,
3.21,Top-tier,Healthcare,Northeast,2,4,6,Small,Handshake,3,5,0,0,,
3.06,Lower-tier,Business,South,1,0,5,Large,Handshake,1,5,2,1,,
3.64,Top-tier,Business,Northeast,2,3,2,Small,Indeed,5,82,2,1,,
3.43,Lower-tier,Business,West,1,3,8,Large,Handshake,9,15,2,2,,
2.88,Lower-tier,Business,South,0,0,2,Large,Handshake,1,8,0,0,,
3.07,Mid-tier,Business,South,2,0,1,Medium,Handshake,5,36,2,0,,
3.24,Mid-tier,Humanities,Northeast,0,1,2,Medium,Handshake,12,64,2,1,,
3.72,Lower-tier,Healthcare,Northeast,0,2,5,Large,Indeed,6,131,2,1,,
3.39,Lower-tier,STEM,Midwest,3,4,2,Small,Handshake,4,5,0,0,,
3.4,Lower-tier,Business,Northeast,2,4,4,Large,Indeed,7,130,0,0,,
3.34,Lower-tier,STEM,Midwest,1,1,3,Small,Handshake,1,5,0,0,,
3.46,Mid-tier,STEM,West,1,4,6,Large,Indeed,3,5,1,0,,
3.0,Lower-tier,Business,West,2,2,5,Small,LinkedIn,1,9,0,0,,
3.29,Lower-tier,Business,South,2,0,3,Large,LinkedIn,1,8,0,0,,
3.17,Mid-tier,Humanities,Midwest,2,4,4,Large,LinkedIn,6,76,1,0,,
3.36,Mid-tier,Humanities,Midwest,0,3,4,Small,Handshake,7,74,4,2,,
2.77,Mid-tier,Business,West,2,4,5,Medium,LinkedIn,3,24,1,0,,
2.99,Lower-tier,Business,Northeast,1,4,7,Large,LinkedIn,2,17,2,1,,
3.18,Mid-tier,Humanities,South,2,0,1,Large,LinkedIn,5,10,0,0,,
2.89,Lower-tier,Humanities,Midwest,2,5,5,Large,Indeed,4,48,3,3,,
3.12,Lower-tier,Business,Northeast,0,2,3,Small,LinkedIn,4,40,1,0,,
3.35,Lower-tier,STEM,West,1,2,6,Small,Handshake,8,33,2,1,,
3.17,Mid-tier,STEM,West,1,2,2,Medium,LinkedIn,11,111,5,1,,
4.0,Lower-tier,Healthcare,Northeast,0,1,5,Medium,Indeed,3,79,2,2,,
3.23,Lower-tier,Business,South,2,5,2,Medium,LinkedIn,7,73,5,0,,
2.83,Mid-tier,Healthcare,Northeast,3,1,3,Small,Handshake,4,5,2,1,,
3.38,Mid-tier,Business,West,0,0,2,Medium,LinkedIn,12,98,3,1,,
3.33,Lower-tier,STEM,Midwest,3,1,3,Medium,Indeed,11,253,2,2,,
3.33,Mid-tier,Arts,South,1,1,3,Large,Indeed,10,161,2,1,,
4.0,Mid-tier,Business,West,0,2,2,Small,Handshake,3,5,0,0,,
3.61,Top-tier,Healthcare,Midwest,0,0,5,Medium,LinkedIn,8,33,2,1,,
3.45,Mid-tier,STEM,West,0,3,4,Medium,Indeed,5,75,2,1,,
2.31,Top-tier,Humanities,South,3,2,4,Large,Indeed,6,43,0,0,,
3.0,Mid-tier,Business,West,4,1,2,Small,Handshake,12,38,3,1,,
3.04,Mid-tier,STEM,South,1,2,3,Large,Handshake,9,63,2,1,,
3.76,Top-tier,Healthcare,South,3,2,1,Large,Handshake,10,81,5,2,,
3.06,Mid-tier,Humanities,Midwest,1,4,2,Medium,Indeed,6,97,0,0,,
3.03,Mid-tier,STEM,West,2,2,2,Medium,LinkedIn,4,37,2,2,,
3.31,Mid-tier,STEM,Northeast,0,0,0,Large,LinkedIn,5,49,3,0,,
3.47,Mid-tier,STEM,Midwest,2,0,3,Small,Handshake,9,64,6,2,,
3.32,Lower-tier,Business,Northeast,0,1,5,Large,Handshake,3,14,2,2,,
3.79,Mid-tier,Arts,Midwest,0,1,6,Large,LinkedIn,6,53,2,1,,
3.14,Lower-tier,Healthcare,South,1,1,1,Medium,Indeed,2,27,2,2,,
3.12,Lower-tier,Business,West,2,1,5,Medium,LinkedIn,1,5,0,0,,
3.21,Mid-tier,Business,Midwest,3,1,3,Medium,Indeed,6,44,0,0,,
3.69,Mid-tier,Humanities,Northeast,2,1,7,Small,LinkedIn,11,126,7,1,,
3.02,Mid-tier,Healthcare,West,1,4,3,Large,Handshake,10,46,5,2,,
4.0,Top-tier,Humanities,South,1,2,5,Medium,Indeed,4,53,0,0,,
3.25,Mid-tier,Business,West,0,2,0,Large,LinkedIn,9,118,1,0,,
2.72,Lower-tier,Arts,South,1,4,4,Large,Indeed,1,12,0,0,,
3.18,Mid-tier,Arts,South,1,6,5,Small,Handshake,3,13,2,2,,
3.17,Lower-tier,STEM,West,1,2,2,Large,Handshake,3,5,0,0,,
2.95,Mid-tier,STEM,South,5,1,2,Medium,Indeed,11,117,4,2,,
3.14,Lower-tier,Healthcare,West,1,2,5,Large,Handshake,8,25,2,2,,
3.05,Mid-tier,Humanities,Northeast,4,2,4,Small,LinkedIn,9,13,0,0,,
3.17,Mid-tier,Arts,South,2,2,2,Small,Handshake,8,34,2,2,,
3.18,Lower-tier,Business,Northeast,1,2,4,Medium,LinkedIn,4,22,2,2,,
2.48,Lower-tier,STEM,South,0,1,1,Small,Indeed,12,126,1,0,,
4.0,Lower-tier,STEM,Northeast,0,1,2,Large,Indeed,1,16,0,0,,
3.11,Mid-tier,Healthcare,Northeast,1,1,1,Medium,LinkedIn,2,10,2,1,,
4.0,Mid-tier,STEM,Northeast,2,3,5,Medium,LinkedIn,2,29,2,1,,
3.29,Top-tier,Healthcare,Midwest,1,4,3,Small,Handshake,10,43,2,1,,
3.12,Mid-tier,STEM,Midwest,1,2,2,Large,Indeed,2,25,0,0,,
3.62,Lower-tier,Business,Midwest,1,2,2,Large,Indeed,8,120,5,5,,
2.86,Mid-tier,STEM,South,3,1,5,Medium,Indeed,11,234,3,0,,
3.47,Top-tier,Healthcare,Midwest,2,1,3,Small,LinkedIn,6,75,4,1,,
3.33,Lower-tier,Business,Midwest,1,2,1,Large,LinkedIn,3,36,0,0,,
3.05,Lower-tier,Healthcare,Northeast,1,2,2,Medium,LinkedIn,3,11,0,0,,
3.18,Mid-tier,Arts,South,2,0,3,Large,Handshake,3,15,1,0,,
3.08,Mid-tier,Healthcare,South,0,3,0,Small,LinkedIn,3,16,1,0,,
3.76,Mid-tier,Humanities,South,1,0,3,Medium,LinkedIn,8,73,3,3,,
3.12,Lower-tier,Arts,Northeast,1,1,3,Large,Handshake,9,28,2,1,,
3.83,Top-tier,Humanities,West,1,2,2,Large,Handshake,1,5,2,1,,
3.24,Lower-tier,Healthcare,West,3,2,4,Medium,LinkedIn,8,90,4,2,,
3.11,Lower-tier,STEM,Northeast,0,1,3,Medium,Indeed,10,108,1,0,,
3.22,Mid-tier,Business,West,1,3,7,Large,Indeed,3,39,1,0,,
2.57,Mid-tier,Humanities,Midwest,0,3,2,Small,Indeed,3,58,3,1,,
2.73,Mid-tier,Arts,Midwest,1,2,2,Medium,LinkedIn,6,34,1,0,,
2.89,Lower-tier,Humanities,West,1,0,5,Medium,LinkedIn,9,73,3,3,,
3.32,Top-tier,STEM,Northeast,1,2,3,Large,Indeed,9,136,1,0,,
3.46,Mid-tier,Humanities,South,4,4,5,Medium,Handshake,9,79,6,1,,
3.36,Lower-tier,Business,Northeast,1,2,7,Large,LinkedIn,9,37,2,1,,
3.34,Lower-tier,STEM,South,0,2,6,Large,Handshake,10,38,2,1,,
2.73,Mid-tier,Healthcare,Midwest,1,4,3,Medium,Indeed,1,14,2,2,,
2.51,Mid-tier,STEM,Northeast,3,2,0,Medium,LinkedIn,10,50,2,1,,
3.91,Mid-tier,Healthcare,Northeast,1,3,3,Large,Indeed,10,138,7,1,,
3.65,Mid-tier,Humanities,South,1,2,3,Medium,Handshake,5,43,4,1,,
3.23,Lower-tier,STEM,West,1,2,6,Large,Handshake,4,5,2,2,,
3.71,Lower-tier,Humanities,Midwest,0,3,0,Medium,LinkedIn,4,34,2,1,,
3.21,Mid-tier,Business,West,0,2,3,Small,Handshake,4,34,2,1,,
3.34,Mid-tier,STEM,Northeast,1,3,3,Large,Indeed,12,230,2,0,,
2.9,Lower-tier,Healthcare,Northeast,2,4,3,Medium,Handshake,1,5,2,1,,
2.9,Mid-tier,Healthcare,West,0,1,6,Medium,LinkedIn,7,66,3,1,,
3.18,Mid-tier,STEM,Northeast,3,3,4,Large,LinkedIn,7,40,3,3,,
3.12,Mid-tier,Business,South,3,1,2,Large,Handshake,9,31,2,0,,
2.75,Lower-tier,Business,Northeast,1,3,2,Large,LinkedIn,1,10,1,0,,
4.0,Top-tier,STEM,Midwest,1,2,5,Large,Handshake,6,24,3,2,,
3.65,Lower-tier,STEM,West,1,2,4,Small,Handshake,12,10,1,0,,
3.11,Lower-tier,Business,West,4,1,2,Large,LinkedIn,8,21,1,0,,
3.88,Mid-tier,STEM,South,1,0,0,Medium,LinkedIn,5,36,2,2,,
4.0,Lower-tier,Business,South,2,2,2,Medium,LinkedIn,10,110,2,2,,
3.51,Mid-tier,Business,West,3,2,4,Medium,LinkedIn,8,100,2,2,,
3.08,Mid-tier,STEM,Midwest,0,4,1,Medium,Handshake,1,5,2,2,,
3.26,Lower-tier,Healthcare,Midwest,2,1,3,Large,Indeed,12,54,0,0,,
3.37,Mid-tier,Healthcare,West,1,2,3,Large,LinkedIn,6,65,3,0,,
2.65,Lower-tier,Healthcare,West,0,2,2,Medium,LinkedIn,12,122,5,1,,
3.74,Top-tier,STEM,South,4,1,2,Large,Indeed,12,58,2,2,,
3.35,Mid-tier,STEM,Midwest,2,5,6,Large,Handshake,7,70,3,1,,
3.36,Lower-tier,Business,South,1,1,4,Large,Handshake,5,28,2,2,,
2.7,Mid-tier,Business,West,1,1,5,Large,Handshake,12,64,6,0,,
3.89,Mid-tier,Business,South,1,0,1,Small,Indeed,3,37,1,0,,
3.78,Top-tier,STEM,South,2,1,5,Small,Handshake,3,9,2,1,,
3.52,Mid-tier,Business,South,3,1,1,Small,Indeed,6,83,3,2,,
2.9,Mid-tier,STEM,West,0,0,2,Large,Handshake,6,42,4,2,,
3.17,Lower-tier,STEM,Midwest,0,2,3,Large,Indeed,12,120,1,0,,
2.85,Top-tier,Arts,Midwest,1,0,0,Medium,Handshake,11,49,3,3,,
3.42,Mid-tier,Humanities,South,0,1,3,Large,Handshake,1,6,1,1,,
3.38,Mid-tier,STEM,Midwest,0,0,1,Large,Indeed,9,120,4,2,,
3.22,Mid-tier,Business,Northeast,1,1,2,Medium,LinkedIn,1,5,0,0,,
2.51,Lower-tier,STEM,West,0,5,3,Medium,LinkedIn,4,58,2,2,,
2.81,Mid-tier,Humanities,South,0,3,2,Medium,Indeed,10,91,1,0,,
2.41,Lower-tier,STEM,South,0,3,3,Medium,Handshake,11,53,5,0,,
2.8,Top-tier,Business,South,1,3,4,Small,Handshake,11,38,4,1,,
3.53,Mid-tier,Healthcare,West,2,2,1,Medium,Indeed,10,80,1,0,,
2.84,Lower-tier,Humanities,Midwest,0,2,1,Large,Handshake,7,40,2,0,,
3.01,Mid-tier,STEM,Midwest,1,2,3,Large,Indeed,3,38,2,1,,
2.97,Lower-tier,Business,Midwest,0,2,3,Large,LinkedIn,1,5,1,0,,
3.42,Lower-tier,Business,South,2,2,4,Large,Handshake,3,6,0,0,,
3.35,Mid-tier,Healthcare,Midwest,0,3,6,Medium,LinkedIn,2,18,2,1,,
2.61,Lower-tier,Humanities,South,0,1,5,Medium,Handshake,10,48,1,0,,
2.23,Lower-tier,Business,Midwest,0,0,3,Medium,LinkedIn,9,87,2,0,,
2.98,Mid-tier,Business,South,1,2,5,Large,Indeed,10,150,0,0,,
3.67,Mid-tier,Business,Midwest,0,3,3,Medium,LinkedIn,3,16,0,0,,
2.77,Lower-tier,Business,Northeast,0,2,2,Small,LinkedIn,1,6,0,0,,
3.49,Lower-tier,STEM,Midwest,1,3,4,Large,Handshake,6,38,2,2,,
3.52,Mid-tier,STEM,West,0,1,4,Medium,Handshake,1,9,0,0,,
2.82,Lower-tier,STEM,South,2,5,0,Large,Indeed,6,92,1,0,,
4.0,Mid-tier,Business,South,0,2,2,Large,Indeed,6,79,1,0,,
3.15,Lower-tier,Humanities,Northeast,3,2,3,Medium,Indeed,11,168,0,0,,
2.83,Mid-tier,STEM,Northeast,2,3,3,Large,Indeed,8,129,2,0,,
2.94,Lower-tier,STEM,Northeast,0,3,4,Medium,Handshake,2,6,0,0,,
3.97,Mid-tier,Humanities,South,0,4,5,Small,Handshake,4,18,1,0,,
2.67,Mid-tier,Humanities,Northeast,2,6,3,Large,LinkedIn,6,79,2,0,,
3.72,Mid-tier,Business,West,2,1,6,Medium,Handshake,3,14,0,0,,
3.48,Mid-tier,Business,Northeast,0,2,1,Medium,Handshake,5,19,1,0,,
3.85,Mid-tier,STEM,Midwest,0,0,4,Medium,Handshake,7,51,6,2,,
3.1,Mid-tier,STEM,South,3,2,6,Large,LinkedIn,11,99,1,0,,
3.03,Top-tier,Humanities,South,0,1,2,Small,Handshake,1,5,2,1,,
3.7,Lower-tier,STEM,Northeast,1,1,5,Medium,LinkedIn,4,22,2,2,,
3.54,Mid-tier,Humanities,Northeast,0,2,6,Medium,Indeed,2,27,0,0,,
3.5,Mid-tier,STEM,Midwest,1,2,2,Large,LinkedIn,12,82,4,2,,
3.34,Mid-tier,Arts,Midwest,1,0,3,Large,Indeed,5,53,3,3,,
3.21,Mid-tier,Humanities,West,0,0,3,Medium,Indeed,11,220,2,1,,
3.17,Top-tier,Business,Northeast,1,2,4,Medium,LinkedIn,12,88,5,1,,
3.14,Mid-tier,Healthcare,South,2,1,3,Large,Handshake,1,5,0,0,,
4.0,Lower-tier,Arts,West,2,1,7,Large,Handshake,8,8,0,0,,
3.42,Mid-tier,Healthcare,Northeast,1,4,4,Small,Handshake,7,25,4,1,,
3.67,Lower-tier,Humanities,Northeast,0,1,2,Medium,Indeed,4,71,3,2,,
3.29,Mid-tier,Arts,Midwest,0,3,4,Medium,Indeed,2,12,1,1,,
2.2,Mid-tier,STEM,South,1,3,4,Medium,Handshake,7,49,2,0,,
2.78,Mid-tier,Business,Midwest,0,4,7,Medium,LinkedIn,3,38,4,1,,
3.27,Top-tier,STEM,South,1,3,5,Small,Handshake,1,5,2,2,,
3.26,Mid-tier,STEM,South,2,0,2,Small,Handshake,11,44,3,2,,
3.32,Lower-tier,Humanities,West,2,2,4,Medium,Handshake,5,8,0,0,,
3.53,Lower-tier,Business,Northeast,0,1,2,Large,Indeed,8,72,0,0,,
3.75,Mid-tier,Business,Northeast,2,1,3,Medium,Indeed,2,18,0,0,,
3.29,Mid-tier,Arts,South,1,2,2,Small,Handshake,5,28,2,1,,
3.17,Mid-tier,STEM,Midwest,1,2,2,Medium,Handshake,9,48,5,2,,
3.34,Lower-tier,Business,West,1,0,5,Large,Handshake,1,5,2,0,,
3.45,Lower-tier,Healthcare,Northeast,3,1,2,Large,LinkedIn,5,22,0,0,,
2.97,Mid-tier,Humanities,West,1,4,3,Large,LinkedIn,6,37,3,1,,
3.49,Top-tier,Healthcare,Northeast,4,2,2,Large,LinkedIn,12,50,2,1,,
2.7,Mid-tier,Business,West,1,3,5,Large,LinkedIn,10,85,2,0,,
3.53,Top-tier,Healthcare,Midwest,0,1,3,Medium,LinkedIn,4,30,0,0,,
3.17,Mid-tier,STEM,South,2,6,6,Large,Indeed,12,88,1,0,,
2.84,Lower-tier,Healthcare,Northeast,4,3,5,Large,LinkedIn,4,60,4,2,,
3.29,Mid-tier,Healthcare,South,1,0,4,Medium,LinkedIn,6,41,1,0,,
2.94,Top-tier,STEM,Midwest,1,2,3,Large,LinkedIn,5,25,0,0,,
2.89,Top-tier,Business,Midwest,0,4,3,Small,Indeed,1,20,1,0,,
2.69,Mid-tier,STEM,Midwest,1,4,3,Large,LinkedIn,1,7,1,0,,
3.3,Top-tier,STEM,Northeast,2,1,1,Large,Handshake,9,5,1,0,,
3.29,Mid-tier,Business,Northeast,2,3,3,Large,Handshake,1,5,0,0,,
2.91,Mid-tier,Healthcare,West,2,5,4,Large,LinkedIn,3,23,0,0,,
3.05,Mid-tier,Humanities,Northeast,0,0,4,Medium,Handshake,5,26,1,0,,
3.05,Mid-tier,Humanities,South,0,4,1,Medium,Indeed,7,94,1,0,,
3.02,Top-tier,STEM,Northeast,1,1,5,Medium,Indeed,6,97,3,1,,
3.19,Lower-tier,Humanities,South,0,2,4,Medium,Indeed,1,20,0,0,,
3.31,Top-tier,STEM,Midwest,0,4,4,Large,Handshake,4,34,4,1,,
3.18,Mid-tier,STEM,West,0,0,2,Medium,Indeed,6,81,2,0,,
3.56,Lower-tier,Humanities,Midwest,0,1,5,Small,Handshake,12,26,1,0,,
3.01,Top-tier,Arts,Midwest,1,3,2,Large,Handshake,1,5,2,0,,
3.02,Lower-tier,Business,South,0,0,5,Small,Handshake,3,15,1,0,,
2.76,Lower-tier,STEM,West,1,1,2,Medium,Handshake,4,28,0,0,,
3.17,Top-tier,Humanities,Northeast,2,1,3,Large,Handshake,2,6,2,2,,
3.87,Lower-tier,Business,South,1,0,1,Large,LinkedIn,4,27,1,0,,
2.93,Mid-tier,STEM,West,0,2,1,Medium,Indeed,10,113,1,0,,
2.83,Mid-tier,Humanities,West,1,4,4,Medium,Indeed,3,53,1,0,,
3.37,Mid-tier,STEM,West,1,1,5,Medium,Handshake,3,15,2,1,,
2.69,Lower-tier,STEM,Midwest,0,3,3,Medium,Indeed,8,161,3,2,,
3.78,Lower-tier,Humanities,Northeast,1,1,3,Small,Handshake,5,22,3,0,,
2.86,Mid-tier,Arts,Northeast,0,2,2,Small,Handshake,10,45,2,1,,
3.23,Mid-tier,STEM,West,1,3,4,Medium,LinkedIn,7,99,3,1,,
2.87,Lower-tier,Healthcare,Northeast,0,1,1,Medium,LinkedIn,9,64,2,0,,
2.68,Mid-tier,Business,South,0,3,3,Large,LinkedIn,5,44,1,1,,
3.37,Mid-tier,STEM,South,0,1,3,Large,Handshake,3,18,2,1,,
3.36,Lower-tier,Business,South,3,1,6,Large,Indeed,9,153,1,1,,
2.74,Mid-tier,STEM,South,2,0,4,Large,Indeed,2,20,0,0,,
3.36,Top-tier,Business,Midwest,0,3,2,Medium,LinkedIn,1,7,0,0,,
4.0,Lower-tier,STEM,Northeast,1,4,3,Medium,LinkedIn,11,75,7,2,,
3.34,Top-tier,Business,West,1,2,1,Medium,Handshake,2,12,2,1,,
2.0,Lower-tier,Humanities,Northeast,0,1,4,Medium,LinkedIn,11,93,4,1,,
2.81,Mid-tier,STEM,West,0,2,5,Large,LinkedIn,8,58,2,1,,
3.09,Mid-tier,STEM,Northeast,0,3,1,Small,LinkedIn,7,80,8,4,,
2.22,Mid-tier,STEM,South,3,6,1,Small,Handshake,8,21,1,1,,
3.08,Lower-tier,Business,Northeast,0,1,3,Medium,LinkedIn,1,5,0,0,,
3.27,Lower-tier,Healthcare,Northeast,0,2,4,Small,Indeed,3,37,0,0,,
3.02,Mid-tier,Business,Northeast,2,4,6,Medium,LinkedIn,2,18,0,0,,
3.15,Mid-tier,Business,Northeast,0,0,2,Small,Handshake,12,68,12,6,,
2.66,Mid-tier,Humanities,South,2,1,0,Large,LinkedIn,2,11,1,0,,
3.73,Mid-tier,Humanities,Midwest,0,2,1,Small,Handshake,3,18,2,1,,
2.78,Mid-tier,Business,South,0,0,4,Small,Handshake,12,54,5,1,,
2.51,Mid-tier,Humanities,Midwest,0,2,7,Medium,Handshake,9,60,3,2,,
2.71,Lower-tier,STEM,South,0,2,1,Large,LinkedIn,3,30,0,0,,
3.11,Lower-tier,STEM,Midwest,1,1,5,Medium,Indeed,4,70,0,0,,
3.92,Lower-tier,STEM,Midwest,1,6,3,Large,LinkedIn,6,52,3,3,,
3.44,Lower-tier,Humanities,Northeast,0,3,2,Large,LinkedIn,1,10,1,0,,
2.8,Mid-tier,Business,South,2,4,4,Large,Handshake,7,44,4,1,,
3.01,Lower-tier,Humanities,Midwest,2,1,3,Medium,Handshake,11,66,6,2,,
2.66,Lower-tier,Healthcare,South,0,1,4,Large,Handshake,9,30,2,2,,
3.22,Mid-tier,Business,West,1,1,5,Medium,Handshake,10,6,0,0,,
3.55,Mid-tier,Healthcare,Northeast,0,3,2,Medium,Indeed,7,30,2,2,,
3.26,Top-tier,Arts,South,3,2,3,Medium,LinkedIn,3,5,2,2,,
2.96,Lower-tier,STEM,Midwest,2,1,5,Large,Indeed,2,21,2,2,,
3.12,Mid-tier,Business,Northeast,0,0,2,Large,Handshake,8,45,5,1,,
3.22,Top-tier,Healthcare,West,1,3,2,Large,LinkedIn,9,58,3,3,,
2.67,Mid-tier,Business,Northeast,0,0,6,Medium,LinkedIn,9,81,4,1,,
3.13,Mid-tier,Arts,Northeast,2,2,7,Medium,Handshake,3,15,2,1,,
3.3,Mid-tier,Humanities,South,2,1,8,Large,LinkedIn,9,45,3,2,,
2.49,Mid-tier,STEM,West,1,4,5,Large,Indeed,3,35,0,0,,
3.46,Lower-tier,Healthcare,Midwest,1,2,6,Large,Handshake,6,55,2,0,,
3.22,Mid-tier,STEM,Northeast,2,2,2,Medium,LinkedIn,8,126,6,2,,
3.76,Mid-tier,Business,West,0,0,6,Large,LinkedIn,4,39,0,0,,
2.78,Lower-tier,STEM,South,0,0,2,Small,Indeed,1,18,1,1,,
3.65,Top-tier,Humanities,West,0,1,6,Medium,Indeed,3,31,0,0,,
3.0,Mid-tier,STEM,Midwest,2,8,5,Medium,LinkedIn,9,123,6,2,,
3.37,Lower-tier,Business,West,1,0,3,Medium,LinkedIn,3,31,3,1,,
3.4,Mid-tier,Business,Midwest,0,4,8,Large,LinkedIn,9,36,0,0,,
4.0,Mid-tier,STEM,West,4,1,3,Medium,Indeed,11,20,0,0,,
3.79,Mid-tier,STEM,West,0,2,3,Medium,LinkedIn,3,24,2,2,,
3.86,Lower-tier,Business,Northeast,0,0,3,Medium,Handshake,6,29,0,0,,
3.28,Lower-tier,STEM,Northeast,1,3,3,Large,Handshake,9,21,0,0,,
3.9,Lower-tier,Healthcare,South,0,3,4,Large,Handshake,9,60,6,0,,
3.77,Mid-tier,Healthcare,Northeast,0,4,2,Medium,LinkedIn,8,94,5,1,,
3.43,Lower-tier,Business,Midwest,0,1,0,Large,Handshake,3,19,1,0,,
2.7,Lower-tier,Arts,Northeast,1,4,2,Medium,LinkedIn,9,30,2,0,,
2.65,Top-tier,Humanities,West,2,1,2,Medium,Handshake,7,67,2,2,,
2.85,Lower-tier,Business,Midwest,1,2,3,Large,Handshake,1,6,0,0,,
3.32,Mid-tier,STEM,West,1,0,2,Medium,Indeed,5,24,0,0,,
2.05,Mid-tier,STEM,Northeast,1,3,2,Large,Handshake,5,21,2,2,,
2.65,Top-tier,Business,South,1,1,2,Large,LinkedIn,2,24,2,2,,
2.98,Mid-tier,Business,Northeast,1,0,3,Medium,Indeed,3,34,0,0,,
2.49,Lower-tier,STEM,Midwest,1,3,1,Large,LinkedIn,10,73,5,1,,
3.79,Mid-tier,STEM,Midwest,1,2,2,Large,Indeed,10,131,3,1,,
2.89,Lower-tier,Arts,Northeast,0,3,1,Small,Handshake,7,44,3,0,,
3.48,Lower-tier,STEM,Midwest,3,2,4,Medium,LinkedIn,10,96,3,3,,
3.65,Lower-tier,STEM,South,0,3,3,Large,LinkedIn,3,20,0,0,,
3.24,Lower-tier,Humanities,Midwest,0,3,2,Large,LinkedIn,11,55,0,0,,
3.53,Top-tier,Humanities,Northeast,1,3,5,Small,LinkedIn,7,25,2,1,,
2.95,Mid-tier,Arts,Northeast,0,4,4,Medium,Handshake,5,25,0,0,,
3.82,Lower-tier,Healthcare,Midwest,0,3,2,Small,Indeed,1,16,0,0,,
3.53,Mid-tier,Healthcare,Midwest,1,3,5,Small,Handshake,6,27,2,1,,
3.18,Mid-tier,STEM,West,2,2,4,Large,LinkedIn,7,38,2,1,,
3.23,Mid-tier,Business,Northeast,0,2,3,Medium,Indeed,10,101,1,0,,
3.57,Lower-tier,Healthcare,West,0,2,2,Medium,LinkedIn,7,94,2,2,,
3.2,Lower-tier,Healthcare,Northeast,1,0,3,Large,Handshake,2,5,2,0,,
3.35,Mid-tier,Humanities,Midwest,1,0,2,Medium,LinkedIn,1,17,2,1,,
3.19,Lower-tier,STEM,Midwest,3,6,3,Large,LinkedIn,10,131,4,4,,
3.99,Mid-tier,Business,West,0,3,4,Small,Handshake,3,18,2,1,,
3.52,Mid-tier,STEM,South,0,3,6,Large,Indeed,3,58,0,0,,
3.78,Mid-tier,Humanities,Midwest,0,0,2,Large,LinkedIn,8,72,4,3,,
2.42,Lower-tier,Healthcare,West,0,5,1,Large,LinkedIn,1,9,0,0,,
2.73,Lower-tier,Healthcare,Midwest,0,1,3,Medium,Indeed,6,145,2,0,,
3.35,Mid-tier,Humanities,Midwest,1,0,5,Medium,LinkedIn,3,36,2,0,,
3.7,Mid-tier,STEM,Northeast,1,2,2,Large,Indeed,6,104,2,1,,
3.06,Mid-tier,STEM,West,3,2,4,Small,Indeed,1,13,2,1,,
3.06,Top-tier,Arts,Midwest,3,3,2,Small,LinkedIn,8,117,5,1,,
3.2,Lower-tier,Business,Northeast,0,4,1,Medium,LinkedIn,12,140,3,3,,
2.88,Mid-tier,Arts,Midwest,2,2,0,Large,Indeed,9,157,4,2,,
2.79,Lower-tier,Healthcare,South,1,1,7,Medium,Handshake,2,12,1,0,,
3.17,Lower-tier,Business,West,0,2,2,Large,LinkedIn,5,37,2,0,,
3.01,Mid-tier,Humanities,West,1,2,1,Large,Indeed,10,106,4,3,,
3.05,Top-tier,STEM,South,1,1,3,Medium,LinkedIn,10,110,2,1,,
2.82,Lower-tier,STEM,Northeast,0,0,3,Large,LinkedIn,9,136,8,3,,
2.69,Mid-tier,STEM,Northeast,0,6,1,Large,LinkedIn,11,78,2,1,,
3.22,Mid-tier,Business,West,0,1,1,Small,Handshake,9,6,0,0,,
3.56,Mid-tier,STEM,Midwest,0,5,6,Large,Indeed,8,101,1,0,,
2.93,Top-tier,Humanities,Midwest,1,2,1,Medium,Indeed,12,206,2,1,,
2.73,Mid-tier,Humanities,Northeast,0,3,2,Small,Handshake,11,34,3,0,,
3.84,Mid-tier,Business,Midwest,1,0,6,Medium,LinkedIn,11,78,4,2,,
3.56,Mid-tier,STEM,Midwest,2,2,4,Medium,Indeed,10,198,5,5,,
3.09,Top-tier,STEM,West,3,1,2,Medium,Handshake,8,25,2,2,,
3.08,Lower-tier,Business,Northeast,1,4,0,Small,Handshake,12,94,2,1,,
4.0,Mid-tier,STEM,Midwest,0,1,5,Large,Indeed,1,7,0,0,,
2.71,Lower-tier,Healthcare,South,0,1,4,Large,LinkedIn,6,51,4,0,,
3.95,Mid-tier,Arts,West,1,3,2,Large,LinkedIn,10,113,5,2,,
3.46,Mid-tier,Business,South,1,2,2,Large,LinkedIn,3,36,0,0,,
3.09,Lower-tier,Business,South,0,3,4,Large,Handshake,3,15,2,0,,
3.2,Lower-tier,STEM,Midwest,3,2,1,Large,LinkedIn,5,35,2,1,,
2.57,Mid-tier,STEM,South,1,3,6,Small,LinkedIn,4,52,1,0,,
3.49,Mid-tier,Business,Midwest,1,1,6,Large,Handshake,7,40,4,0,,
2.87,Mid-tier,Arts,West,0,0,4,Small,Handshake,2,13,1,0,,
4.0,Mid-tier,Humanities,Midwest,4,2,3,Medium,LinkedIn,9,114,2,1,,
2.6,Mid-tier,Business,Midwest,0,1,5,Medium,LinkedIn,12,132,3,0,,
3.6,Mid-tier,Humanities,Northeast,0,1,2,Small,Handshake,1,5,0,0,,
3.33,Mid-tier,Humanities,Northeast,0,5,4,Small,Handshake,9,30,2,1,,
3.19,Top-tier,Business,South,1,2,1,Medium,LinkedIn,1,9,2,1,,
2.18,Mid-tier,Business,Northeast,0,2,5,Medium,Handshake,4,10,0,0,,
3.86,Mid-tier,Business,West,2,3,3,Small,Indeed,10,133,1,0,,
2.66,Lower-tier,STEM,South,0,2,3,Medium,LinkedIn,4,42,2,1,,
2.64,Mid-tier,Business,South,0,2,2,Medium,LinkedIn,5,63,2,0,,
3.26,Top-tier,Healthcare,West,0,0,6,Large,Handshake,8,26,2,2,,
3.63,Top-tier,Business,Northeast,4,0,6,Medium,Handshake,3,14,2,2,,
3.48,Top-tier,Humanities,Midwest,1,2,3,Small,LinkedIn,12,62,2,1,,
2.78,Mid-tier,Arts,West,1,4,1,Large,Indeed,12,196,4,2,,
3.05,Mid-tier,STEM,Midwest,3,2,3,Large,Indeed,12,130,5,1,,
3.71,Mid-tier,STEM,Northeast,4,3,6,Medium,LinkedIn,12,22,2,2,,
2.91,Top-tier,Healthcare,West,1,2,4,Large,LinkedIn,6,56,0,0,,
3.04,Lower-tier,STEM,Midwest,1,5,3,Large,Indeed,9,136,5,4,,
3.7,Mid-tier,STEM,South,2,2,4,Large,Indeed,7,119,5,5,,
2.99,Mid-tier,STEM,West,0,0,4,Small,Handshake,9,36,2,2,,
3.43,Lower-tier,Business,South,0,1,3,Small,LinkedIn,8,65,0,0,,
3.55,Mid-tier,STEM,West,3,5,5,Large,Handshake,12,5,2,1,,
3.74,Mid-tier,Healthcare,West,2,0,2,Large,Indeed,9,115,3,1,,
3.49,Lower-tier,STEM,West,0,0,4,Large,Handshake,10,63,4,3,,
2.97,Lower-tier,STEM,South,2,1,1,Large,Handshake,8,49,3,2,,
2.9,Mid-tier,Business,South,0,1,3,Large,LinkedIn,12,104,4,2,,
3.03,Mid-tier,Humanities,South,2,3,4,Medium,LinkedIn,7,31,4,0,,
3.38,Lower-tier,Business,Northeast,4,2,2,Small,Indeed,4,60,2,1,,
3.11,Lower-tier,Business,Northeast,0,4,1,Small,Handshake,11,29,4,2,,
3.06,Lower-tier,Business,Northeast,1,1,2,Medium,LinkedIn,8,76,5,2,,
3.99,Mid-tier,Humanities,Midwest,0,4,4,Medium,Indeed,8,141,5,4,,
2.61,Lower-tier,Business,Northeast,0,1,2,Medium,LinkedIn,12,54,2,1,,
3.48,Top-tier,Humanities,Midwest,2,3,4,Small,LinkedIn,3,9,2,2,,
3.14,Lower-tier,STEM,Northeast,1,3,6,Small,LinkedIn,12,80,2,2,,
3.27,Mid-tier,Healthcare,South,1,4,4,Medium,LinkedIn,4,65,2,1,,
2.93,Top-tier,STEM,West,2,0,4,Medium,Handshake,1,5,1,1,,
2.97,Lower-tier,STEM,South,1,1,1,Large,Handshake,10,16,1,0,,
3.19,Mid-tier,STEM,South,2,2,3,Large,LinkedIn,2,12,0,0,,
2.91,Lower-tier,Humanities,South,0,1,2,Medium,LinkedIn,11,137,3,2,,
3.74,Lower-tier,Business,Northeast,0,1,4,Medium,Handshake,10,40,2,2,,
3.61,Top-tier,STEM,West,2,3,2,Medium,LinkedIn,7,61,4,1,,
3.86,Lower-tier,Business,Northeast,3,4,2,Small,LinkedIn,7,63,4,1,,
3.06,Lower-tier,Business,Midwest,0,2,2,Medium,LinkedIn,6,26,0,0,,
3.41,Top-tier,Humanities,South,1,1,1,Medium,Handshake,1,5,0,0,,
3.22,Lower-tier,Business,Northeast,3,1,2,Large,Handshake,11,128,7,2,,
3.58,Top-tier,Healthcare,West,4,3,4,Large,Handshake,8,85,4,2,,
2.95,Mid-tier,STEM,South,1,2,5,Small,Indeed,6,112,3,2,,
3.28,Lower-tier,Healthcare,South,0,3,3,Small,Handshake,4,33,4,2,,
2.43,Mid-tier,Healthcare,South,0,3,3,Medium,Indeed,5,61,2,0,,
3.06,Mid-tier,STEM,Northeast,0,2,3,Large,LinkedIn,2,19,0,0,,
3.24,Top-tier,Healthcare,Midwest,2,1,0,Medium,Indeed,1,11,0,0,,
3.21,Top-tier,Healthcare,Midwest,1,3,2,Medium,Indeed,8,96,1,0,,
3.61,Mid-tier,Business,West,1,5,4,Medium,Handshake,3,11,0,0,,
2.68,Lower-tier,STEM,Midwest,1,2,1,Large,Indeed,1,24,0,0,,
3.63,Mid-tier,STEM,Northeast,0,3,4,Large,Indeed,4,67,3,2,,
2.72,Mid-tier,STEM,Northeast,0,1,8,Large,Indeed,4,43,1,0,,
3.61,Mid-tier,Humanities,West,0,1,4,Large,Handshake,10,61,3,1,,
2.91,Mid-tier,Humanities,West,2,3,2,Small,Handshake,9,5,0,0,,
2.8,Mid-tier,STEM,Midwest,0,4,4,Large,Indeed,4,64,4,1,,
2.95,Mid-tier,STEM,West,1,2,6,Medium,Handshake,5,14,1,1,,
2.94,Mid-tier,Healthcare,West,0,0,2,Large,Indeed,5,69,1,0,,
3.24,Lower-tier,Humanities,Midwest,2,4,2,Small,LinkedIn,7,53,2,0,,
3.53,Lower-tier,Humanities,Northeast,1,2,1,Large,LinkedIn,2,16,0,0,,
2.67,Lower-tier,Humanities,Midwest,1,3,3,Medium,LinkedIn,10,148,8,7,,
3.57,Lower-tier,STEM,Northeast,2,2,3,Medium,Indeed,11,124,1,0,,
3.83,Lower-tier,Humanities,Midwest,4,2,3,Medium,Handshake,4,8,2,2,,
3.16,Lower-tier,Healthcare,South,0,1,3,Large,LinkedIn,7,60,4,2,,
3.05,Lower-tier,Business,Northeast,2,2,5,Large,Handshake,3,17,2,2,,
3.68,Top-tier,STEM,Northeast,0,2,1,Small,LinkedIn,8,53,1,0,,
2.55,Lower-tier,Healthcare,South,4,4,1,Large,LinkedIn,9,82,5,1,,
2.62,Mid-tier,Business,Midwest,1,0,5,Medium,LinkedIn,6,52,3,1,,
3.07,Lower-tier,Humanities,West,0,1,4,Large,Handshake,9,48,4,3,,
3.31,Mid-tier,STEM,South,1,2,6,Medium,Handshake,9,36,3,1,,
2.36,Mid-tier,STEM,Midwest,0,3,4,Medium,Handshake,6,27,2,1,,
3.33,Mid-tier,Business,Northeast,0,2,3,Large,LinkedIn,11,146,8,5,,
3.0,Mid-tier,Arts,South,0,1,4,Small,LinkedIn,7,74,2,1,,
3.38,Mid-tier,STEM,West,3,1,1,Medium,Handshake,6,27,1,0,,
2.63,Lower-tier,Business,Northeast,0,1,1,Medium,Indeed,3,49,2,0,,
3.31,Lower-tier,STEM,South,0,0,2,Medium,Handshake,3,21,4,1,,
3.87,Mid-tier,Healthcare,Midwest,0,5,3,Large,LinkedIn,9,82,4,3,,
2.31,Lower-tier,Business,Midwest,0,2,1,Small,Indeed,2,62,1,1,,
3.3,Mid-tier,STEM,Midwest,0,2,7,Medium,Handshake,6,39,4,0,,
3.06,Mid-tier,Humanities,Midwest,0,1,4,Large,Handshake,5,12,0,0,,
3.43,Lower-tier,STEM,West,2,2,2,Medium,Handshake,7,38,2,1,,
3.35,Mid-tier,STEM,South,1,3,8,Small,Handshake,5,17,2,0,,
2.76,Mid-tier,Business,South,1,1,7,Small,Handshake,9,21,1,0,,
2.98,Mid-tier,Business,West,1,1,2,Medium,LinkedIn,9,66,5,1,,
3.32,Mid-tier,Business,West,1,2,4,Large,Handshake,3,12,0,0,,
3.04,Lower-tier,STEM,West,1,1,5,Small,Indeed,1,16,0,0,,
3.47,Mid-tier,Business,Northeast,1,1,4,Large,Handshake,6,16,0,0,,
3.02,Lower-tier,Humanities,Northeast,0,3,3,Small,Handshake,2,12,0,0,,
2.82,Lower-tier,Business,Northeast,1,4,1,Large,LinkedIn,6,31,2,1,,
3.92,Mid-tier,STEM,West,1,3,0,Small,Handshake,3,16,3,1,,
3.14,Mid-tier,Healthcare,West,1,3,3,Medium,Indeed,10,140,1,1,,
2.41,Top-tier,Business,Midwest,0,1,8,Large,LinkedIn,11,106,6,2,,
3.39,Mid-tier,Healthcare,Northeast,1,3,1,Medium,LinkedIn,4,48,1,0,,
3.42,Mid-tier,Humanities,West,1,1,7,Large,Indeed,1,22,0,0,,
3.25,Lower-tier,STEM,South,3,1,3,Large,Handshake,1,11,1,0,,
3.44,Mid-tier,STEM,Midwest,4,1,4,Large,Indeed,1,17,2,1,,
3.4,Lower-tier,STEM,Northeast,0,1,3,Medium,Indeed,9,129,0,0,,
3.43,Lower-tier,Business,Northeast,2,1,1,Large,LinkedIn,8,5,0,0,,
3.81,Top-tier,Arts,South,4,3,2,Medium,Indeed,12,264,10,4,,
3.1,Mid-tier,STEM,Midwest,0,5,2,Large,Handshake,1,5,0,0,,
3.64,Lower-tier,Healthcare,South,0,4,0,Large,Indeed,6,50,0,0,,
3.84,Mid-tier,STEM,Northeast,0,2,5,Large,LinkedIn,4,44,3,2,,
2.97,Mid-tier,Humanities,Midwest,2,3,2,Large,LinkedIn,10,93,3,1,,
3.41,Mid-tier,STEM,South,2,3,2,Medium,Indeed,9,96,2,2,,
2.25,Top-tier,Healthcare,Midwest,2,4,4,Large,LinkedIn,5,50,1,0,,
3.62,Top-tier,Humanities,South,1,1,4,Medium,LinkedIn,7,93,5,4,,
3.23,Mid-tier,STEM,Northeast,0,1,1,Medium,Indeed,3,25,0,0,,
3.03,Mid-tier,STEM,Midwest,0,1,4,Large,Indeed,4,48,0,0,,
2.98,Lower-tier,STEM,West,1,2,7,Large,Handshake,8,44,5,3,,
2.78,Lower-tier,Healthcare,Midwest,0,1,1,Large,Indeed,8,156,1,0,,
2.34,Mid-tier,Business,Northeast,1,2,5,Small,Indeed,12,138,0,0,,
3.24,Mid-tier,STEM,West,2,5,1,Small,Indeed,1,16,0,0,,
3.43,Top-tier,Business,South,1,1,3,Large,Handshake,2,10,0,0,,
3.22,Lower-tier,Business,Northeast,1,5,2,Large,LinkedIn,4,19,0,0,,
2.77,Lower-tier,Healthcare,Midwest,0,3,3,Large,LinkedIn,6,60,4,1,,
2.44,Lower-tier,Arts,Midwest,1,2,2,Large,LinkedIn,3,29,2,1,,
2.75,Mid-tier,Humanities,South,0,3,6,Large,Indeed,11,166,0,0,,
3.45,Lower-tier,Humanities,Northeast,0,4,2,Small,Handshake,2,9,2,2,,
2.61,Mid-tier,Business,Northeast,3,4,1,Small,LinkedIn,4,44,3,2,,
3.25,Mid-tier,Business,Midwest,0,0,6,Large,Indeed,8,112,2,0,,
3.41,Top-tier,STEM,South,2,7,2,Large,Indeed,7,51,2,0,,
2.85,Mid-tier,Business,West,2,1,1,Large,LinkedIn,4,32,2,0,,
2.39,Lower-tier,STEM,South,2,4,2,Medium,Handshake,2,9,1,0,,
3.29,Top-tier,Business,South,2,2,4,Small,LinkedIn,1,8,0,0,,
3.08,Mid-tier,STEM,West,0,1,2,Medium,LinkedIn,3,41,2,1,,
2.61,Mid-tier,Business,South,1,1,3,Medium,LinkedIn,3,24,1,1,,
3.29,Lower-tier,Healthcare,South,0,2,3,Medium,Handshake,6,51,2,0,,
3.04,Lower-tier,Humanities,Northeast,0,1,3,Large,LinkedIn,12,20,2,2,,
3.79,Mid-tier,Business,Northeast,0,2,5,Large,LinkedIn,2,11,1,1,,
2.58,Mid-tier,Business,Midwest,1,2,4,Small,Indeed,3,70,4,2,,
3.15,Mid-tier,STEM,South,0,4,2,Medium,Indeed,9,195,2,1,,
3.32,Top-tier,Business,Midwest,1,1,5,Medium,Handshake,6,5,0,0,,
2.78,Mid-tier,Humanities,Midwest,2,1,1,Large,Handshake,3,25,3,0,,
2.98,Mid-tier,STEM,Northeast,2,3,5,Large,Handshake,8,33,4,1,,
3.46,Mid-tier,Business,West,1,1,3,Large,Indeed,2,31,2,1,,
2.67,Top-tier,Humanities,Midwest,1,0,1,Medium,LinkedIn,7,80,3,1,,
3.32,Top-tier,Business,South,3,2,2,Medium,Handshake,4,20,1,0,,
2.48,Lower-tier,STEM,Midwest,1,1,2,Large,Indeed,12,212,10,10,,
2.43,Lower-tier,STEM,West,2,2,4,Medium,Handshake,6,28,1,1,,
3.39,Lower-tier,Business,South,1,2,6,Medium,LinkedIn,6,40,0,0,,
3.42,Mid-tier,Business,West,1,3,3,Large,Handshake,5,13,2,2,,
2.72,Lower-tier,Business,Northeast,1,0,0,Small,LinkedIn,5,52,1,0,,
2.41,Lower-tier,STEM,Northeast,1,3,5,Medium,Indeed,1,25,0,0,,
2.69,Mid-tier,Healthcare,Northeast,1,2,2,Small,Handshake,12,58,3,2,,
3.48,Lower-tier,Humanities,Northeast,1,2,4,Medium,LinkedIn,4,50,1,1,,
3.11,Lower-tier,Business,Midwest,4,1,3,Small,Indeed,10,111,2,2,,
2.71,Mid-tier,Humanities,Midwest,0,3,6,Medium,LinkedIn,6,89,4,0,,
3.4,Top-tier,Humanities,Midwest,1,2,4,Large,LinkedIn,9,69,3,1,,
3.03,Mid-tier,Business,West,1,1,3,Small,Handshake,11,42,3,0,,
3.55,Mid-tier,Healthcare,Midwest,1,2,6,Medium,Handshake,7,36,2,2,,
2.9,Lower-tier,STEM,West,1,1,4,Large,Handshake,6,24,2,1,,
3.13,Mid-tier,Healthcare,Northeast,1,3,4,Medium,LinkedIn,6,48,1,0,,
3.3,Lower-tier,Business,Midwest,1,4,6,Small,LinkedIn,3,5,0,0,,
4.0,Mid-tier,Humanities,South,1,3,2,Small,Handshake,10,88,3,1,,
2.75,Lower-tier,Business,Midwest,1,0,2,Medium,Handshake,9,49,2,0,,
2.83,Mid-tier,Business,Northeast,1,1,2,Medium,Handshake,1,6,1,1,,
3.65,Mid-tier,Humanities,West,2,3,5,Large,Handshake,9,66,6,3,,
3.54,Top-tier,STEM,South,2,1,2,Large,LinkedIn,7,71,3,1,,
2.89,Mid-tier,STEM,South,0,3,1,Medium,Handshake,1,5,0,0,,
3.18,Lower-tier,STEM,Midwest,2,0,1,Large,Indeed,3,43,3,2,,
3.24,Mid-tier,Business,West,0,5,2,Small,Indeed,4,36,0,0,,
3.16,Mid-tier,Business,Midwest,3,1,1,Large,Handshake,11,122,6,4,,
2.43,Mid-tier,Business,Midwest,3,0,8,Small,LinkedIn,1,9,0,0,,
4.0,Lower-tier,Arts,Midwest,2,1,3,Medium,LinkedIn,12,64,3,0,,
3.56,Mid-tier,Humanities,West,0,1,4,Large,Indeed,3,47,3,1,,
3.21,Lower-tier,Healthcare,West,0,3,3,Medium,Indeed,12,102,1,0,,
3.26,Top-tier,Humanities,West,0,3,4,Medium,LinkedIn,12,170,11,2,,
3.05,Lower-tier,Business,South,2,3,3,Large,Handshake,12,48,2,1,,
3.36,Mid-tier,Business,Midwest,0,3,2,Large,Handshake,4,5,1,1,,
3.32,Lower-tier,Healthcare,South,0,3,2,Small,Handshake,6,5,1,0,,
2.63,Mid-tier,Humanities,South,0,0,5,Large,Handshake,8,81,3,0,,
3.64,Lower-tier,Business,Northeast,1,4,4,Medium,LinkedIn,4,52,3,3,,
2.54,Mid-tier,STEM,West,0,1,5,Medium,LinkedIn,9,46,0,0,,
3.09,Lower-tier,STEM,West,2,3,3,Medium,Indeed,4,42,1,0,,
3.18,Lower-tier,STEM,South,2,2,3,Medium,LinkedIn,6,44,1,0,,
3.78,Mid-tier,STEM,West,1,3,3,Small,Handshake,3,17,0,0,,
3.57,Lower-tier,STEM,Northeast,0,1,2,Medium,Indeed,11,232,2,0,,
2.49,Mid-tier,Humanities,West,0,0,4,Large,Handshake,12,62,4,1,,
3.19,Top-tier,Business,South,0,3,4,Large,Indeed,1,7,0,0,,
3.6,Mid-tier,STEM,Northeast,0,2,3,Medium,LinkedIn,6,43,3,2,,
4.0,Lower-tier,STEM,Northeast,0,0,5,Large,Indeed,10,143,3,2,,
2.71,Mid-tier,Business,South,1,1,1,Small,LinkedIn,12,60,4,1,,
3.3,Mid-tier,STEM,West,0,1,4,Medium,Handshake,6,20,2,2,,
2.48,Lower-tier,STEM,Midwest,3,3,2,Large,Indeed,7,99,2,0,,
2.61,Mid-tier,STEM,South,1,2,3,Medium,Indeed,5,65,1,0,,
3.36,Lower-tier,Business,South,1,2,0,Large,LinkedIn,8,29,2,1,,
3.32,Lower-tier,Business,Northeast,3,1,2,Large,LinkedIn,10,55,2,2,,
3.24,Lower-tier,STEM,Midwest,2,1,5,Medium,LinkedIn,12,94,2,1,,
3.76,Mid-tier,STEM,South,0,2,3,Large,Handshake,11,18,2,2,,
2.94,Top-tier,Business,Midwest,1,1,3,Large,LinkedIn,5,44,1,0,,
3.2,Lower-tier,Business,Midwest,3,1,3,Small,LinkedIn,6,31,2,1,,
4.0,Lower-tier,STEM,West,0,0,1,Large,Handshake,11,71,2,2,,
3.74,Mid-tier,STEM,South,0,2,3,Small,Handshake,3,19,1,0,,
3.22,Lower-tier,Healthcare,South,1,1,3,Medium,LinkedIn,9,97,6,2,,
3.66,Mid-tier,Healthcare,West,0,0,4,Large,Handshake,10,35,5,2,,
3.23,Mid-tier,Business,Northeast,2,1,4,Large,LinkedIn,6,42,0,0,,
3.3,Mid-tier,Arts,Midwest,3,1,4,Medium,LinkedIn,11,55,4,1,,
3.31,Mid-tier,Humanities,Midwest,0,2,1,Small,Handshake,6,17,0,0,,
3.07,Lower-tier,Business,Midwest,0,2,2,Medium,LinkedIn,1,16,1,1,,
3.32,Lower-tier,Business,South,1,2,2,Small,LinkedIn,12,110,2,0,,
3.41,Mid-tier,STEM,West,0,2,1,Large,LinkedIn,7,46,2,1,,
3.02,Lower-tier,Healthcare,South,0,2,3,Large,LinkedIn,1,8,0,0,,
3.06,Mid-tier,Humanities,South,2,3,0,Medium,LinkedIn,2,19,2,2,,
3.17,Top-tier,STEM,South,1,0,3,Large,LinkedIn,12,54,2,0,,
3.14,Mid-tier,Business,West,1,1,4,Medium,LinkedIn,4,48,3,0,,
3.5,Mid-tier,Business,West,1,3,8,Small,Handshake,6,30,2,1,,
2.72,Mid-tier,Business,Midwest,3,2,6,Large,Handshake,12,112,3,2,,
3.45,Mid-tier,Healthcare,Northeast,0,2,2,Medium,Handshake,3,17,2,1,,
2.84,Top-tier,Humanities,South,1,4,4,Large,LinkedIn,11,64,4,3,,
3.12,Mid-tier,Humanities,Midwest,0,2,3,Medium,Indeed,1,11,0,0,,
3.08,Lower-tier,STEM,South,1,2,5,Large,LinkedIn,12,92,7,3,,
3.05,Mid-tier,Humanities,Northeast,4,1,1,Medium,LinkedIn,11,144,3,1,,
2.82,Lower-tier,Arts,West,0,3,1,Large,Handshake,1,5,0,0,,
2.93,Mid-tier,Business,Northeast,0,1,2,Large,Handshake,6,18,0,0,,
3.6,Top-tier,STEM,Midwest,0,2,3,Medium,LinkedIn,3,31,2,2,,
2.52,Lower-tier,Business,West,0,2,2,Medium,Handshake,8,76,6,3,,
2.64,Mid-tier,STEM,South,1,2,3,Medium,LinkedIn,5,33,2,2,,
2.95,Mid-tier,Healthcare,West,0,1,2,Medium,LinkedIn,3,22,2,1,,
3.52,Lower-tier,Healthcare,Midwest,0,1,3,Large,Indeed,6,69,1,0,,
2.65,Mid-tier,STEM,South,1,0,3,Large,Handshake,4,11,0,0,,
3.91,Mid-tier,Humanities,Midwest,1,2,1,Large,LinkedIn,12,104,3,1,,
3.7,Mid-tier,Humanities,Midwest,2,0,3,Medium,Indeed,10,280,8,2,,
3.6,Lower-tier,Arts,Northeast,0,2,4,Large,Indeed,5,76,1,0,,
2.9,Lower-tier,Business,Midwest,2,6,3,Medium,LinkedIn,8,65,2,2,,
2.82,Lower-tier,STEM,South,2,0,1,Large,Indeed,8,118,2,2,,
3.03,Mid-tier,STEM,West,0,2,0,Large,LinkedIn,6,57,2,1,,
3.15,Mid-tier,Business,South,0,2,3,Large,Indeed,7,91,2,0,,
3.19,Top-tier,Business,Northeast,1,3,3,Medium,LinkedIn,9,108,6,4,,
3.06,Mid-tier,STEM,West,3,0,2,Large,Handshake,2,5,0,0,,
4.0,Mid-tier,Business,Midwest,2,0,1,Medium,Handshake,7,10,2,0,,
3.05,Lower-tier,Healthcare,South,0,3,2,Large,Handshake,11,16,0,0,,
3.13,Top-tier,Humanities,South,1,2,5,Large,LinkedIn,5,16,1,0,,
3.08,Lower-tier,Humanities,Northeast,1,2,5,Large,Indeed,11,196,1,0,,
2.76,Lower-tier,Business,West,0,3,3,Medium,LinkedIn,8,61,3,0,,
3.45,Lower-tier,Business,Northeast,0,4,5,Small,Indeed,8,80,0,0,,
3.88,Mid-tier,Business,West,1,2,5,Large,LinkedIn,8,70,3,3,,
2.73,Mid-tier,STEM,South,0,0,6,Large,Indeed,12,172,1,1,,
3.17,Mid-tier,Business,Northeast,2,2,1,Medium,LinkedIn,10,73,4,1,,
2.87,Mid-tier,STEM,South,2,1,6,Medium,Handshake,10,51,2,1,,
2.7,Mid-tier,Humanities,South,4,4,4,Medium,Indeed,7,78,1,0,,
2.86,Lower-tier,STEM,Northeast,1,1,6,Medium,LinkedIn,11,71,4,1,,
4.0,Lower-tier,Arts,Midwest,0,4,3,Medium,LinkedIn,4,31,0,0,,
3.51,Mid-tier,STEM,South,0,2,0,Medium,Indeed,3,36,0,0,,
3.67,Mid-tier,STEM,West,1,0,1,Large,Indeed,10,75,4,3,,
2.6,Mid-tier,Healthcare,Northeast,1,2,3,Small,Handshake,5,11,3,0,,
3.32,Top-tier,STEM,Northeast,0,1,4,Medium,LinkedIn,5,18,0,0,,
3.46,Mid-tier,Business,West,0,5,3,Small,Indeed,8,60,0,0,,
3.2,Mid-tier,STEM,Northeast,0,0,1,Large,Handshake,7,10,2,1,,
2.58,Top-tier,Business,Midwest,2,4,2,Medium,Handshake,5,5,0,0,,
2.89,Lower-tier,STEM,South,1,3,0,Medium,Handshake,10,80,6,3,,
3.05,Mid-tier,STEM,Midwest,1,1,7,Medium,LinkedIn,8,32,0,0,,
3.5,Lower-tier,STEM,Midwest,2,5,5,Medium,Handshake,12,54,3,3,,
2.79,Mid-tier,Humanities,Midwest,1,4,5,Large,Indeed,7,89,1,0,,
3.89,Top-tier,Arts,West,1,3,0,Medium,Handshake,8,65,2,0,,
2.41,Lower-tier,Healthcare,West,1,5,1,Large,Indeed,4,34,0,0,,
2.98,Mid-tier,Healthcare,Midwest,1,3,3,Large,LinkedIn,10,106,2,0,,
3.59,Mid-tier,STEM,Northeast,0,0,5,Large,Indeed,11,45,0,0,,
3.04,Lower-tier,Business,Midwest,0,0,4,Large,LinkedIn,1,5,1,1,,
3.47,Mid-tier,Business,Northeast,2,1,3,Large,LinkedIn,5,39,2,2,,
3.19,Mid-tier,Business,Northeast,3,1,3,Small,LinkedIn,2,13,0,0,,
3.3,Mid-tier,Healthcare,West,0,1,2,Small,Handshake,9,64,6,1,,
3.31,Top-tier,Business,Midwest,0,3,1,Small,LinkedIn,5,32,3,1,,
2.8,Mid-tier,Business,South,1,1,4,Small,LinkedIn,8,41,5,2,,
3.7,Mid-tier,Business,Northeast,1,1,3,Small,Handshake,12,24,2,2,,
3.41,Mid-tier,STEM,West,2,2,1,Large,Handshake,4,23,2,2,,
3.21,Mid-tier,Business,South,2,1,3,Medium,Handshake,9,85,2,1,,
3.0,Mid-tier,Humanities,South,4,2,4,Large,Indeed,6,69,3,3,,
2.99,Mid-tier,STEM,Northeast,2,1,6,Large,Indeed,12,126,7,4,,
3.25,Lower-tier,STEM,West,1,0,2,Large,Handshake,3,16,0,0,,
2.73,Mid-tier,Business,Midwest,0,0,1,Medium,LinkedIn,9,90,2,0,,
2.81,Lower-tier,Arts,Northeast,0,4,0,Large,Indeed,8,61,3,2,,
3.36,Lower-tier,STEM,South,3,3,4,Large,LinkedIn,3,21,2,1,,
3.11,Lower-tier,STEM,West,0,3,2,Large,Handshake,9,39,2,2,,
3.49,Mid-tier,STEM,West,1,1,3,Medium,LinkedIn,8,65,2,0,,
3.34,Lower-tier,Business,Midwest,1,2,2,Large,Handshake,4,13,1,0,,
3.03,Lower-tier,Healthcare,Northeast,1,4,2,Medium,Indeed,2,14,0,0,,
3.64,Lower-tier,Arts,Northeast,0,1,4,Large,LinkedIn,10,61,3,1,,
3.04,Mid-tier,Humanities,South,0,5,3,Large,Handshake,3,14,2,0,,
3.55,Mid-tier,Business,Northeast,2,2,2,Small,LinkedIn,11,150,4,1,,
3.59,Lower-tier,STEM,Midwest,0,4,2,Large,Handshake,6,41,3,1,,
3.44,Lower-tier,Healthcare,South,3,4,1,Small,Handshake,5,14,0,0,,
3.27,Top-tier,Humanities,Northeast,2,2,4,Medium,Handshake,1,5,2,2,,
3.96,Lower-tier,Business,South,0,4,2,Medium,Indeed,10,143,0,0,,
3.07,Mid-tier,Humanities,Midwest,2,1,1,Large,LinkedIn,5,50,2,2,,
2.64,Lower-tier,Healthcare,West,1,2,1,Medium,LinkedIn,3,30,2,0,,
3.17,Mid-tier,STEM,Midwest,2,3,2,Medium,Handshake,9,18,2,1,,
3.44,Lower-tier,Business,South,0,2,3,Large,Handshake,12,54,2,2,,
3.51,Lower-tier,Business,Northeast,3,1,1,Small,LinkedIn,9,54,2,1,,
2.44,Lower-tier,STEM,South,2,0,3,Small,LinkedIn,9,96,8,1,,
3.1,Mid-tier,Business,Northeast,1,1,1,Large,LinkedIn,12,5,2,2,,
2.76,Lower-tier,Humanities,Midwest,2,3,4,Medium,LinkedIn,12,184,8,4,,
2.8,Mid-tier,Healthcare,South,2,2,2,Large,Indeed,10,118,0,0,,
3.1,Mid-tier,Healthcare,South,1,5,3,Medium,Indeed,12,56,0,0,,
3.55,Mid-tier,Humanities,Northeast,0,3,3,Small,Handshake,2,12,3,0,,
2.63,Lower-tier,STEM,West,0,3,2,Medium,Handshake,9,36,2,2,,
2.7,Mid-tier,STEM,Northeast,0,4,1,Large,Indeed,4,50,0,0,,
3.44,Lower-tier,STEM,Midwest,2,1,1,Small,Indeed,1,8,2,2,,
3.49,Mid-tier,STEM,Northeast,2,3,3,Medium,Handshake,6,31,2,1,,
2.84,Mid-tier,STEM,South,1,3,5,Medium,Indeed,4,45,0,0,,
2.62,Mid-tier,Healthcare,Northeast,3,4,3,Small,LinkedIn,10,65,4,2,,
3.0,Mid-tier,Humanities,South,0,1,4,Medium,Indeed,1,12,1,0,,
3.31,Mid-tier,Healthcare,South,2,3,4,Medium,Indeed,4,55,2,2,,
2.48,Lower-tier,Healthcare,South,0,3,1,Large,Indeed,4,63,0,0,,
2.79,Mid-tier,Healthcare,Northeast,1,2,6,Large,Handshake,5,12,3,0,,
3.51,Lower-tier,Humanities,Northeast,1,1,3,Large,LinkedIn,1,8,0,0,,
3.9,Lower-tier,Business,South,0,3,4,Large,Indeed,7,49,2,2,,
4.0,Lower-tier,Humanities,South,1,1,0,Large,LinkedIn,8,65,0,0,,
3.19,Mid-tier,STEM,Midwest,0,1,0,Large,Indeed,4,32,2,1,,
2.64,Mid-tier,Business,West,1,2,3,Small,Handshake,3,9,1,0,,
2.93,Lower-tier,STEM,Midwest,1,0,2,Large,Handshake,12,76,6,3,,
3.07,Lower-tier,Healthcare,Northeast,1,2,3,Medium,LinkedIn,8,77,3,0,,
3.1,Mid-tier,Humanities,Northeast,1,2,1,Medium,Indeed,2,24,0,0,,
3.33,Top-tier,STEM,South,2,2,4,Medium,LinkedIn,6,46,0,0,,
3.63,Mid-tier,Business,Northeast,3,0,1,Medium,LinkedIn,2,21,2,1,,
3.13,Lower-tier,Business,South,1,1,2,Small,Indeed,12,152,5,2,,
3.31,Top-tier,Humanities,South,4,5,3,Medium,Handshake,8,53,3,1,,
3.81,Lower-tier,STEM,West,2,2,5,Large,Handshake,11,100,2,1,,
3.81,Lower-tier,STEM,Northeast,1,3,1,Large,Handshake,1,5,2,2,,
2.94,Mid-tier,Business,Midwest,1,1,3,Small,Indeed,6,35,2,1,,
2.81,Top-tier,STEM,Midwest,2,1,2,Large,Handshake,9,45,4,2,,
3.14,Top-tier,STEM,West,3,2,2,Small,Handshake,4,10,1,0,,
3.07,Mid-tier,Business,South,2,4,3,Large,Handshake,7,37,2,1,,
3.23,Mid-tier,Business,Northeast,1,4,8,Large,Indeed,5,92,1,0,,
2.77,Lower-tier,Humanities,West,0,2,2,Small,Handshake,4,20,2,1,,
3.11,Mid-tier,STEM,Northeast,0,1,2,Small,Indeed,8,152,2,0,,
3.13,Top-tier,Humanities,Midwest,1,1,2,Medium,Indeed,9,118,3,2,,
2.93,Lower-tier,Humanities,South,1,3,4,Large,Indeed,12,180,0,0,,
3.28,Lower-tier,Arts,South,3,3,3,Large,Indeed,6,55,3,1,,
3.6,Mid-tier,STEM,West,2,2,3,Small,Handshake,10,28,2,1,,
3.15,Mid-tier,STEM,South,0,1,0,Large,Handshake,4,11,3,1,,
2.99,Mid-tier,STEM,Northeast,2,1,2,Large,Handshake,1,5,0,0,,
3.19,Lower-tier,Humanities,South,2,3,2,Large,Handshake,7,5,1,1,,
3.1,Mid-tier,STEM,West,4,1,2,Medium,Handshake,3,20,2,1,,
3.34,Lower-tier,STEM,South,0,3,4,Large,LinkedIn,8,40,3,2,,
3.18,Top-tier,STEM,Northeast,1,2,3,Medium,LinkedIn,4,38,2,2,,
2.49,Mid-tier,Arts,Northeast,3,1,2,Medium,Indeed,3,17,2,1,,
2.76,Mid-tier,Business,Northeast,2,3,2,Large,Handshake,5,23,2,2,,
3.74,Mid-tier,Healthcare,South,1,3,3,Medium,LinkedIn,8,49,3,1,,
2.79,Mid-tier,Arts,South,1,0,3,Large,LinkedIn,1,9,0,0,,
3.51,Mid-tier,Healthcare,Northeast,0,0,2,Medium,Handshake,8,42,2,1,,
2.42,Mid-tier,Business,Northeast,0,2,1,Large,LinkedIn,6,81,6,2,,
3.3,Mid-tier,STEM,Midwest,2,2,4,Medium,Indeed,10,220,8,2,,
2.86,Mid-tier,Humanities,Midwest,0,0,2,Small,Handshake,2,16,1,0,,
2.51,Mid-tier,STEM,Midwest,2,6,3,Large,Indeed,5,81,0,0,,
2.87,Mid-tier,Humanities,West,1,3,5,Large,LinkedIn,1,13,1,1,,
3.6,Top-tier,STEM,West,2,0,2,Large,LinkedIn,3,33,0,0,,
2.9,Mid-tier,STEM,Northeast,1,3,3,Large,LinkedIn,2,19,0,0,,
3.38,Top-tier,STEM,Midwest,1,1,1,Medium,LinkedIn,11,108,3,0,,
2.96,Lower-tier,Business,Northeast,3,3,2,Medium,Handshake,2,8,1,0,,
3.51,Mid-tier,STEM,Midwest,0,1,6,Medium,Indeed,6,93,0,0,,
3.33,Lower-tier,Humanities,South,2,0,1,Large,Indeed,1,10,0,0,,
3.56,Top-tier,Humanities,Northeast,0,1,4,Small,LinkedIn,7,23,2,1,,
3.73,Mid-tier,Business,West,1,1,2,Large,Handshake,4,22,2,0,,
2.7,Lower-tier,Healthcare,Midwest,0,1,1,Large,Indeed,3,59,0,0,,
3.15,Mid-tier,Business,South,1,0,5,Medium,LinkedIn,11,82,4,0,,
3.97,Lower-tier,Business,Northeast,4,2,7,Large,LinkedIn,4,30,2,2,,
3.22,Mid-tier,Business,Midwest,3,2,1,Large,LinkedIn,5,30,2,2,,
3.24,Mid-tier,STEM,Midwest,2,2,3,Medium,Handshake,1,5,0,0,,
3.21,Top-tier,STEM,Midwest,2,4,4,Medium,LinkedIn,10,80,2,1,,
2.67,Top-tier,STEM,Midwest,2,1,2,Large,LinkedIn,5,59,3,2,,
2.77,Mid-tier,STEM,Midwest,3,3,6,Large,Handshake,8,37,2,1,,
2.76,Mid-tier,STEM,Northeast,0,3,3,Small,LinkedIn,7,99,3,2,,
2.94,Mid-tier,Business,South,1,3,5,Large,Indeed,2,25,0,0,,
3.26,Mid-tier,STEM,West,0,0,4,Medium,Indeed,10,140,0,0,,
2.83,Lower-tier,STEM,Midwest,1,2,4,Medium,Handshake,5,36,2,1,,
2.08,Mid-tier,Business,Northeast,1,3,3,Medium,Indeed,10,120,4,0,,
3.0,Lower-tier,STEM,West,3,2,2,Large,Indeed,6,81,5,4,,
2.87,Lower-tier,Humanities,Midwest,0,1,1,Small,Indeed,7,43,2,2,,
3.56,Lower-tier,Business,Northeast,1,1,3,Large,Handshake,4,30,2,1,,
2.91,Top-tier,Healthcare,South,3,5,4,Medium,LinkedIn,1,11,1,0,,
3.12,Lower-tier,STEM,South,2,3,1,Large,LinkedIn,9,64,2,0,,
3.1,Top-tier,Humanities,Northeast,4,1,1,Large,Handshake,2,13,2,1,,
3.0,Mid-tier,STEM,Northeast,0,0,3,Medium,Indeed,10,141,2,1,,
4.0,Mid-tier,Humanities,South,1,1,6,Medium,LinkedIn,2,14,2,2,,
3.06,Mid-tier,Business,Midwest,3,1,2,Medium,LinkedIn,6,59,2,2,,
3.07,Mid-tier,Healthcare,West,1,3,2,Small,Handshake,3,14,1,0,,
3.04,Mid-tier,Business,West,0,0,3,Large,Handshake,11,73,8,3,,
2.96,Mid-tier,STEM,Midwest,1,2,3,Medium,Indeed,12,132,2,2,,
3.2,Mid-tier,STEM,West,0,0,6,Large,LinkedIn,5,31,0,0,,
3.22,Lower-tier,STEM,Northeast,3,4,3,Medium,Handshake,5,20,2,1,,
3.69,Mid-tier,STEM,Northeast,0,4,2,Medium,Indeed,6,108,3,3,,
2.82,Mid-tier,STEM,Midwest,0,2,1,Medium,Handshake,8,56,6,1,,
3.3,Mid-tier,Arts,West,1,4,3,Small,Handshake,7,44,3,2,,
2.9,Mid-tier,Healthcare,South,3,1,2,Medium,LinkedIn,6,48,3,0,,
3.41,Lower-tier,Business,Northeast,0,3,2,Medium,LinkedIn,2,21,1,1,,
3.3,Mid-tier,STEM,South,2,5,9,Medium,Indeed,6,75,0,0,,
3.12,Lower-tier,Humanities,West,2,2,2,Large,Handshake,3,11,2,2,,
2.76,Lower-tier,STEM,Northeast,2,0,6,Large,Indeed,12,176,3,3,,
2.33,Lower-tier,STEM,South,1,2,1,Small,Indeed,4,48,0,0,,
3.53,Mid-tier,Arts,Northeast,3,2,2,Small,LinkedIn,10,96,4,2,,
3.27,Top-tier,STEM,Northeast,1,1,2,Small,LinkedIn,12,146,7,6,,
3.54,Mid-tier,Business,South,4,1,2,Medium,LinkedIn,9,31,0,0,,
3.16,Mid-tier,STEM,South,0,1,5,Small,Handshake,2,5,0,0,,
3.04,Top-tier,Business,Midwest,3,5,1,Medium,LinkedIn,10,140,3,1,,
3.32,Top-tier,Business,South,0,0,5,Medium,LinkedIn,2,9,0,0,,
3.42,Lower-tier,Healthcare,West,1,1,2,Large,Handshake,3,8,2,2,,
2.84,Mid-tier,Arts,South,1,3,1,Small,Handshake,3,10,0,0,,
3.09,Top-tier,Humanities,Northeast,0,2,1,Large,Indeed,9,106,2,1,,
2.85,Mid-tier,Humanities,Midwest,0,0,6,Large,LinkedIn,4,40,1,0,,
3.16,Top-tier,STEM,West,4,4,0,Large,LinkedIn,11,64,4,4,,
3.11,Mid-tier,Humanities,Northeast,0,3,5,Small,LinkedIn,5,24,3,1,,
2.44,Mid-tier,STEM,South,2,3,3,Large,LinkedIn,6,33,1,0,,
3.51,Lower-tier,Arts,Northeast,0,6,2,Medium,LinkedIn,1,5,0,0,,
3.31,Lower-tier,STEM,South,2,1,1,Large,Handshake,1,7,1,0,,
3.33,Mid-tier,Healthcare,West,0,1,5,Large,Handshake,5,32,6,0,,
2.41,Mid-tier,Healthcare,South,2,1,4,Large,Indeed,3,39,2,2,,
3.81,Mid-tier,Healthcare,West,0,2,2,Medium,LinkedIn,5,5,0,0,,
3.71,Mid-tier,Business,Midwest,0,1,7,Medium,LinkedIn,5,45,3,2,,
3.28,Mid-tier,STEM,Northeast,0,2,5,Medium,Handshake,4,32,2,1,,
3.32,Mid-tier,Business,Midwest,1,4,4,Small,LinkedIn,12,38,3,0,,
3.21,Lower-tier,Humanities,West,2,2,1,Medium,Handshake,12,68,3,3,,
3.84,Mid-tier,Healthcare,Northeast,0,2,2,Small,Handshake,9,28,3,1,,
3.54,Mid-tier,Arts,Midwest,0,3,5,Medium,LinkedIn,10,71,4,1,,
3.4,Lower-tier,Arts,West,1,2,4,Medium,Indeed,6,43,3,3,,
3.48,Lower-tier,STEM,Midwest,3,1,3,Small,LinkedIn,4,26,2,2,,
3.45,Lower-tier,Business,South,2,0,0,Large,LinkedIn,2,8,2,2,,
3.38,Mid-tier,STEM,South,1,5,4,Large,LinkedIn,1,5,2,0,,
3.29,Mid-tier,STEM,South,1,4,7,Large,Indeed,11,269,1,1,,
3.3,Mid-tier,Humanities,Midwest,0,1,2,Large,Indeed,6,81,5,5,,
3.89,Mid-tier,STEM,Northeast,0,1,0,Medium,Indeed,9,186,2,1,,
3.32,Mid-tier,Healthcare,South,3,1,3,Small,Handshake,1,5,2,2,,
3.34,Mid-tier,Business,Midwest,0,2,3,Large,LinkedIn,9,40,0,0,,
3.11,Mid-tier,Healthcare,Northeast,3,4,2,Large,Handshake,4,30,3,1,,
3.84,Top-tier,Business,Midwest,2,5,2,Small,Indeed,10,150,1,0,,
3.27,Lower-tier,Humanities,Midwest,1,3,4,Large,Indeed,3,42,2,1,,
3.33,Mid-tier,STEM,Midwest,0,4,4,Large,Indeed,5,36,0,0,,
3.63,Mid-tier,Business,Northeast,2,2,1,Medium,Handshake,9,13,2,1,,
2.58,Top-tier,Business,South,4,2,3,Small,LinkedIn,5,52,0,0,,
3.68,Lower-tier,STEM,Midwest,2,1,4,Large,Handshake,6,28,2,0,,
3.29,Lower-tier,Arts,South,1,5,5,Large,LinkedIn,1,8,4,1,,
3.13,Lower-tier,Humanities,Northeast,2,3,2,Large,Indeed,2,23,2,2,,
3.12,Top-tier,STEM,Northeast,0,3,3,Small,Indeed,4,5,2,2,,
3.84,Mid-tier,STEM,West,1,2,3,Medium,LinkedIn,3,6,0,0,,
3.08,Mid-tier,STEM,South,0,3,3,Small,Handshake,1,5,2,2,,
3.33,Mid-tier,STEM,Northeast,2,0,3,Large,Indeed,11,212,3,1,,
2.76,Lower-tier,Humanities,Northeast,2,1,4,Small,Handshake,10,26,2,1,,
3.04,Mid-tier,Arts,Midwest,3,2,2,Medium,LinkedIn,1,12,2,0,,
3.56,Lower-tier,Business,Midwest,2,2,1,Small,Indeed,10,61,3,3,,
3.24,Lower-tier,Healthcare,Midwest,1,3,2,Medium,Indeed,12,142,1,1,,
3.42,Mid-tier,Healthcare,Midwest,0,2,3,Large,Handshake,10,48,2,0,,
3.64,Top-tier,Business,Northeast,2,0,3,Medium,Handshake,4,33,2,1,,
3.25,Mid-tier,Business,West,0,3,4,Medium,LinkedIn,4,23,1,0,,
2.54,Top-tier,STEM,Northeast,4,0,2,Large,LinkedIn,8,86,2,2,,
3.52,Mid-tier,Business,West,1,1,2,Large,Indeed,3,18,2,1,,
3.05,Lower-tier,STEM,West,0,3,4,Medium,Indeed,4,30,0,0,,
3.59,Lower-tier,STEM,Northeast,0,4,1,Medium,LinkedIn,4,67,1,0,,
2.62,Mid-tier,Business,South,1,1,1,Medium,LinkedIn,6,68,3,0,,
3.25,Mid-tier,Healthcare,South,2,4,1,Large,Indeed,1,14,0,0,,
2.92,Lower-tier,Business,Northeast,1,3,1,Large,Handshake,11,69,1,0,,
2.84,Lower-tier,STEM,Northeast,0,0,3,Medium,LinkedIn,6,33,1,0,,
3.38,Lower-tier,Healthcare,South,0,1,1,Large,LinkedIn,1,14,0,0,,
3.33,Lower-tier,STEM,West,1,1,1,Large,Handshake,12,68,3,2,,
3.59,Lower-tier,STEM,South,0,0,4,Large,Handshake,5,44,2,2,,
2.75,Lower-tier,STEM,Northeast,1,2,3,Medium,Handshake,7,39,2,1,,
3.91,Mid-tier,Healthcare,Northeast,0,0,6,Large,LinkedIn,7,40,2,1,,
3.85,Mid-tier,Business,South,4,0,2,Large,LinkedIn,11,115,3,3,,
3.32,Mid-tier,STEM,South,1,2,0,Small,Handshake,12,72,5,0,,
3.23,Mid-tier,Humanities,South,0,3,2,Medium,LinkedIn,11,75,2,0,,
3.72,Mid-tier,Business,Northeast,0,1,5,Medium,LinkedIn,9,51,3,3,,
3.03,Mid-tier,Humanities,South,1,5,3,Medium,LinkedIn,10,76,4,0,,
2.68,Lower-tier,STEM,Midwest,0,2,3,Medium,LinkedIn,11,53,3,3,,
3.28,Lower-tier,Business,Northeast,2,1,7,Medium,LinkedIn,8,76,6,2,,
2.92,Lower-tier,Arts,West,0,2,3,Large,Handshake,9,30,0,0,,
2.57,Top-tier,Healthcare,West,1,5,2,Large,Indeed,6,74,0,0,,
2.44,Mid-tier,Business,Northeast,1,2,1,Medium,Handshake,7,51,3,0,,
3.24,Lower-tier,Business,Midwest,1,4,2,Small,LinkedIn,12,86,4,2,,
3.42,Mid-tier,Business,South,3,3,3,Small,LinkedIn,2,13,2,2,,
3.01,Lower-tier,Business,Northeast,1,1,4,Large,Handshake,6,43,3,2,,
3.32,Top-tier,Humanities,South,0,2,3,Small,Indeed,6,111,1,1,,
2.76,Top-tier,STEM,South,2,2,5,Medium,Handshake,8,42,7,3,,
3.03,Mid-tier,Business,South,0,3,3,Medium,Handshake,1,5,1,0,,
3.27,Mid-tier,STEM,Northeast,0,0,4,Medium,Handshake,9,48,2,2,,
3.2,Mid-tier,Healthcare,Midwest,0,1,1,Small,Handshake,1,5,0,0,,
2.46,Lower-tier,STEM,Midwest,1,4,5,Medium,LinkedIn,6,20,3,2,,
3.21,Mid-tier,Business,West,3,0,2,Large,Handshake,3,27,2,2,,
3.28,Top-tier,Business,West,1,3,4,Large,LinkedIn,5,40,1,0,,
2.03,Mid-tier,Healthcare,Midwest,0,4,3,Large,Handshake,9,18,2,0,,
2.63,Top-tier,Humanities,Northeast,1,0,4,Medium,LinkedIn,4,24,1,0,,
4.0,Lower-tier,Business,South,3,2,10,Small,LinkedIn,8,105,2,1,,
2.59,Mid-tier,Arts,Midwest,1,1,4,Medium,Indeed,11,187,2,0,,
3.49,Mid-tier,Humanities,South,0,2,2,Small,Indeed,9,162,4,1,,
3.03,Lower-tier,Business,Midwest,1,2,1,Large,LinkedIn,9,112,4,0,,
3.19,Top-tier,STEM,Midwest,0,3,3,Large,LinkedIn,12,5,2,2,,
3.18,Lower-tier,Business,West,0,1,5,Small,Indeed,3,59,3,3,,
2.95,Top-tier,Humanities,Northeast,0,2,3,Large,Handshake,1,7,1,0,,
3.09,Top-tier,STEM,Northeast,1,3,2,Medium,Indeed,9,124,4,3,,
3.14,Lower-tier,Healthcare,West,2,1,3,Small,Handshake,7,8,2,2,,
3.11,Mid-tier,STEM,South,1,1,5,Medium,Handshake,5,5,1,1,,
3.26,Lower-tier,Healthcare,Midwest,1,4,4,Medium,LinkedIn,3,37,2,2,,
2.67,Mid-tier,STEM,South,2,0,4,Small,Handshake,10,60,2,0,,
3.46,Mid-tier,Humanities,South,0,2,4,Large,LinkedIn,8,22,2,2,,
3.25,Top-tier,Healthcare,South,1,0,3,Medium,Indeed,7,65,0,0,,
3.07,Mid-tier,STEM,Midwest,0,2,3,Medium,Indeed,8,150,4,3,,
3.19,Lower-tier,Business,Midwest,3,5,2,Medium,LinkedIn,10,115,4,2,,
3.7,Mid-tier,Business,South,2,0,3,Medium,LinkedIn,11,148,2,2,,
2.91,Mid-tier,Business,South,1,3,2,Medium,Handshake,7,25,3,2,,
2.88,Mid-tier,STEM,Midwest,4,1,8,Large,LinkedIn,7,77,3,3,,
4.0,Lower-tier,Humanities,South,2,0,2,Medium,LinkedIn,7,64,4,2,,
3.45,Lower-tier,Healthcare,Midwest,0,0,4,Medium,Handshake,9,34,2,1,,
3.69,Mid-tier,Business,South,0,1,2,Small,Handshake,9,22,2,2,,
2.96,Lower-tier,STEM,South,0,1,2,Medium,LinkedIn,8,85,6,2,,
3.07,Lower-tier,Business,Midwest,0,3,3,Medium,LinkedIn,8,69,3,2,,
2.63,Top-tier,STEM,Northeast,0,3,5,Small,LinkedIn,1,10,0,0,,
3.51,Mid-tier,STEM,South,0,1,5,Large,Handshake,2,5,2,2,,
3.09,Mid-tier,Arts,Northeast,2,3,3,Large,LinkedIn,2,22,1,1,,
3.43,Top-tier,STEM,Northeast,2,1,1,Small,LinkedIn,10,93,3,2,,
3.75,Lower-tier,Business,Northeast,2,0,5,Large,LinkedIn,9,49,3,3,,
3.95,Lower-tier,Healthcare,South,1,0,2,Large,LinkedIn,10,90,2,1,,
3.26,Lower-tier,Humanities,Northeast,3,2,3,Small,LinkedIn,3,9,2,1,,
2.78,Lower-tier,Business,West,0,2,1,Large,LinkedIn,2,22,2,0,,
4.0,Lower-tier,Healthcare,Midwest,0,4,5,Medium,Handshake,7,9,2,1,,
3.76,Lower-tier,STEM,Northeast,1,1,1,Large,Handshake,6,60,3,2,,
3.17,Lower-tier,Business,West,0,1,6,Medium,Handshake,2,5,0,0,,
3.25,Mid-tier,Business,Midwest,0,2,3,Small,LinkedIn,2,5,1,0,,
3.46,Mid-tier,Business,Midwest,5,1,4,Medium,LinkedIn,8,28,2,1,,
2.61,Top-tier,Business,West,2,1,1,Small,LinkedIn,4,12,0,0,,
3.34,Lower-tier,Business,Northeast,1,2,5,Large,Handshake,11,51,7,2,,
3.15,Mid-tier,Humanities,Midwest,3,4,3,Medium,Indeed,7,84,5,2,,
3.35,Mid-tier,STEM,South,2,0,5,Medium,Handshake,11,31,2,1,,
3.43,Mid-tier,Humanities,West,2,2,1,Large,Indeed,8,101,3,2,,
3.88,Top-tier,STEM,Northeast,0,4,6,Medium,LinkedIn,1,5,2,2,,
2.99,Mid-tier,STEM,South,0,1,1,Large,LinkedIn,3,22,0,0,,
3.35,Lower-tier,STEM,West,1,1,3,Large,Indeed,3,62,1,0,,
3.3,Lower-tier,STEM,Midwest,0,0,2,Medium,Handshake,10,5,1,0,,
3.86,Lower-tier,STEM,South,0,2,3,Large,Handshake,4,15,2,2,,
2.63,Lower-tier,STEM,West,1,2,4,Large,Handshake,12,88,3,1,,
3.48,Mid-tier,Healthcare,South,0,3,7,Large,Handshake,1,5,0,0,,
3.66,Mid-tier,STEM,Northeast,0,1,2,Large,LinkedIn,8,54,1,0,,
2.94,Lower-tier,STEM,Northeast,0,1,2,Large,Handshake,6,45,0,0,,
2.8,Top-tier,Arts,South,2,3,6,Large,Handshake,11,49,2,1,,
3.59,Lower-tier,Healthcare,Midwest,0,4,4,Medium,Handshake,1,6,1,1,,
3.69,Lower-tier,Humanities,West,1,1,8,Medium,Handshake,4,7,0,0,,
3.18,Top-tier,Business,Midwest,1,1,2,Small,LinkedIn,9,85,3,2,,
3.8,Mid-tier,Humanities,West,0,1,6,Small,LinkedIn,2,23,2,1,,
2.81,Mid-tier,Business,Midwest,1,1,1,Medium,LinkedIn,9,93,2,0,,
3.65,Lower-tier,Business,South,3,1,3,Large,LinkedIn,4,32,1,0,,
3.45,Lower-tier,STEM,Midwest,2,3,3,Medium,Indeed,9,97,5,4,,
3.82,Mid-tier,Business,West,0,2,3,Medium,LinkedIn,2,11,0,0,,
3.06,Mid-tier,STEM,South,1,3,4,Large,Indeed,12,78,0,0,,
3.27,Lower-tier,Business,Northeast,1,3,3,Small,Handshake,4,28,4,1,,
2.95,Mid-tier,STEM,Northeast,3,1,3,Large,Handshake,3,22,1,1,,
3.67,Mid-tier,STEM,Northeast,0,2,5,Medium,LinkedIn,3,35,1,0,,
3.86,Top-tier,STEM,Northeast,0,1,4,Large,Handshake,3,9,2,1,,
3.04,Mid-tier,STEM,West,0,2,1,Large,Indeed,11,106,3,3,,
2.2,Lower-tier,Arts,South,2,2,1,Large,Handshake,4,24,3,1,,
3.13,Lower-tier,STEM,Midwest,1,6,2,Large,LinkedIn,3,36,2,1,,
3.38,Mid-tier,STEM,South,2,1,3,Medium,Handshake,1,5,1,0,,
3.07,Top-tier,STEM,South,0,3,5,Large,Indeed,5,78,0,0,,
3.3,Mid-tier,STEM,West,2,3,1,Small,LinkedIn,2,21,2,2,,
3.18,Top-tier,Healthcare,West,0,3,5,Large,Handshake,2,11,2,1,,
3.65,Lower-tier,Healthcare,Northeast,2,2,3,Medium,Indeed,4,62,1,0,,
2.89,Top-tier,STEM,Northeast,2,5,1,Large,LinkedIn,6,75,1,0,,
3.73,Mid-tier,Healthcare,South,0,0,3,Medium,Indeed,6,126,3,1,,
2.84,Mid-tier,Humanities,Northeast,2,3,2,Medium,LinkedIn,9,36,1,0,,
2.13,Mid-tier,Business,West,1,1,3,Large,Indeed,12,186,2,1,,
2.97,Lower-tier,Arts,Midwest,0,3,3,Large,Indeed,7,73,0,0,,
3.14,Lower-tier,STEM,Midwest,0,0,2,Large,Indeed,1,13,0,0,,
2.65,Top-tier,STEM,West,2,3,4,Small,Indeed,4,45,0,0,,
3.28,Top-tier,Humanities,Northeast,2,1,3,Medium,LinkedIn,4,32,2,2,,
3.02,Mid-tier,Humanities,Northeast,3,1,7,Large,Indeed,7,123,7,1,,
3.89,Lower-tier,Healthcare,South,2,2,4,Large,Handshake,3,5,0,0,,
3.21,Lower-tier,STEM,Northeast,2,2,5,Large,Indeed,6,61,1,1,,
3.01,Lower-tier,Healthcare,Northeast,1,4,1,Medium,LinkedIn,3,31,2,0,,
3.55,Lower-tier,Business,Northeast,1,2,3,Medium,LinkedIn,9,15,2,2,,
3.39,Lower-tier,Business,South,2,3,1,Medium,LinkedIn,8,62,1,0,,
3.04,Mid-tier,Healthcare,South,0,4,6,Medium,LinkedIn,2,26,0,0,,
3.17,Top-tier,Humanities,Northeast,1,1,5,Large,Handshake,4,5,2,1,,
2.99,Lower-tier,Healthcare,South,3,1,3,Large,Indeed,7,114,2,0,,
3.14,Lower-tier,STEM,Midwest,0,4,3,Small,LinkedIn,5,31,2,1,,
2.78,Top-tier,STEM,Midwest,2,0,1,Large,Indeed,4,40,0,0,,
3.05,Mid-tier,STEM,Midwest,3,2,1,Large,Handshake,9,66,2,2,,
3.68,Mid-tier,STEM,West,3,0,5,Small,LinkedIn,7,60,4,1,,
3.6,Top-tier,Arts,West,2,2,3,Small,Handshake,12,36,5,1,,
2.98,Mid-tier,STEM,South,3,3,5,Medium,Handshake,1,6,0,0,,
2.85,Mid-tier,STEM,Northeast,0,2,6,Medium,Handshake,10,36,4,1,,
2.67,Mid-tier,Humanities,West,0,0,1,Medium,Handshake,3,13,1,1,,
3.31,Mid-tier,Business,Northeast,4,3,3,Medium,Handshake,12,64,4,3,,
3.33,Lower-tier,Humanities,Northeast,0,2,4,Large,LinkedIn,2,27,0,0,,
3.42,Mid-tier,STEM,South,1,1,2,Medium,Handshake,3,5,2,1,,
3.55,Mid-tier,Humanities,Northeast,1,5,0,Medium,Indeed,7,67,4,4,,
3.41,Mid-tier,Healthcare,West,1,1,2,Medium,Handshake,4,5,1,1,,
3.0,Lower-tier,Humanities,Northeast,0,1,1,Large,LinkedIn,10,95,4,3,,
3.28,Lower-tier,STEM,South,1,2,4,Medium,LinkedIn,4,40,2,1,,
2.25,Mid-tier,Healthcare,Midwest,1,3,1,Large,Handshake,3,22,2,2,,
3.65,Mid-tier,Humanities,Northeast,0,2,3,Large,Indeed,4,56,1,0,,
3.92,Mid-tier,STEM,Northeast,0,4,3,Large,Indeed,9,120,1,0,,
3.19,Lower-tier,Healthcare,West,0,3,4,Large,Handshake,11,108,7,2,,
3.0,Top-tier,STEM,Northeast,3,3,1,Medium,Indeed,7,26,1,0,,
3.95,Mid-tier,Healthcare,South,2,3,4,Medium,Indeed,8,73,0,0,,
3.13,Top-tier,STEM,West,4,2,2,Large,LinkedIn,8,86,3,3,,
2.8,Mid-tier,STEM,West,0,1,5,Large,Indeed,12,300,3,2,,
4.0,Lower-tier,STEM,South,0,2,1,Small,Handshake,3,11,2,1,,
2.79,Mid-tier,Healthcare,West,1,2,1,Large,Indeed,6,67,2,1,,
2.69,Mid-tier,STEM,West,3,2,3,Large,LinkedIn,9,75,2,0,,
2.57,Top-tier,STEM,West,0,1,6,Large,LinkedIn,9,102,2,1,,
3.45,Lower-tier,STEM,Northeast,0,1,2,Large,Handshake,5,20,2,2,,
2.92,Mid-tier,Business,West,1,2,4,Large,LinkedIn,6,5,0,0,,
3.14,Lower-tier,Humanities,Midwest,0,1,4,Medium,Indeed,2,33,1,0,,
3.63,Lower-tier,STEM,West,0,2,3,Medium,Handshake,4,29,1,0,,
3.7,Lower-tier,Business,Northeast,1,0,3,Medium,LinkedIn,12,42,1,0,,
2.82,Lower-tier,Healthcare,Midwest,2,2,0,Small,Handshake,4,26,2,0,,
3.61,Mid-tier,Humanities,Northeast,4,2,5,Medium,LinkedIn,1,11,2,1,,
3.0,Mid-tier,Business,Northeast,2,0,5,Large,LinkedIn,9,64,4,3,,
3.28,Mid-tier,STEM,Midwest,1,1,4,Small,Indeed,2,29,0,0,,
3.19,Top-tier,Business,West,2,1,4,Medium,Handshake,11,11,1,1,,
3.33,Top-tier,Business,Northeast,2,3,4,Large,LinkedIn,12,100,5,1,,
2.13,Mid-tier,Humanities,South,1,2,2,Large,Handshake,8,104,4,4,,
3.15,Lower-tier,STEM,West,1,0,2,Medium,Handshake,9,57,10,0,,
3.01,Lower-tier,STEM,Midwest,0,2,2,Medium,LinkedIn,7,24,0,0,,
3.59,Mid-tier,STEM,Northeast,0,0,3,Medium,Handshake,10,45,2,2,,
3.24,Mid-tier,Healthcare,Midwest,2,1,1,Medium,Indeed,11,181,2,1,,
2.65,Lower-tier,STEM,Northeast,3,1,3,Small,LinkedIn,3,5,0,0,,
3.48,Mid-tier,Healthcare,South,3,1,0,Large,LinkedIn,2,21,0,0,,
3.12,Mid-tier,Business,West,0,3,2,Large,LinkedIn,9,94,3,1,,
2.54,Top-tier,STEM,West,2,3,3,Large,Indeed,9,69,4,3,,
3.87,Mid-tier,Healthcare,Northeast,3,1,3,Medium,Indeed,3,47,3,1,,
3.32,Lower-tier,STEM,Midwest,0,0,6,Medium,Handshake,4,18,3,1,,
3.05,Top-tier,STEM,Northeast,5,0,5,Small,Indeed,10,238,4,4,,
3.14,Lower-tier,Business,West,0,1,5,Large,LinkedIn,9,100,1,0,,
2.63,Lower-tier,Humanities,West,0,1,6,Medium,Handshake,8,38,5,2,,
2.05,Lower-tier,Business,West,2,1,1,Medium,Indeed,1,5,0,0,,
3.9,Lower-tier,Arts,West,0,3,7,Medium,LinkedIn,11,47,2,0,,
3.46,Mid-tier,STEM,Northeast,3,1,0,Small,Handshake,12,12,2,2,,
3.78,Lower-tier,STEM,Midwest,3,2,0,Large,Handshake,3,15,0,0,,
3.49,Lower-tier,STEM,West,0,6,3,Large,Indeed,3,52,3,3,,
2.93,Mid-tier,Business,South,2,2,5,Medium,Handshake,9,10,2,0,,
3.16,Lower-tier,STEM,South,0,1,1,Medium,LinkedIn,5,40,2,2,,
2.71,Lower-tier,STEM,West,2,2,1,Large,Indeed,5,95,3,1,,
3.02,Lower-tier,Business,Northeast,4,3,6,Small,Handshake,10,5,0,0,,
3.71,Lower-tier,Humanities,West,2,1,3,Large,Handshake,3,5,0,0,,
3.26,Top-tier,Healthcare,Midwest,1,1,3,Medium,LinkedIn,7,56,2,2,,
3.72,Mid-tier,STEM,South,0,6,3,Large,Indeed,10,98,1,0,,
3.19,Lower-tier,Humanities,West,1,2,0,Medium,Handshake,9,45,2,1,,
3.82,Lower-tier,Arts,Midwest,0,0,4,Medium,LinkedIn,2,11,0,0,,
2.88,Mid-tier,Business,West,1,1,4,Medium,Handshake,3,10,1,0,,
3.21,Mid-tier,STEM,West,3,3,3,Medium,LinkedIn,11,51,2,1,,
2.35,Top-tier,Humanities,Northeast,0,6,6,Medium,Handshake,5,45,3,1,,
3.78,Mid-tier,Business,South,2,2,2,Medium,LinkedIn,4,55,3,1,,
3.68,Mid-tier,Business,Midwest,1,2,3,Medium,LinkedIn,5,38,1,0,,
3.21,Lower-tier,STEM,South,1,2,1,Large,Indeed,6,96,1,0,,
3.11,Mid-tier,Healthcare,Midwest,0,5,3,Large,Handshake,9,25,1,1,,
2.78,Mid-tier,Business,West,1,1,2,Large,Handshake,4,14,1,0,,
4.0,Mid-tier,STEM,Northeast,0,3,2,Medium,Indeed,4,98,2,2,,
2.64,Mid-tier,Healthcare,Midwest,0,4,3,Medium,Indeed,1,6,1,0,,
2.75,Mid-tier,Humanities,Northeast,3,1,1,Medium,Indeed,12,270,11,8,,
2.93,Top-tier,STEM,South,3,0,2,Large,Handshake,8,57,2,2,,
3.77,Mid-tier,STEM,West,0,2,3,Medium,Indeed,5,50,0,0,,
2.98,Mid-tier,Healthcare,West,1,0,0,Small,Handshake,4,32,2,2,,
3.33,Lower-tier,Humanities,South,1,1,3,Large,Indeed,4,36,2,1,,
3.34,Mid-tier,Healthcare,Midwest,2,5,2,Medium,Indeed,8,84,4,1,,
4.0,Mid-tier,Business,Northeast,2,3,8,Large,Indeed,4,54,0,0,,
3.55,Mid-tier,Humanities,Northeast,0,4,7,Large,LinkedIn,8,72,2,2,,
2.88,Mid-tier,Healthcare,Northeast,2,1,2,Medium,LinkedIn,2,24,1,1,,
2.9,Mid-tier,Humanities,Midwest,0,1,4,Large,LinkedIn,10,60,4,3,,
2.68,Mid-tier,STEM,Northeast,2,2,0,Medium,Indeed,1,15,2,1,,
3.37,Lower-tier,STEM,Midwest,0,4,2,Small,Handshake,8,56,8,4,,
2.75,Top-tier,Healthcare,Midwest,0,3,1,Medium,LinkedIn,10,108,6,3,,
3.58,Lower-tier,STEM,Midwest,0,2,4,Small,Handshake,2,13,1,0,,
2.96,Mid-tier,STEM,Midwest,1,3,3,Large,LinkedIn,1,5,2,1,,
2.38,Lower-tier,Business,Northeast,2,2,2,Large,Handshake,2,5,2,1,,
2.99,Lower-tier,Healthcare,South,0,3,2,Medium,LinkedIn,1,6,0,0,,
3.46,Mid-tier,Healthcare,West,0,2,3,Large,Handshake,5,26,3,1,,
3.0,Lower-tier,STEM,Midwest,2,3,6,Large,LinkedIn,2,15,3,1,,
3.07,Mid-tier,Business,Midwest,3,7,4,Medium,Indeed,3,38,0,0,,
3.32,Lower-tier,Arts,West,2,3,2,Medium,LinkedIn,3,11,2,1,,
3.65,Mid-tier,Arts,Northeast,1,1,0,Large,Indeed,9,156,2,0,,
4.0,Mid-tier,Arts,Midwest,3,0,2,Medium,Indeed,10,225,4,3,,
2.75,Lower-tier,Business,South,1,3,3,Medium,Handshake,7,42,4,0,,
3.45,Mid-tier,Humanities,South,1,2,3,Small,Handshake,1,5,2,2,,
3.45,Lower-tier,STEM,Northeast,0,0,0,Small,Handshake,1,5,0,0,,
3.07,Mid-tier,Healthcare,Northeast,0,2,6,Small,Handshake,4,5,1,0,,
3.78,Lower-tier,Humanities,West,0,4,3,Large,Handshake,6,58,4,1,,
2.76,Mid-tier,Humanities,Midwest,0,1,2,Large,LinkedIn,5,65,0,0,,
3.4,Mid-tier,Humanities,Northeast,1,2,1,Large,Handshake,3,26,2,1,,
2.9,Mid-tier,STEM,South,2,2,2,Large,LinkedIn,5,65,6,1,,
2.88,Mid-tier,STEM,West,0,0,2,Small,Handshake,3,13,1,0,,
3.4,Mid-tier,Humanities,Northeast,1,1,3,Medium,LinkedIn,2,15,1,0,,
2.67,Top-tier,Business,Northeast,2,3,1,Large,Indeed,11,146,0,0,,
3.19,Mid-tier,Humanities,West,1,0,4,Large,Handshake,10,8,0,0,,
3.46,Mid-tier,STEM,Northeast,2,0,3,Small,Indeed,2,18,0,0,,
3.01,Mid-tier,STEM,Northeast,1,3,4,Medium,Handshake,5,15,2,1,,
3.1,Lower-tier,STEM,Northeast,1,2,2,Medium,Handshake,3,18,2,2,,
3.52,Lower-tier,STEM,South,2,0,2,Medium,Handshake,2,12,2,0,,
2.78,Lower-tier,Business,South,0,3,8,Large,LinkedIn,1,7,0,0,,
2.72,Lower-tier,Business,South,1,1,2,Small,Handshake,4,20,1,0,,
3.06,Mid-tier,Healthcare,Northeast,2,2,5,Large,Indeed,10,31,2,1,,
3.98,Lower-tier,Business,Northeast,2,2,2,Large,Handshake,7,7,0,0,,
3.28,Mid-tier,STEM,Midwest,0,4,0,Large,Indeed,10,35,0,0,,
3.21,Mid-tier,Humanities,West,1,3,2,Small,LinkedIn,8,69,3,1,,
3.05,Top-tier,STEM,Midwest,0,4,4,Large,LinkedIn,10,45,2,1,,
2.9,Lower-tier,Humanities,South,1,2,5,Medium,LinkedIn,1,12,2,2,,
2.37,Mid-tier,STEM,South,2,3,3,Medium,Handshake,5,10,1,0,,
3.3,Top-tier,STEM,Northeast,2,1,3,Medium,LinkedIn,8,57,2,2,,
3.28,Mid-tier,STEM,West,4,2,2,Small,Handshake,3,9,0,0,,
3.79,Top-tier,STEM,West,1,1,1,Large,LinkedIn,6,71,4,4,,
2.07,Mid-tier,Humanities,South,3,5,1,Large,LinkedIn,4,28,2,1,,
3.27,Mid-tier,Business,Midwest,3,1,2,Medium,LinkedIn,6,46,1,1,,
2.89,Top-tier,Healthcare,Midwest,3,4,1,Large,LinkedIn,1,7,0,0,,
3.0,Lower-tier,Arts,Midwest,2,2,6,Large,Handshake,5,26,0,0,,
3.29,Lower-tier,Business,Midwest,1,2,3,Medium,Handshake,9,61,1,1,,
3.35,Lower-tier,STEM,South,0,0,3,Medium,LinkedIn,6,73,0,0,,
3.38,Lower-tier,Humanities,South,1,2,2,Small,Handshake,7,49,2,0,,
3.1,Lower-tier,STEM,West,0,3,1,Small,Handshake,6,9,2,2,,
3.36,Mid-tier,Business,South,0,3,3,Large,Indeed,4,52,1,0,,
2.68,Mid-tier,Business,South,2,0,3,Medium,LinkedIn,9,69,2,1,,
3.25,Lower-tier,Business,Northeast,2,1,3,Small,Indeed,4,71,2,2,,
3.77,Mid-tier,Healthcare,Northeast,0,1,0,Small,Handshake,12,58,4,0,,
3.27,Mid-tier,Business,Northeast,3,2,7,Medium,Handshake,3,13,2,1,,
3.56,Mid-tier,Humanities,Midwest,2,2,2,Large,Handshake,2,11,2,2,,
3.41,Mid-tier,Business,Midwest,0,4,2,Large,Handshake,4,28,1,1,,
3.17,Top-tier,Business,West,0,1,4,Large,LinkedIn,2,16,0,0,,
2.66,Mid-tier,STEM,Northeast,2,5,5,Small,Handshake,1,5,1,0,,
3.04,Mid-tier,Business,South,0,3,3,Medium,Indeed,7,99,0,0,,
2.62,Top-tier,Business,Midwest,1,2,4,Medium,Handshake,3,23,2,1,,
3.73,Mid-tier,Business,Midwest,0,2,5,Large,LinkedIn,9,51,3,2,,
3.16,Lower-tier,Business,South,3,2,3,Large,LinkedIn,4,30,2,2,,
4.0,Mid-tier,Humanities,South,3,2,2,Large,LinkedIn,7,92,3,3,,
3.62,Top-tier,Humanities,Northeast,3,2,1,Large,LinkedIn,8,68,2,1,,
3.34,Lower-tier,Humanities,West,1,2,2,Large,LinkedIn,10,38,2,2,,
2.89,Mid-tier,Healthcare,Northeast,1,3,2,Medium,LinkedIn,10,103,4,1,,
3.85,Mid-tier,Humanities,South,0,0,3,Large,LinkedIn,3,33,0,0,,
3.38,Mid-tier,Business,South,0,0,2,Large,Indeed,8,112,1,0,,
3.26,Mid-tier,Humanities,South,0,0,3,Large,Handshake,3,5,0,0,,
3.19,Top-tier,STEM,South,1,4,5,Large,LinkedIn,5,54,3,2,,
3.17,Mid-tier,STEM,West,2,1,2,Large,Handshake,3,24,1,1,,
3.43,Mid-tier,STEM,Northeast,2,1,2,Large,LinkedIn,5,30,2,1,,
2.69,Lower-tier,STEM,West,1,1,2,Medium,Indeed,5,110,4,2,,
3.33,Mid-tier,Business,Northeast,1,2,3,Large,Handshake,5,39,0,0,,
2.51,Mid-tier,Healthcare,Midwest,0,2,5,Large,Handshake,12,36,4,2,,
2.57,Lower-tier,Business,West,0,0,6,Large,Indeed,11,174,3,0,,
3.41,Top-tier,Humanities,Midwest,2,1,1,Large,Handshake,8,80,2,1,,
2.98,Mid-tier,STEM,West,0,2,4,Small,Handshake,1,5,0,0,,
3.56,Mid-tier,Business,Midwest,1,1,7,Small,LinkedIn,2,5,2,2,,
3.48,Mid-tier,Humanities,Midwest,0,7,3,Small,LinkedIn,3,18,1,0,,
3.61,Mid-tier,Healthcare,South,0,3,1,Medium,Handshake,6,31,0,0,,
3.67,Mid-tier,Business,South,2,2,3,Small,LinkedIn,2,12,2,2,,
4.0,Mid-tier,STEM,West,3,2,3,Large,Indeed,1,11,0,0,,
2.57,Lower-tier,Healthcare,South,1,1,3,Large,Handshake,9,63,2,2,,
2.71,Lower-tier,Humanities,West,2,0,5,Large,LinkedIn,4,32,0,0,,
3.1,Top-tier,Healthcare,Midwest,0,3,1,Small,LinkedIn,1,5,0,0,,
2.65,Lower-tier,STEM,West,1,2,2,Large,LinkedIn,11,33,1,0,,
3.37,Mid-tier,STEM,West,2,2,4,Large,LinkedIn,4,7,0,0,,
2.47,Mid-tier,Business,Northeast,1,2,6,Medium,LinkedIn,11,67,4,1,,
3.31,Lower-tier,Business,South,3,1,2,Small,LinkedIn,6,46,2,2,,
3.01,Lower-tier,Humanities,South,1,5,4,Medium,Indeed,3,15,0,0,,
2.0,Top-tier,STEM,Northeast,2,1,2,Small,Handshake,3,18,0,0,,
2.8,Lower-tier,Humanities,Midwest,4,2,3,Small,LinkedIn,4,19,2,2,,
2.63,Mid-tier,STEM,South,2,3,4,Large,LinkedIn,3,12,0,0,,
2.56,Top-tier,STEM,Midwest,0,3,3,Large,LinkedIn,10,46,2,1,,
3.1,Top-tier,Business,South,1,5,1,Medium,LinkedIn,5,60,3,2,,
3.39,Mid-tier,Business,Northeast,0,0,3,Large,LinkedIn,7,81,4,4,,
3.11,Lower-tier,Business,Midwest,1,2,4,Medium,Handshake,2,12,1,0,,
3.87,Lower-tier,Business,South,0,3,3,Medium,Handshake,6,33,3,2,,
2.2,Top-tier,Healthcare,Northeast,2,2,3,Medium,Indeed,9,70,1,0,,
2.73,Mid-tier,STEM,Midwest,1,2,3,Medium,Handshake,6,26,1,0,,
2.96,Top-tier,Healthcare,South,1,2,3,Large,LinkedIn,1,9,0,0,,
3.15,Top-tier,Humanities,South,2,4,2,Medium,LinkedIn,3,9,0,0,,
2.81,Lower-tier,STEM,West,2,2,2,Small,LinkedIn,6,62,4,2,,
3.08,Lower-tier,STEM,West,1,5,6,Large,LinkedIn,7,53,2,0,,
3.35,Lower-tier,Business,West,2,1,6,Medium,LinkedIn,12,150,3,3,,
3.27,Mid-tier,Humanities,Midwest,1,1,2,Large,LinkedIn,7,89,3,2,,
3.28,Mid-tier,Humanities,Northeast,1,2,3,Large,Indeed,4,46,3,2,,
3.81,Mid-tier,STEM,South,0,1,4,Large,Indeed,11,128,2,1,,
3.1,Mid-tier,STEM,Northeast,0,1,1,Large,Handshake,6,7,0,0,,
3.16,Lower-tier,Healthcare,South,1,3,3,Medium,LinkedIn,3,7,1,1,,
3.69,Mid-tier,STEM,Northeast,0,0,3,Medium,LinkedIn,3,40,5,1,,
3.29,Top-tier,Humanities,Midwest,0,4,6,Large,LinkedIn,12,8,2,2,,
2.7,Mid-tier,STEM,South,0,4,8,Small,Handshake,5,28,2,2,,
2.93,Mid-tier,Healthcare,South,2,0,3,Medium,Handshake,8,45,2,1,,
3.55,Mid-tier,Arts,Northeast,1,1,6,Small,Handshake,7,5,2,0,,
3.5,Mid-tier,Business,West,1,1,3,Medium,Handshake,12,92,8,4,,
3.21,Mid-tier,Business,Midwest,1,3,1,Large,LinkedIn,2,5,0,0,,
2.69,Mid-tier,STEM,Northeast,1,2,4,Large,Handshake,10,65,10,5,,
2.53,Mid-tier,STEM,South,0,1,3,Large,Handshake,3,20,2,0,,
3.06,Lower-tier,Business,West,3,1,1,Medium,Handshake,1,5,0,0,,
3.22,Lower-tier,Business,Midwest,3,3,5,Large,LinkedIn,10,20,0,0,,
3.09,Lower-tier,Business,Northeast,1,2,2,Small,Indeed,8,64,0,0,,
2.6,Mid-tier,STEM,Northeast,0,2,2,Large,Handshake,9,9,1,0,,
3.38,Lower-tier,STEM,Northeast,1,0,3,Large,LinkedIn,4,43,2,1,,
3.78,Lower-tier,STEM,Midwest,2,1,1,Medium,LinkedIn,5,46,3,1,,
3.28,Lower-tier,Humanities,South,1,1,4,Medium,Indeed,12,196,2,1,,
2.84,Mid-tier,Healthcare,South,0,5,2,Medium,Handshake,4,5,0,0,,
3.53,Mid-tier,Business,West,1,0,1,Small,LinkedIn,1,5,2,2,,
3.5,Top-tier,STEM,Northeast,0,2,3,Small,LinkedIn,12,114,4,2,,
3.19,Mid-tier,STEM,Northeast,2,3,1,Large,Indeed,7,121,0,0,,
3.11,Mid-tier,STEM,Northeast,2,0,2,Medium,LinkedIn,7,70,4,1,,
2.94,Mid-tier,Humanities,South,0,4,2,Medium,LinkedIn,1,8,0,0,,
3.36,Mid-tier,Business,West,0,4,3,Medium,Indeed,1,17,0,0,,
3.29,Mid-tier,Business,Northeast,2,2,5,Large,Handshake,8,26,0,0,,
2.58,Lower-tier,STEM,South,1,1,9,Medium,Handshake,8,73,5,2,,
3.57,Lower-tier,Humanities,South,1,3,1,Large,LinkedIn,1,5,2,2,,
3.01,Mid-tier,STEM,South,2,2,4,Medium,Indeed,11,194,2,1,,
3.1,Mid-tier,Business,Midwest,2,2,3,Large,Indeed,11,133,2,0,,
2.76,Lower-tier,Business,Northeast,2,2,3,Small,Indeed,1,7,0,0,,
3.08,Lower-tier,Business,Northeast,2,2,6,Small,Indeed,7,80,0,0,,
3.98,Top-tier,Arts,West,0,5,5,Large,LinkedIn,9,96,2,0,,
3.41,Mid-tier,Business,Northeast,1,3,5,Small,Handshake,8,56,1,1,,
3.39,Lower-tier,STEM,South,2,1,6,Large,Indeed,1,11,0,0,,
2.97,Top-tier,Business,Midwest,3,3,3,Large,Handshake,10,85,9,0,,
3.05,Lower-tier,Humanities,Midwest,1,2,1,Small,LinkedIn,11,38,3,1,,
3.15,Mid-tier,Humanities,Northeast,2,1,2,Large,LinkedIn,10,80,4,2,,
2.1,Lower-tier,Healthcare,West,2,3,3,Medium,LinkedIn,6,32,2,2,,
2.54,Top-tier,Arts,South,1,2,2,Large,LinkedIn,6,67,3,1,,
3.44,Lower-tier,Business,South,0,3,1,Large,Indeed,5,69,0,0,,
3.12,Lower-tier,STEM,Midwest,0,2,5,Large,Indeed,2,52,2,1,,
2.99,Mid-tier,STEM,Midwest,0,4,4,Medium,LinkedIn,1,8,0,0,,
3.25,Mid-tier,STEM,West,0,1,2,Large,LinkedIn,3,11,3,2,,
3.22,Mid-tier,Business,Midwest,1,0,3,Medium,LinkedIn,10,35,3,2,,
2.31,Mid-tier,Healthcare,West,1,1,3,Medium,LinkedIn,9,91,3,0,,
2.84,Top-tier,STEM,South,1,2,6,Large,LinkedIn,8,66,2,0,,
3.12,Lower-tier,Business,South,1,2,2,Medium,LinkedIn,2,5,2,1,,
3.31,Mid-tier,STEM,West,1,3,2,Small,Handshake,8,48,4,1,,
3.48,Lower-tier,STEM,Midwest,3,0,1,Large,LinkedIn,6,45,2,2,,
3.07,Mid-tier,Business,South,2,3,2,Medium,LinkedIn,2,10,2,2,,
2.94,Mid-tier,Business,South,1,3,3,Medium,Handshake,3,16,2,1,,
3.08,Lower-tier,STEM,Northeast,1,1,3,Small,Handshake,7,33,3,1,,
3.66,Mid-tier,Healthcare,Northeast,4,2,2,Medium,Handshake,5,20,1,1,,
3.18,Lower-tier,Business,West,1,2,2,Small,LinkedIn,3,29,1,0,,
3.34,Mid-tier,Business,South,1,4,3,Medium,LinkedIn,10,50,3,2,,
4.0,Mid-tier,Healthcare,West,3,1,2,Medium,Indeed,12,238,12,1,,
3.33,Mid-tier,STEM,South,0,2,5,Large,LinkedIn,8,46,0,0,,
3.73,Mid-tier,Business,West,1,0,5,Medium,Handshake,5,32,3,2,,
3.62,Mid-tier,STEM,Midwest,4,2,2,Small,Handshake,9,81,9,1,,
3.21,Lower-tier,STEM,South,0,3,2,Large,Handshake,3,23,2,2,,
3.39,Mid-tier,STEM,West,1,1,2,Small,Handshake,4,28,4,2,,
3.4,Mid-tier,STEM,South,2,3,3,Large,LinkedIn,9,49,3,0,,
2.7,Lower-tier,Humanities,Northeast,3,3,0,Medium,Indeed,11,234,6,4,,
3.38,Mid-tier,Arts,South,1,2,1,Medium,Handshake,6,45,3,2,,
3.23,Lower-tier,Healthcare,Midwest,1,1,3,Medium,Handshake,12,28,2,0,,
3.27,Lower-tier,Humanities,South,1,0,2,Medium,LinkedIn,8,61,2,0,,
3.51,Lower-tier,Humanities,Midwest,0,1,2,Large,Handshake,2,12,0,0,,
3.58,Mid-tier,Business,Midwest,2,4,2,Medium,Handshake,3,5,0,0,,
3.11,Mid-tier,Arts,South,3,3,1,Medium,Handshake,4,18,1,0,,
3.09,Mid-tier,Healthcare,South,0,4,3,Medium,Indeed,2,5,1,0,,
2.97,Lower-tier,STEM,Northeast,2,0,3,Medium,LinkedIn,5,45,3,1,,
2.69,Top-tier,STEM,Northeast,1,4,4,Medium,LinkedIn,4,33,2,1,,
2.71,Mid-tier,Business,Northeast,1,4,2,Medium,LinkedIn,2,20,1,0,,
2.98,Mid-tier,STEM,South,1,1,1,Large,LinkedIn,7,79,4,3,,
3.57,Mid-tier,STEM,Northeast,4,4,1,Large,LinkedIn,8,94,2,2,,
2.99,Mid-tier,STEM,Northeast,1,3,4,Large,Handshake,7,47,4,1,,
2.9,Top-tier,Business,Northeast,0,2,4,Large,Indeed,12,150,2,2,,
2.83,Mid-tier,Humanities,South,0,1,2,Small,Handshake,1,5,1,0,,
2.85,Mid-tier,Business,West,1,1,6,Medium,LinkedIn,3,11,0,0,,
2.96,Lower-tier,STEM,South,1,2,4,Large,Handshake,1,5,1,1,,
3.27,Mid-tier,Humanities,Northeast,3,4,1,Small,Handshake,9,22,2,1,,
2.81,Lower-tier,Business,West,0,2,2,Large,Handshake,7,16,2,2,,
3.48,Lower-tier,Business,Northeast,2,1,7,Large,Indeed,7,43,3,1,,
3.14,Mid-tier,Business,Northeast,1,2,5,Medium,LinkedIn,12,108,4,1,,
3.71,Mid-tier,Humanities,Northeast,0,1,3,Medium,Handshake,4,16,2,2,,
2.72,Lower-tier,Healthcare,Northeast,1,1,3,Medium,Indeed,3,30,2,1,,
3.39,Lower-tier,STEM,Midwest,0,0,0,Large,Handshake,12,5,0,0,,
3.04,Mid-tier,Business,West,2,1,1,Medium,LinkedIn,1,10,2,1,,
3.56,Mid-tier,Business,Midwest,2,1,0,Large,Handshake,5,24,2,1,,
3.22,Mid-tier,Healthcare,West,0,2,3,Large,Handshake,12,12,2,0,,
2.61,Lower-tier,STEM,Northeast,0,3,3,Large,LinkedIn,5,41,1,0,,
2.94,Mid-tier,Healthcare,West,3,3,4,Medium,Handshake,7,53,3,3,,
2.37,Lower-tier,STEM,Northeast,2,3,4,Large,Handshake,7,47,2,2,,
2.71,Mid-tier,STEM,Northeast,0,2,3,Small,LinkedIn,9,133,6,1,,
3.31,Top-tier,STEM,Northeast,2,2,5,Large,Handshake,11,66,7,3,,
3.17,Mid-tier,Arts,Midwest,0,3,7,Medium,Indeed,5,45,0,0,,
3.41,Lower-tier,Humanities,Northeast,1,0,2,Large,LinkedIn,11,99,2,1,,
3.29,Lower-tier,Healthcare,West,3,5,3,Large,Indeed,4,67,4,4,,
3.74,Mid-tier,Arts,South,1,2,3,Large,Handshake,6,31,2,1,,
2.99,Mid-tier,Humanities,South,3,0,3,Large,LinkedIn,6,45,3,2,,
2.71,Lower-tier,Humanities,Northeast,4,6,1,Medium,LinkedIn,1,7,2,1,,
3.17,Lower-tier,Humanities,Midwest,1,0,6,Large,Handshake,1,5,0,0,,
3.04,Lower-tier,Humanities,Midwest,0,0,7,Large,LinkedIn,11,108,4,0,,
3.52,Lower-tier,Business,West,2,2,4,Medium,Handshake,8,61,4,1,,
3.39,Mid-tier,Business,South,3,1,4,Small,LinkedIn,12,114,4,2,,
3.71,Top-tier,Business,West,2,0,2,Medium,LinkedIn,5,56,2,2,,
3.69,Mid-tier,STEM,West,1,4,2,Medium,LinkedIn,10,66,1,1,,
3.64,Mid-tier,Arts,Midwest,2,1,2,Large,Indeed,2,22,2,1,,
3.63,Mid-tier,STEM,South,0,4,2,Large,LinkedIn,9,111,4,0,,
3.83,Lower-tier,Business,Midwest,1,3,2,Large,Indeed,12,246,6,5,,
3.75,Top-tier,Business,West,2,3,6,Medium,LinkedIn,7,36,4,1,,
3.19,Mid-tier,STEM,South,1,1,1,Small,Indeed,5,74,0,0,,
3.3,Mid-tier,Healthcare,West,0,0,3,Medium,Handshake,1,5,0,0,,
3.44,Mid-tier,Business,West,1,5,1,Medium,Indeed,12,130,1,0,,
3.48,Top-tier,STEM,South,1,1,3,Medium,Handshake,4,12,1,0,,
3.44,Mid-tier,Business,Northeast,2,3,5,Medium,LinkedIn,5,39,2,1,,
2.68,Mid-tier,STEM,South,0,2,3,Small,LinkedIn,10,125,5,3,,
3.29,Top-tier,Healthcare,Midwest,4,0,4,Large,Handshake,12,24,2,0,,
3.56,Mid-tier,Arts,Midwest,2,1,3,Medium,Handshake,2,5,0,0,,
3.09,Mid-tier,Business,Midwest,0,3,3,Large,LinkedIn,8,80,4,1,,
2.52,Top-tier,STEM,Midwest,2,1,2,Large,Indeed,7,135,4,2,,
2.53,Lower-tier,STEM,West,2,0,0,Medium,LinkedIn,7,96,2,2,,
3.89,Mid-tier,STEM,Midwest,2,3,3,Medium,Indeed,7,112,0,0,,
3.51,Mid-tier,STEM,South,1,3,5,Large,Handshake,7,21,0,0,,
3.69,Mid-tier,STEM,South,1,4,5,Large,LinkedIn,8,44,1,0,,
2.83,Lower-tier,Humanities,Northeast,2,5,0,Small,Handshake,6,43,1,1,,
2.37,Lower-tier,Arts,West,1,0,4,Medium,LinkedIn,7,74,3,0,,
2.36,Lower-tier,STEM,South,1,6,3,Medium,Indeed,10,103,1,1,,
3.43,Mid-tier,STEM,South,1,3,2,Small,Handshake,9,37,2,1,,
2.91,Lower-tier,Healthcare,West,0,1,5,Large,LinkedIn,10,38,2,2,,
3.57,Lower-tier,STEM,Midwest,0,1,2,Large,Indeed,12,116,2,0,,
2.83,Lower-tier,Humanities,Midwest,0,4,5,Large,LinkedIn,3,31,1,1,,
3.8,Top-tier,Arts,West,0,1,2,Large,LinkedIn,11,84,8,4,,
3.75,Lower-tier,Business,South,3,1,1,Large,LinkedIn,1,7,2,2,,
3.37,Lower-tier,Healthcare,South,1,3,1,Medium,LinkedIn,3,7,2,2,,
2.82,Mid-tier,STEM,South,3,0,5,Large,Handshake,9,64,3,1,,
3.2,Lower-tier,Healthcare,Northeast,1,3,3,Medium,Handshake,4,5,0,0,,
3.22,Mid-tier,Business,Midwest,1,1,2,Medium,LinkedIn,1,12,0,0,,
3.43,Mid-tier,Humanities,South,0,2,3,Large,Handshake,6,21,2,1,,
3.29,Mid-tier,STEM,Midwest,0,2,3,Medium,Handshake,10,53,3,2,,
2.83,Mid-tier,STEM,Midwest,2,3,1,Small,Handshake,11,49,5,3,,
3.53,Lower-tier,Healthcare,Midwest,1,4,1,Small,Handshake,11,5,2,2,,
4.0,Lower-tier,STEM,Midwest,0,5,2,Medium,LinkedIn,2,16,2,2,,
3.58,Mid-tier,STEM,South,2,4,5,Large,Indeed,12,56,3,3,,
2.47,Mid-tier,Business,West,2,1,0,Large,Handshake,3,19,2,0,,
2.76,Mid-tier,Humanities,South,0,2,3,Large,LinkedIn,5,21,0,0,,
3.28,Lower-tier,Healthcare,Northeast,0,3,6,Large,Indeed,9,129,2,1,,
2.26,Mid-tier,Business,South,3,1,4,Medium,Indeed,5,34,0,0,,
2.67,Mid-tier,Humanities,West,1,3,2,Small,Handshake,11,67,5,2,,
3.1,Lower-tier,STEM,South,3,4,4,Medium,LinkedIn,3,34,0,0,,
3.0,Mid-tier,Humanities,West,2,3,2,Medium,Handshake,5,22,2,2,,
2.7,Top-tier,Healthcare,West,1,0,3,Large,LinkedIn,2,5,2,2,,
3.52,Mid-tier,Business,South,1,4,4,Large,Handshake,5,35,2,2,,
3.28,Top-tier,STEM,Northeast,0,3,3,Medium,Handshake,9,49,2,0,,
2.59,Lower-tier,Humanities,Northeast,1,1,6,Small,Indeed,9,205,10,5,,
3.08,Lower-tier,Business,Northeast,1,1,2,Medium,LinkedIn,7,31,1,1,,
3.49,Lower-tier,Business,West,2,2,6,Large,Indeed,6,107,4,2,,
3.03,Mid-tier,Business,South,3,3,3,Medium,LinkedIn,9,48,2,1,,
3.78,Lower-tier,Business,Midwest,1,1,7,Medium,Handshake,5,10,2,2,,
3.24,Lower-tier,Business,West,0,2,5,Large,LinkedIn,7,44,0,0,,
3.12,Lower-tier,STEM,West,2,1,2,Medium,Indeed,10,131,2,2,,
3.51,Lower-tier,STEM,Northeast,1,1,2,Medium,Handshake,10,46,6,0,,
2.88,Lower-tier,STEM,West,3,0,3,Medium,LinkedIn,1,8,2,1,,
3.0,Top-tier,Healthcare,West,0,3,1,Small,LinkedIn,10,81,3,0,,
2.95,Mid-tier,STEM,West,3,2,3,Medium,LinkedIn,7,66,2,2,,
2.58,Top-tier,Healthcare,West,3,2,1,Medium,LinkedIn,11,133,5,5,,
3.1,Lower-tier,Business,Midwest,3,1,3,Medium,Handshake,7,33,2,2,,
2.83,Lower-tier,STEM,South,0,3,5,Medium,Indeed,8,62,0,0,,
3.57,Mid-tier,Business,Northeast,1,4,2,Medium,LinkedIn,8,100,2,1,,
2.73,Mid-tier,Business,Northeast,4,5,4,Medium,Handshake,8,60,8,1,,
3.67,Lower-tier,Business,West,0,3,1,Medium,Indeed,7,85,5,5,,
3.9,Lower-tier,Business,Northeast,1,3,2,Medium,LinkedIn,12,118,5,5,,
3.68,Lower-tier,STEM,West,3,2,4,Large,Indeed,3,36,2,2,,
2.96,Lower-tier,Business,West,0,1,4,Medium,LinkedIn,6,40,0,0,,
3.13,Mid-tier,STEM,West,0,1,2,Large,Indeed,11,67,1,0,,
3.25,Mid-tier,Humanities,Northeast,0,1,4,Medium,Indeed,9,69,2,2,,
3.0,Mid-tier,Humanities,Northeast,3,0,0,Medium,Handshake,10,63,4,1,,
3.12,Lower-tier,STEM,Northeast,0,0,3,Small,Handshake,7,5,0,0,,
2.4,Mid-tier,Business,Midwest,0,0,7,Large,LinkedIn,8,80,2,1,,
3.31,Top-tier,STEM,South,2,1,3,Medium,LinkedIn,5,21,1,0,,
2.48,Top-tier,Healthcare,Northeast,2,0,3,Large,LinkedIn,3,30,2,1,,
2.98,Mid-tier,Business,Northeast,0,4,4,Large,LinkedIn,12,72,4,0,,
3.43,Top-tier,STEM,Midwest,0,2,2,Large,LinkedIn,11,69,1,0,,
2.8,Lower-tier,Business,Northeast,1,4,3,Medium,LinkedIn,10,98,5,1,,
3.39,Mid-tier,Healthcare,Midwest,0,3,6,Large,LinkedIn,3,28,4,1,,
2.64,Mid-tier,STEM,Northeast,2,1,1,Medium,LinkedIn,5,39,2,2,,
3.33,Lower-tier,Healthcare,West,1,2,1,Large,Handshake,12,40,4,1,,
3.95,Lower-tier,Business,Midwest,1,2,3,Large,LinkedIn,2,17,2,1,,
3.27,Mid-tier,Business,Northeast,1,2,5,Large,LinkedIn,11,77,2,0,,
3.15,Lower-tier,Business,South,0,2,6,Medium,Indeed,12,198,3,2,,
2.94,Lower-tier,Business,West,0,1,2,Medium,LinkedIn,6,57,1,0,,
2.72,Mid-tier,STEM,West,0,2,3,Small,Handshake,12,96,8,1,,
3.45,Top-tier,STEM,Midwest,2,2,4,Medium,LinkedIn,9,78,3,0,,
2.74,Top-tier,Healthcare,Midwest,0,4,2,Medium,LinkedIn,9,69,6,4,,
3.22,Top-tier,Business,Midwest,3,1,2,Small,LinkedIn,6,44,3,2,,
3.04,Lower-tier,Business,Northeast,2,2,5,Medium,Handshake,11,20,2,1,,
3.67,Mid-tier,Healthcare,West,0,1,3,Medium,Indeed,12,140,3,3,,
3.36,Lower-tier,Healthcare,South,1,1,2,Medium,LinkedIn,11,154,9,4,,
2.95,Mid-tier,Humanities,Midwest,0,2,1,Large,LinkedIn,6,50,3,1,,
2.39,Mid-tier,Business,South,3,1,5,Small,Handshake,3,5,2,1,,
3.8,Mid-tier,STEM,Midwest,1,2,2,Medium,Handshake,7,46,3,1,,
3.64,Mid-tier,Humanities,Midwest,2,3,6,Medium,Handshake,10,5,2,1,,
2.61,Mid-tier,Healthcare,West,0,1,2,Small,Handshake,4,19,2,2,,
2.84,Mid-tier,Business,Northeast,2,2,1,Medium,LinkedIn,3,23,2,0,,
2.64,Lower-tier,Business,West,1,1,1,Medium,Handshake,7,49,6,2,,
2.59,Top-tier,STEM,West,4,3,3,Medium,Indeed,12,144,2,1,,
2.5,Mid-tier,STEM,Northeast,2,4,4,Small,Handshake,2,13,1,0,,
3.11,Mid-tier,Business,South,0,3,0,Small,LinkedIn,4,34,2,2,,
3.23,Mid-tier,Healthcare,Midwest,1,5,6,Small,LinkedIn,1,7,0,0,,
3.02,Mid-tier,Healthcare,Northeast,0,1,5,Medium,Handshake,11,33,2,2,,
3.25,Mid-tier,Business,South,4,3,2,Large,LinkedIn,9,129,5,5,,
2.95,Mid-tier,Humanities,Midwest,1,2,6,Large,Indeed,2,26,0,0,,
3.84,Lower-tier,Healthcare,Northeast,2,2,1,Large,LinkedIn,9,96,4,4,,
2.65,Top-tier,Humanities,Midwest,2,1,0,Medium,LinkedIn,7,61,3,3,,
3.1,Lower-tier,STEM,Northeast,0,0,3,Medium,Indeed,12,114,0,0,,
3.88,Mid-tier,Business,West,2,1,3,Large,LinkedIn,4,34,2,1,,
3.34,Mid-tier,Healthcare,Midwest,1,1,6,Medium,Indeed,10,121,0,0,,
2.61,Lower-tier,Humanities,Midwest,0,0,5,Large,Handshake,7,29,1,0,,
3.01,Mid-tier,Business,Midwest,3,2,5,Small,LinkedIn,11,161,2,2,,
2.62,Lower-tier,Humanities,Midwest,1,4,4,Small,Indeed,10,176,4,2,,
2.34,Mid-tier,Healthcare,South,3,3,2,Medium,Handshake,8,13,1,0,,
3.05,Mid-tier,STEM,Northeast,2,4,1,Medium,LinkedIn,6,56,2,1,,
2.0,Mid-tier,Business,West,1,0,4,Medium,LinkedIn,1,12,1,0,,
3.04,Lower-tier,Healthcare,West,2,0,2,Medium,LinkedIn,4,10,2,1,,
3.65,Mid-tier,Arts,West,0,4,0,Medium,Handshake,1,6,2,1,,
2.88,Lower-tier,STEM,Northeast,4,5,3,Medium,Handshake,11,49,4,2,,
3.08,Mid-tier,Healthcare,Northeast,2,2,1,Small,Handshake,9,66,7,0,,
3.16,Lower-tier,STEM,Midwest,0,2,6,Medium,LinkedIn,8,86,2,0,,
3.41,Mid-tier,STEM,South,0,6,3,Medium,Indeed,10,35,0,0,,
4.0,Top-tier,Business,West,4,5,2,Medium,LinkedIn,11,110,5,5,,
2.5,Top-tier,Business,Midwest,2,1,2,Large,LinkedIn,1,5,2,2,,
3.17,Mid-tier,Humanities,Midwest,1,1,1,Medium,LinkedIn,3,21,2,2,,
3.29,Top-tier,Business,Northeast,2,3,2,Large,LinkedIn,7,95,6,2,,
2.95,Mid-tier,Healthcare,Northeast,0,3,3,Large,Handshake,2,6,2,1,,
4.0,Top-tier,Business,Midwest,2,3,3,Medium,LinkedIn,11,45,3,1,,
3.91,Top-tier,Arts,Northeast,2,0,4,Medium,LinkedIn,2,15,2,2,,
3.1,Mid-tier,Business,West,1,1,4,Large,LinkedIn,2,16,1,0,,
3.62,Mid-tier,STEM,Midwest,3,1,7,Small,Indeed,11,121,3,3,,
3.73,Mid-tier,Humanities,South,0,3,2,Medium,Indeed,1,13,2,0,,
3.52,Mid-tier,STEM,Northeast,0,3,0,Small,Handshake,11,34,5,3,,
2.71,Mid-tier,Business,Northeast,1,2,5,Small,LinkedIn,4,53,3,1,,
3.54,Top-tier,Business,Northeast,1,3,3,Small,Indeed,9,91,2,1,,
3.49,Mid-tier,STEM,Northeast,3,1,1,Large,LinkedIn,12,144,4,3,,
2.67,Lower-tier,STEM,South,1,2,3,Medium,LinkedIn,2,12,1,0,,
3.47,Lower-tier,Humanities,Northeast,0,0,3,Medium,Indeed,7,35,0,0,,
3.42,Mid-tier,Business,Northeast,1,2,0,Small,Handshake,7,43,2,1,,
3.34,Lower-tier,Arts,Midwest,3,0,3,Small,LinkedIn,9,63,3,2,,
3.68,Lower-tier,Humanities,South,1,2,1,Medium,Handshake,2,11,2,0,,
3.16,Lower-tier,Humanities,South,0,3,3,Small,LinkedIn,12,42,1,0,,
3.14,Mid-tier,STEM,West,1,3,1,Large,Indeed,12,146,2,0,,
2.99,Top-tier,Healthcare,West,1,1,4,Small,Indeed,5,91,1,1,,
3.22,Lower-tier,STEM,Northeast,3,3,2,Large,Indeed,3,42,2,1,,
2.84,Lower-tier,Business,South,0,0,2,Large,LinkedIn,5,37,2,1,,
3.54,Mid-tier,Business,Northeast,2,3,4,Small,Indeed,10,173,2,1,,
3.43,Mid-tier,Healthcare,Midwest,0,3,3,Large,Handshake,2,11,0,0,,
3.21,Mid-tier,STEM,Midwest,2,1,8,Large,Indeed,12,232,4,4,,
3.06,Top-tier,STEM,South,3,1,2,Small,LinkedIn,7,26,2,2,,
2.96,Mid-tier,STEM,Midwest,1,0,5,Small,LinkedIn,2,26,0,0,,
3.23,Mid-tier,Humanities,Northeast,1,3,1,Medium,Indeed,4,61,2,1,,
3.01,Mid-tier,Business,Midwest,0,4,1,Medium,LinkedIn,8,14,0,0,,
3.18,Mid-tier,STEM,Northeast,3,1,1,Large,Handshake,10,56,1,0,,
3.62,Top-tier,STEM,West,2,3,4,Medium,LinkedIn,11,137,5,1,,
2.99,Mid-tier,Business,West,0,3,5,Large,LinkedIn,7,84,2,2,,
3.89,Mid-tier,STEM,Midwest,1,1,3,Large,Indeed,10,100,1,0,,
3.36,Mid-tier,STEM,South,0,3,5,Large,Handshake,12,70,4,1,,
3.44,Lower-tier,Humanities,Northeast,2,1,3,Medium,LinkedIn,5,77,4,3,,
2.41,Mid-tier,Business,Midwest,1,2,4,Medium,LinkedIn,5,50,0,0,,
3.36,Lower-tier,STEM,South,0,2,7,Large,Handshake,9,5,0,0,,
3.34,Top-tier,STEM,South,1,3,0,Medium,Handshake,7,35,2,2,,
4.0,Lower-tier,Business,Midwest,2,0,0,Small,Indeed,3,41,0,0,,
3.14,Mid-tier,Business,Northeast,3,3,2,Medium,LinkedIn,7,49,3,2,,
3.37,Mid-tier,STEM,South,1,2,1,Medium,LinkedIn,3,21,1,1,,
2.9,Mid-tier,Business,West,4,3,7,Medium,Indeed,2,36,0,0,,
2.71,Top-tier,Business,Midwest,1,2,4,Medium,Handshake,12,60,2,2,,
3.13,Mid-tier,Business,South,3,1,2,Medium,Handshake,6,40,3,3,,
3.35,Lower-tier,STEM,South,3,2,4,Large,Indeed,10,155,2,0,,
3.04,Mid-tier,Humanities,Northeast,0,0,2,Large,LinkedIn,2,15,0,0,,
3.02,Top-tier,STEM,Northeast,4,2,0,Large,LinkedIn,7,86,4,4,,
2.92,Lower-tier,Humanities,Midwest,2,5,8,Small,LinkedIn,4,37,2,1,,
3.49,Mid-tier,Business,West,3,0,5,Large,Handshake,6,29,2,2,,
2.62,Mid-tier,Business,South,0,2,2,Large,Handshake,9,75,6,1,,
2.73,Mid-tier,Humanities,South,0,2,3,Large,LinkedIn,7,78,4,2,,
3.45,Mid-tier,Business,South,3,2,3,Large,Handshake,1,8,2,1,,
4.0,Mid-tier,Business,South,2,2,4,Large,LinkedIn,4,48,1,1,,
3.62,Mid-tier,Business,Midwest,1,5,2,Medium,LinkedIn,6,19,2,1,,
3.68,Mid-tier,Humanities,Midwest,3,0,3,Large,Indeed,2,37,0,0,,
4.0,Lower-tier,STEM,South,0,3,2,Large,Handshake,8,56,3,2,,
3.59,Mid-tier,STEM,South,0,0,1,Small,Handshake,9,54,8,3,,
3.43,Mid-tier,STEM,Midwest,2,0,4,Medium,LinkedIn,5,54,3,1,,
3.14,Mid-tier,Humanities,Northeast,0,4,3,Large,Handshake,7,50,3,3,,
3.17,Top-tier,STEM,Northeast,0,2,3,Medium,LinkedIn,1,8,0,0,,
3.14,Mid-tier,STEM,West,1,1,3,Small,Handshake,4,14,2,2,,
2.53,Lower-tier,STEM,Northeast,0,2,2,Medium,LinkedIn,4,32,0,0,,
2.96,Mid-tier,Business,South,2,3,3,Large,LinkedIn,9,81,4,4,,
3.42,Mid-tier,Business,Midwest,3,3,3,Large,LinkedIn,12,144,8,8,,
3.43,Lower-tier,STEM,South,0,3,4,Medium,LinkedIn,12,102,5,1,,
3.15,Lower-tier,STEM,Midwest,0,1,3,Small,Handshake,6,19,2,1,,
3.3,Lower-tier,STEM,South,1,2,0,Large,Indeed,2,24,0,0,,
3.43,Lower-tier,Healthcare,Midwest,3,0,2,Large,Handshake,8,49,2,2,,
2.97,Lower-tier,STEM,Northeast,1,4,2,Medium,LinkedIn,9,96,5,4,,
3.16,Mid-tier,Arts,Northeast,2,0,4,Large,LinkedIn,11,51,1,1,,
2.92,Lower-tier,STEM,Midwest,2,0,3,Large,Handshake,3,5,2,1,,
3.27,Lower-tier,Humanities,West,1,1,1,Large,Handshake,5,9,2,2,,
2.81,Lower-tier,STEM,West,2,1,2,Small,Indeed,12,208,5,4,,
3.32,Mid-tier,Humanities,Northeast,0,0,1,Large,Handshake,12,64,5,0,,
3.68,Top-tier,STEM,Midwest,3,3,1,Small,LinkedIn,2,12,2,1,,
3.23,Lower-tier,STEM,South,0,2,6,Large,Handshake,8,53,4,3,,
2.99,Mid-tier,STEM,Midwest,0,2,4,Small,Handshake,3,24,4,0,,
3.21,Lower-tier,Healthcare,Northeast,1,3,4,Large,LinkedIn,2,26,0,0,,
3.4,Top-tier,Humanities,Northeast,2,2,5,Medium,Handshake,1,9,2,1,,
3.03,Lower-tier,STEM,Midwest,0,1,6,Medium,Indeed,10,166,2,0,,
2.96,Mid-tier,STEM,Midwest,0,3,3,Small,Handshake,2,5,2,1,,
3.33,Lower-tier,Healthcare,Northeast,2,2,7,Medium,Indeed,1,16,0,0,,
3.0,Lower-tier,Business,West,0,0,3,Medium,Indeed,9,58,0,0,,
2.73,Lower-tier,Arts,Northeast,2,1,3,Large,LinkedIn,6,42,3,1,,
2.94,Lower-tier,STEM,West,0,3,1,Large,Handshake,6,35,2,1,,
3.01,Mid-tier,Arts,Northeast,1,0,1,Medium,Indeed,4,63,1,1,,
3.04,Lower-tier,STEM,Midwest,2,2,1,Large,LinkedIn,11,5,0,0,,
3.31,Mid-tier,Business,South,2,0,7,Small,Handshake,6,22,2,2,,
3.88,Mid-tier,Business,South,0,3,1,Large,LinkedIn,10,98,2,1,,
3.63,Lower-tier,Business,Midwest,0,0,2,Medium,LinkedIn,11,84,3,2,,
3.11,Lower-tier,Arts,Midwest,1,1,0,Large,LinkedIn,9,81,2,1,,
3.23,Mid-tier,STEM,Northeast,3,5,6,Large,LinkedIn,3,25,1,1,,
2.85,Mid-tier,STEM,Northeast,2,2,5,Large,LinkedIn,3,37,2,2,,
2.93,Lower-tier,Healthcare,West,1,0,1,Small,LinkedIn,8,34,2,0,,
3.39,Lower-tier,Humanities,West,0,5,4,Medium,Indeed,12,186,3,1,,
3.32,Top-tier,Healthcare,West,0,0,4,Medium,LinkedIn,3,5,0,0,,
4.0,Mid-tier,Business,South,4,2,4,Small,Handshake,3,13,2,2,,
3.42,Mid-tier,Healthcare,South,1,0,6,Large,Handshake,6,21,1,1,,
3.77,Lower-tier,STEM,Midwest,0,1,3,Large,Indeed,12,104,0,0,,
3.14,Lower-tier,STEM,Northeast,0,1,1,Medium,Indeed,7,80,5,2,,
3.6,Lower-tier,STEM,Northeast,2,1,4,Small,Handshake,3,13,0,0,,
3.31,Mid-tier,Business,Northeast,0,4,2,Small,Handshake,2,8,2,2,,
3.93,Mid-tier,STEM,Midwest,1,1,6,Medium,LinkedIn,1,8,2,2,,
3.53,Lower-tier,STEM,Northeast,3,2,2,Large,Indeed,4,36,2,2,,
3.52,Lower-tier,STEM,South,1,3,9,Small,Indeed,12,206,4,1,,
3.67,Mid-tier,STEM,West,2,0,2,Medium,Handshake,1,5,1,0,,
2.77,Lower-tier,Business,Northeast,0,3,2,Large,LinkedIn,4,33,3,1,,
3.18,Lower-tier,Business,South,4,1,3,Large,LinkedIn,11,99,2,2,,
3.04,Top-tier,STEM,West,3,3,4,Large,LinkedIn,9,36,1,0,,
3.58,Mid-tier,STEM,South,2,0,1,Large,Handshake,10,41,4,0,,
2.78,Mid-tier,Healthcare,Midwest,4,2,1,Medium,Indeed,10,80,2,2,,
2.91,Mid-tier,STEM,Northeast,0,1,2,Medium,Indeed,7,108,1,0,,
3.27,Top-tier,STEM,Midwest,1,0,6,Large,LinkedIn,4,12,0,0,,
2.64,Mid-tier,Humanities,West,3,2,1,Large,Handshake,1,5,2,1,,
3.62,Mid-tier,STEM,Northeast,1,1,4,Medium,LinkedIn,11,89,8,2,,
3.31,Mid-tier,Arts,West,4,2,2,Medium,Handshake,4,34,5,1,,
3.2,Lower-tier,Business,West,2,3,3,Large,Indeed,9,105,4,1,,
3.2,Mid-tier,STEM,Northeast,1,3,7,Large,Indeed,9,190,7,4,,
3.36,Mid-tier,STEM,Midwest,2,0,5,Large,Handshake,6,41,4,1,,
2.96,Lower-tier,STEM,Northeast,1,3,1,Large,Indeed,8,48,1,0,,
2.77,Mid-tier,Business,Midwest,1,1,5,Large,Handshake,9,18,2,0,,
3.43,Lower-tier,STEM,Northeast,1,4,5,Small,Indeed,12,174,4,0,,
2.52,Lower-tier,STEM,Northeast,0,2,3,Large,Indeed,2,22,0,0,,
3.84,Top-tier,Humanities,Midwest,2,3,2,Small,Indeed,11,181,8,4,,
2.94,Lower-tier,Business,West,1,1,3,Large,Handshake,5,33,2,2,,
3.57,Lower-tier,STEM,Northeast,0,0,2,Large,Indeed,6,85,1,0,,
3.62,Lower-tier,Business,Midwest,2,1,1,Large,LinkedIn,9,96,2,1,,
2.76,Mid-tier,STEM,Midwest,3,2,3,Small,Handshake,2,6,2,1,,
3.3,Mid-tier,Business,Northeast,2,2,1,Medium,Handshake,9,46,4,0,,
3.94,Lower-tier,STEM,South,4,0,6,Medium,LinkedIn,1,5,2,1,,
3.41,Lower-tier,STEM,West,0,4,4,Small,Indeed,7,81,0,0,,
3.25,Lower-tier,Business,South,2,0,2,Small,LinkedIn,2,26,1,1,,
2.83,Mid-tier,Arts,West,0,4,2,Large,Handshake,7,23,3,1,,
3.36,Lower-tier,Humanities,West,1,3,3,Large,Handshake,12,36,3,2,,
3.26,Mid-tier,Business,South,0,3,1,Large,LinkedIn,9,63,5,1,,
3.33,Lower-tier,Business,West,1,0,0,Small,LinkedIn,7,101,6,5,,
3.72,Mid-tier,Humanities,South,1,2,4,Large,Handshake,12,32,2,1,,
3.18,Top-tier,Business,West,0,1,7,Large,LinkedIn,2,15,0,0,,
2.98,Lower-tier,Arts,West,0,0,4,Large,Handshake,12,12,0,0,,
4.0,Mid-tier,Humanities,West,0,2,2,Medium,LinkedIn,6,67,2,0,,
3.16,Mid-tier,STEM,Northeast,1,2,7,Small,LinkedIn,2,8,1,0,,
3.36,Top-tier,STEM,Northeast,0,3,4,Large,Handshake,4,10,0,0,,
3.51,Lower-tier,STEM,Midwest,1,0,1,Large,Indeed,7,89,0,0,,
3.93,Top-tier,Healthcare,West,4,4,4,Medium,Handshake,4,27,2,1,,
3.18,Mid-tier,Business,South,1,2,3,Medium,LinkedIn,9,93,2,2,,
2.86,Mid-tier,STEM,South,2,3,3,Medium,LinkedIn,2,23,2,2,,
2.89,Mid-tier,Business,Northeast,1,0,3,Large,Indeed,7,53,0,0,,
3.15,Mid-tier,STEM,Midwest,2,3,4,Medium,LinkedIn,7,109,4,4,,
3.16,Top-tier,STEM,West,2,4,2,Small,Indeed,6,68,0,0,,
3.79,Mid-tier,Humanities,South,1,3,0,Large,LinkedIn,8,29,2,1,,
3.56,Lower-tier,Business,West,1,3,3,Small,Handshake,8,9,0,0,,
2.98,Lower-tier,Business,Midwest,0,1,0,Medium,LinkedIn,1,5,0,0,,
3.67,Mid-tier,Healthcare,West,3,0,3,Medium,LinkedIn,7,75,4,4,,
2.55,Mid-tier,Business,Midwest,0,3,3,Small,LinkedIn,7,78,2,0,,
3.61,Lower-tier,Business,South,0,0,2,Large,Indeed,11,157,3,2,,
3.27,Mid-tier,STEM,West,3,2,5,Large,Handshake,5,5,2,1,,
3.36,Mid-tier,Humanities,Midwest,1,1,1,Large,Indeed,7,93,0,0,,
3.3,Mid-tier,STEM,Northeast,3,1,1,Large,Indeed,4,68,1,0,,
3.13,Lower-tier,Healthcare,South,0,2,1,Medium,LinkedIn,6,46,3,1,,
4.0,Lower-tier,STEM,Midwest,3,3,2,Medium,Indeed,8,90,3,2,,
3.58,Top-tier,Business,Northeast,1,1,1,Large,LinkedIn,4,24,2,1,,
2.27,Mid-tier,STEM,Northeast,1,2,3,Medium,LinkedIn,7,67,1,0,,
4.0,Lower-tier,STEM,West,0,4,2,Large,Indeed,11,66,4,1,,
2.62,Lower-tier,Healthcare,West,1,2,4,Large,LinkedIn,2,16,0,0,,
3.1,Top-tier,Humanities,Midwest,3,0,1,Medium,Indeed,12,246,2,2,,
3.5,Lower-tier,STEM,Northeast,1,5,4,Small,Handshake,12,72,2,1,,
2.71,Top-tier,STEM,Midwest,1,3,4,Medium,LinkedIn,7,61,1,0,,
3.2,Mid-tier,Business,South,1,1,4,Large,Indeed,3,45,0,0,,
2.97,Mid-tier,STEM,South,0,4,3,Medium,Handshake,9,55,5,1,,
3.0,Lower-tier,STEM,Midwest,1,3,2,Small,Handshake,2,5,0,0,,
3.47,Lower-tier,Business,West,2,1,4,Medium,LinkedIn,5,45,3,0,,
3.4,Top-tier,Healthcare,West,0,2,6,Medium,LinkedIn,1,8,0,0,,
3.2,Top-tier,Healthcare,Northeast,2,0,5,Large,Handshake,10,41,6,3,,
3.32,Mid-tier,STEM,South,1,2,6,Large,Handshake,4,10,0,0,,
3.32,Lower-tier,STEM,Northeast,3,3,4,Large,LinkedIn,10,26,2,2,,
3.36,Lower-tier,STEM,Northeast,0,2,1,Medium,Handshake,3,15,1,0,,
3.01,Top-tier,Healthcare,South,3,3,3,Large,Indeed,1,13,0,0,,
3.44,Lower-tier,Healthcare,West,0,4,1,Large,Handshake,7,57,6,2,,
2.49,Mid-tier,STEM,West,0,3,2,Large,Handshake,12,46,4,0,,
3.09,Mid-tier,Healthcare,South,2,3,2,Medium,Handshake,3,19,0,0,,
3.42,Mid-tier,STEM,Northeast,4,0,3,Medium,LinkedIn,12,76,3,3,,
3.34,Lower-tier,STEM,South,0,1,3,Large,Handshake,10,43,2,1,,
2.91,Lower-tier,STEM,West,3,1,3,Medium,Indeed,11,117,0,0,,
2.89,Top-tier,STEM,Northeast,2,2,5,Medium,Indeed,8,137,4,2,,
2.61,Top-tier,STEM,South,3,5,2,Small,Indeed,7,142,1,0,,
2.32,Lower-tier,Business,South,2,1,5,Medium,Indeed,1,10,0,0,,
3.63,Mid-tier,Humanities,Midwest,0,3,2,Medium,LinkedIn,3,19,0,0,,
2.74,Lower-tier,Healthcare,Midwest,1,5,4,Large,Handshake,7,46,3,1,,
2.95,Mid-tier,STEM,Northeast,4,2,3,Medium,LinkedIn,5,44,2,1,,
3.87,Mid-tier,Healthcare,Northeast,1,4,3,Medium,Handshake,10,71,10,4,,
2.6,Top-tier,Business,West,0,1,4,Medium,Handshake,8,52,3,3,,
3.37,Lower-tier,Healthcare,Midwest,1,2,4,Small,Handshake,12,82,9,2,,
3.29,Mid-tier,Business,South,0,2,5,Large,Handshake,8,42,5,1,,
2.93,Lower-tier,Healthcare,Northeast,1,2,9,Small,Handshake,6,18,2,1,,
3.81,Mid-tier,Healthcare,West,0,2,1,Large,Handshake,3,25,3,1,,
2.34,Top-tier,STEM,Northeast,0,3,3,Large,Indeed,6,74,0,0,,
2.77,Lower-tier,STEM,South,3,1,2,Medium,LinkedIn,12,42,3,1,,
3.71,Mid-tier,Business,Midwest,1,3,4,Medium,Indeed,1,11,2,1,,
3.4,Mid-tier,Business,Northeast,1,3,4,Large,LinkedIn,10,130,7,3,,
2.88,Lower-tier,Business,Midwest,2,1,2,Large,LinkedIn,1,7,2,2,,
2.28,Mid-tier,Humanities,Midwest,2,2,4,Large,LinkedIn,10,43,3,3,,
3.78,Mid-tier,Business,Northeast,1,4,5,Small,Indeed,12,144,1,0,,
3.01,Lower-tier,STEM,South,1,1,4,Medium,Handshake,4,10,2,2,,
2.95,Lower-tier,STEM,South,0,2,1,Large,Indeed,10,160,2,1,,
2.7,Lower-tier,Humanities,Northeast,2,0,0,Medium,Indeed,1,15,2,2,,
2.88,Lower-tier,Business,Midwest,0,0,1,Small,LinkedIn,3,27,1,0,,
3.06,Mid-tier,STEM,South,1,3,2,Large,Handshake,10,53,2,2,,
3.12,Mid-tier,STEM,Midwest,0,1,2,Small,LinkedIn,3,12,0,0,,
2.99,Top-tier,STEM,Midwest,0,1,4,Medium,LinkedIn,9,67,3,1,,
2.78,Lower-tier,Humanities,Northeast,0,2,2,Medium,Handshake,4,25,3,0,,
3.32,Mid-tier,Healthcare,South,0,1,3,Large,Handshake,8,16,2,1,,
3.62,Lower-tier,STEM,West,2,2,6,Medium,Indeed,10,30,2,2,,
3.75,Top-tier,Humanities,West,2,2,7,Medium,LinkedIn,12,92,4,3,,
3.12,Mid-tier,Business,Midwest,0,5,3,Medium,LinkedIn,9,70,1,1,,
3.18,Mid-tier,Healthcare,West,1,0,1,Medium,Indeed,5,73,0,0,,
2.93,Mid-tier,Business,Midwest,1,0,0,Medium,Indeed,5,99,0,0,,
3.33,Lower-tier,Healthcare,Midwest,0,1,3,Medium,Indeed,1,15,0,0,,
3.83,Mid-tier,Humanities,South,0,2,5,Large,Handshake,8,49,3,1,,
2.85,Lower-tier,Business,West,3,3,6,Medium,LinkedIn,3,35,2,1,,
2.65,Top-tier,Healthcare,South,0,2,5,Large,Handshake,6,38,1,1,,
3.52,Mid-tier,STEM,Midwest,2,2,2,Medium,Indeed,10,73,4,2,,
3.68,Mid-tier,STEM,South,0,2,1,Large,LinkedIn,5,32,0,0,,
3.54,Mid-tier,Humanities,West,1,3,5,Medium,LinkedIn,10,65,2,1,,
3.43,Lower-tier,Healthcare,Midwest,0,0,6,Medium,Indeed,7,66,2,1,,
2.81,Lower-tier,Business,Northeast,3,2,2,Large,LinkedIn,4,48,1,1,,
3.44,Mid-tier,Business,Northeast,0,1,1,Medium,LinkedIn,9,48,1,0,,
2.84,Lower-tier,Business,South,0,0,1,Medium,LinkedIn,5,43,2,2,,
3.16,Lower-tier,Business,West,3,0,2,Large,Indeed,9,48,2,2,,
4.0,Lower-tier,Business,West,1,5,1,Small,LinkedIn,12,84,2,1,,
2.0,Top-tier,Humanities,South,3,1,2,Medium,LinkedIn,1,10,2,2,,
2.95,Lower-tier,STEM,West,2,2,3,Large,Handshake,7,14,2,0,,
3.7,Lower-tier,Healthcare,South,0,2,1,Small,Indeed,11,174,8,5,,
3.37,Lower-tier,STEM,Northeast,2,3,2,Medium,LinkedIn,7,44,3,1,,
2.77,Lower-tier,Healthcare,South,0,0,4,Large,Handshake,9,25,2,2,,
2.73,Mid-tier,Business,Northeast,2,2,2,Large,Handshake,7,23,2,2,,
3.07,Top-tier,STEM,West,1,2,2,Large,Handshake,1,5,1,1,,
3.28,Top-tier,Healthcare,Northeast,1,0,4,Medium,Handshake,8,5,0,0,,
3.56,Lower-tier,Healthcare,South,0,3,6,Medium,LinkedIn,3,27,0,0,,
3.12,Mid-tier,Humanities,West,1,1,0,Small,Handshake,3,5,2,2,,
3.4,Lower-tier,STEM,South,1,1,3,Large,LinkedIn,12,130,4,3,,
2.69,Lower-tier,STEM,West,0,2,1,Small,LinkedIn,5,43,0,0,,
3.21,Mid-tier,Business,Northeast,1,2,3,Large,Handshake,5,14,0,0,,
2.9,Lower-tier,Arts,Midwest,0,5,4,Small,Handshake,4,22,3,1,,
2.88,Top-tier,Arts,South,0,2,4,Large,LinkedIn,10,61,3,0,,
2.91,Lower-tier,Healthcare,West,2,0,3,Medium,Handshake,7,29,1,1,,
3.28,Mid-tier,Healthcare,South,1,2,3,Medium,LinkedIn,7,49,1,1,,
3.83,Top-tier,STEM,South,2,3,4,Medium,Handshake,8,46,4,0,,
3.74,Lower-tier,Healthcare,Midwest,0,3,2,Medium,Handshake,10,50,7,1,,
2.59,Mid-tier,Humanities,South,0,3,6,Large,Indeed,2,27,0,0,,
2.74,Top-tier,Arts,South,2,2,5,Small,LinkedIn,3,7,2,1,,
3.44,Lower-tier,Business,West,0,5,5,Small,LinkedIn,4,41,3,2,,
4.0,Mid-tier,Healthcare,South,0,3,4,Large,Handshake,4,5,1,1,,
3.34,Mid-tier,Healthcare,West,0,3,3,Small,Indeed,8,73,2,1,,
3.05,Mid-tier,Humanities,South,2,3,4,Small,LinkedIn,1,13,2,1,,
3.2,Mid-tier,STEM,Midwest,1,4,4,Small,Handshake,6,44,4,2,,
3.01,Mid-tier,Arts,Midwest,0,0,3,Medium,Handshake,11,36,3,1,,
3.57,Lower-tier,STEM,Midwest,3,0,1,Small,Handshake,9,58,5,1,,
2.85,Lower-tier,STEM,West,2,1,1,Medium,Handshake,3,19,2,1,,
2.72,Top-tier,Healthcare,West,1,3,1,Medium,LinkedIn,10,96,5,0,,
2.75,Lower-tier,STEM,South,2,1,0,Medium,Handshake,4,25,1,0,,
3.53,Top-tier,Business,South,0,1,1,Large,Indeed,12,228,1,0,,
3.12,Top-tier,Arts,Northeast,1,3,6,Small,LinkedIn,9,33,2,1,,
4.0,Mid-tier,Healthcare,South,0,2,2,Medium,Indeed,9,118,0,0,,
2.99,Top-tier,STEM,South,1,3,3,Medium,LinkedIn,10,56,7,1,,
3.15,Lower-tier,STEM,Northeast,2,0,3,Large,LinkedIn,12,150,11,3,,
3.07,Lower-tier,Humanities,South,1,2,7,Large,Indeed,6,136,4,1,,
3.56,Mid-tier,STEM,West,2,6,3,Large,Indeed,12,202,2,0,,
3.76,Mid-tier,STEM,South,1,1,1,Medium,LinkedIn,6,84,2,2,,
3.4,Lower-tier,Humanities,Northeast,2,2,3,Small,LinkedIn,9,94,4,2,,
3.0,Lower-tier,STEM,South,1,3,2,Large,Indeed,3,25,0,0,,
3.56,Top-tier,STEM,Midwest,2,1,3,Large,Handshake,2,8,0,0,,
2.91,Lower-tier,STEM,West,4,0,4,Medium,Indeed,9,81,1,0,,
4.0,Top-tier,Business,Northeast,1,0,1,Medium,Handshake,5,16,2,1,,
3.11,Mid-tier,Healthcare,Midwest,0,2,5,Small,LinkedIn,8,77,2,1,,
3.53,Mid-tier,STEM,Northeast,0,0,6,Small,LinkedIn,8,125,7,1,,
3.39,Mid-tier,Business,South,1,2,2,Medium,Indeed,9,283,6,6,,
3.16,Lower-tier,Business,Northeast,2,4,4,Medium,LinkedIn,5,35,2,1,,
3.08,Lower-tier,Business,South,0,3,7,Small,Indeed,1,14,0,0,,
2.79,Mid-tier,Business,West,0,2,4,Small,LinkedIn,7,63,4,1,,
3.26,Mid-tier,STEM,Midwest,2,2,0,Small,Indeed,2,32,0,0,,
2.5,Top-tier,Business,West,2,4,4,Large,Handshake,10,6,0,0,,
3.46,Lower-tier,Humanities,Northeast,2,0,3,Medium,Indeed,1,10,0,0,,
3.34,Top-tier,STEM,South,3,1,2,Large,Handshake,11,71,6,2,,
3.04,Mid-tier,Business,West,1,3,2,Large,Indeed,3,45,0,0,,
3.23,Mid-tier,Humanities,Midwest,1,0,3,Medium,LinkedIn,6,68,6,0,,
3.18,Mid-tier,STEM,Northeast,3,3,1,Medium,Indeed,4,46,0,0,,
3.1,Lower-tier,Business,Northeast,3,3,1,Small,LinkedIn,8,85,2,0,,
4.0,Mid-tier,STEM,Midwest,2,2,5,Small,Indeed,6,92,2,2,,
3.55,Top-tier,Business,Northeast,1,1,2,Small,LinkedIn,6,60,4,2,,
3.18,Lower-tier,Humanities,Northeast,1,7,5,Large,Handshake,2,15,2,2,,
3.48,Lower-tier,STEM,West,2,0,0,Large,Handshake,4,10,2,2,,
2.75,Top-tier,Healthcare,Midwest,0,2,1,Large,Handshake,7,26,2,2,,
2.43,Mid-tier,Arts,Midwest,0,2,0,Medium,Handshake,10,41,0,0,,
3.63,Top-tier,Business,West,0,1,3,Large,Indeed,7,65,1,0,,
2.38,Lower-tier,Healthcare,Midwest,2,3,2,Medium,Indeed,9,141,2,0,,
3.79,Mid-tier,STEM,West,2,1,2,Large,Handshake,2,9,1,0,,
3.68,Lower-tier,STEM,South,0,1,2,Large,Indeed,11,229,3,3,,
2.77,Top-tier,Healthcare,Midwest,3,1,3,Large,Handshake,12,36,0,0,,
3.26,Top-tier,STEM,South,3,2,4,Medium,LinkedIn,12,20,2,1,,
3.0,Mid-tier,STEM,Midwest,2,3,1,Large,LinkedIn,3,38,1,0,,
3.27,Top-tier,Business,Northeast,2,2,7,Large,Handshake,5,12,2,2,,
3.72,Top-tier,Business,West,3,2,3,Medium,Indeed,3,32,0,0,,
2.98,Top-tier,Healthcare,South,1,3,1,Small,Handshake,7,28,2,1,,
2.86,Mid-tier,Humanities,South,0,1,1,Medium,Handshake,10,46,2,1,,
3.09,Lower-tier,STEM,South,1,1,3,Medium,Handshake,12,52,6,0,,
3.59,Top-tier,Business,South,1,3,0,Large,Indeed,5,7,0,0,,
3.48,Mid-tier,Business,South,2,2,5,Medium,LinkedIn,6,35,2,1,,
2.88,Mid-tier,STEM,Northeast,2,3,3,Medium,LinkedIn,9,43,1,0,,
3.24,Lower-tier,STEM,South,0,1,2,Large,Handshake,1,5,0,0,,
2.71,Top-tier,Business,Midwest,0,0,3,Large,LinkedIn,3,21,1,0,,
4.0,Lower-tier,Humanities,West,0,4,2,Small,Handshake,9,18,2,1,,
3.22,Top-tier,Healthcare,Midwest,2,2,2,Large,LinkedIn,3,34,2,2,,
3.18,Top-tier,STEM,Northeast,3,3,5,Large,Handshake,10,55,2,2,,
3.37,Lower-tier,Business,South,2,0,1,Medium,LinkedIn,10,118,5,2,,
3.0,Mid-tier,Business,West,2,2,3,Medium,Indeed,6,38,0,0,,
3.46,Mid-tier,Business,South,2,1,2,Medium,Indeed,4,48,2,1,,
3.84,Mid-tier,Healthcare,Northeast,0,4,3,Small,Handshake,5,36,2,1,,
2.55,Lower-tier,STEM,West,1,2,4,Large,Handshake,9,64,4,1,,
3.34,Lower-tier,Arts,Midwest,1,5,1,Medium,LinkedIn,5,66,2,2,,
3.7,Mid-tier,STEM,Northeast,0,3,6,Small,Indeed,8,105,0,0,,
3.53,Top-tier,STEM,Midwest,1,2,2,Small,LinkedIn,2,16,0,0,,
3.32,Mid-tier,Business,Northeast,0,0,3,Medium,Indeed,3,47,1,0,,
2.63,Lower-tier,STEM,West,2,1,4,Large,Handshake,5,20,2,0,,
3.3,Lower-tier,Healthcare,Northeast,0,4,1,Large,LinkedIn,2,14,0,0,,
3.74,Mid-tier,Business,Midwest,0,5,3,Large,LinkedIn,9,79,1,0,,
3.17,Lower-tier,STEM,South,1,5,6,Medium,Indeed,9,136,1,0,,
3.04,Lower-tier,Healthcare,Midwest,0,5,5,Small,Indeed,9,111,5,2,,
2.75,Mid-tier,Business,Northeast,4,4,2,Large,Handshake,12,48,4,2,,
2.75,Mid-tier,Healthcare,South,0,4,3,Medium,Handshake,1,5,0,0,,
3.59,Mid-tier,Humanities,West,0,2,4,Medium,Handshake,1,7,1,1,,
3.39,Mid-tier,Arts,South,0,5,1,Large,Handshake,9,61,4,2,,
3.53,Mid-tier,Business,Northeast,0,0,4,Small,Indeed,7,117,6,3,,
4.0,Mid-tier,Arts,West,1,1,2,Small,Handshake,12,90,2,2,,
3.12,Mid-tier,Business,South,1,0,5,Small,LinkedIn,11,25,1,1,,
3.17,Mid-tier,STEM,Northeast,3,4,5,Large,LinkedIn,12,112,4,1,,
3.53,Lower-tier,Business,South,2,1,1,Large,Handshake,6,44,2,1,,
3.2,Mid-tier,STEM,Midwest,1,3,3,Medium,Indeed,7,135,2,1,,
3.83,Lower-tier,STEM,South,3,1,4,Small,LinkedIn,8,70,4,2,,
3.47,Lower-tier,Business,Northeast,2,5,1,Medium,Indeed,9,121,0,0,,
3.39,Top-tier,Arts,Midwest,1,0,2,Medium,LinkedIn,12,140,7,2,,
3.16,Top-tier,Humanities,Midwest,1,2,1,Large,LinkedIn,12,38,2,1,,
2.32,Mid-tier,STEM,Midwest,0,3,1,Small,Handshake,2,16,2,2,,
3.09,Mid-tier,STEM,South,2,3,1,Small,Handshake,3,8,1,0,,
2.99,Mid-tier,Business,Northeast,1,2,3,Small,Handshake,6,36,2,0,,
3.05,Mid-tier,Business,Midwest,1,1,3,Small,LinkedIn,4,14,0,0,,
3.1,Mid-tier,STEM,Northeast,4,3,2,Medium,Indeed,11,97,1,1,,
3.44,Top-tier,STEM,West,1,0,4,Large,Handshake,10,15,1,0,,
3.23,Mid-tier,STEM,Northeast,5,2,2,Medium,Handshake,5,17,2,2,,
3.32,Mid-tier,Business,Midwest,0,2,3,Small,Handshake,8,5,2,2,,
3.47,Top-tier,Healthcare,West,1,4,3,Medium,LinkedIn,10,138,4,0,,
3.24,Mid-tier,Healthcare,West,1,4,7,Large,LinkedIn,8,68,4,1,,
3.92,Top-tier,STEM,Northeast,2,0,1,Large,Indeed,1,15,0,0,,
3.52,Top-tier,Humanities,South,0,2,3,Large,Handshake,4,14,2,2,,
3.38,Lower-tier,Business,South,0,6,2,Small,LinkedIn,1,5,0,0,,
3.3,Mid-tier,STEM,Northeast,2,0,3,Large,Handshake,8,5,1,0,,
3.08,Lower-tier,Humanities,Midwest,2,2,2,Medium,LinkedIn,11,93,3,2,,
2.82,Mid-tier,STEM,South,3,1,4,Large,LinkedIn,7,70,3,2,,
3.45,Lower-tier,STEM,West,1,2,1,Large,Handshake,5,17,0,0,,
2.81,Mid-tier,STEM,Midwest,2,2,3,Large,Handshake,6,51,3,1,,
2.92,Mid-tier,STEM,Northeast,3,2,5,Large,Indeed,10,160,1,1,,
3.52,Lower-tier,Humanities,Northeast,2,3,2,Medium,Handshake,6,31,2,1,,
2.73,Lower-tier,STEM,Northeast,3,3,2,Medium,Indeed,5,112,3,0,,
3.24,Lower-tier,Humanities,Northeast,2,3,5,Small,Indeed,2,23,0,0,,
3.95,Mid-tier,STEM,Midwest,1,3,5,Medium,LinkedIn,10,66,1,0,,
2.44,Mid-tier,Business,Midwest,0,5,4,Medium,Handshake,4,25,1,0,,
3.6,Mid-tier,STEM,South,1,4,6,Large,Indeed,5,36,0,0,,
2.9,Mid-tier,STEM,Northeast,3,5,3,Large,LinkedIn,5,19,2,1,,
3.39,Mid-tier,Healthcare,Midwest,1,5,6,Medium,Indeed,5,73,3,3,,
3.26,Lower-tier,Business,South,2,0,6,Large,LinkedIn,2,38,2,1,,
3.25,Mid-tier,Arts,West,1,2,4,Medium,Handshake,10,68,2,1,,
3.52,Mid-tier,STEM,West,0,1,0,Large,LinkedIn,8,64,2,1,,
3.6,Mid-tier,Business,Midwest,1,2,5,Medium,Indeed,1,8,0,0,,
3.27,Mid-tier,Healthcare,West,1,4,4,Large,LinkedIn,9,55,2,0,,
2.95,Lower-tier,Business,Northeast,2,4,1,Medium,Handshake,5,15,2,2,,
3.01,Top-tier,Business,Northeast,4,3,3,Large,LinkedIn,7,67,2,2,,
2.9,Top-tier,Business,Midwest,2,7,3,Medium,Indeed,3,49,0,0,,
3.49,Mid-tier,STEM,Northeast,1,1,1,Medium,Handshake,5,36,2,0,,
2.44,Mid-tier,Business,Northeast,1,2,3,Large,Indeed,8,116,3,1,,
3.0,Mid-tier,Healthcare,Midwest,0,1,0,Small,Handshake,4,29,2,1,,
3.26,Lower-tier,Arts,South,2,1,4,Small,Handshake,3,21,2,2,,
3.69,Lower-tier,Business,Midwest,2,0,1,Large,LinkedIn,3,10,2,1,,
2.74,Mid-tier,Business,South,0,1,0,Large,Handshake,7,54,3,1,,
3.64,Lower-tier,Healthcare,Northeast,0,3,5,Medium,LinkedIn,3,23,2,1,,
3.22,Top-tier,Humanities,Northeast,0,3,2,Medium,LinkedIn,10,96,4,3,,
3.06,Mid-tier,STEM,West,1,1,6,Medium,LinkedIn,4,39,2,0,,
2.88,Mid-tier,Healthcare,South,0,2,5,Large,LinkedIn,9,18,0,0,,
3.29,Top-tier,Business,Midwest,2,2,6,Medium,Handshake,8,13,2,2,,
2.94,Lower-tier,STEM,South,0,3,1,Small,Handshake,2,12,0,0,,
3.68,Lower-tier,Business,Midwest,1,3,3,Large,Handshake,8,29,2,1,,
3.54,Mid-tier,Humanities,Midwest,1,1,5,Medium,LinkedIn,2,20,0,0,,
3.19,Mid-tier,Healthcare,Northeast,2,1,5,Medium,LinkedIn,5,15,2,2,,
2.49,Mid-tier,STEM,West,0,2,2,Small,LinkedIn,11,139,5,1,,
4.0,Mid-tier,STEM,Midwest,3,8,4,Large,Indeed,9,84,1,0,,
3.47,Lower-tier,STEM,Midwest,4,3,1,Large,Indeed,1,16,0,0,,
3.4,Mid-tier,STEM,West,2,1,6,Medium,LinkedIn,10,190,3,1,,
3.16,Mid-tier,Healthcare,South,0,1,3,Large,LinkedIn,3,27,1,0,,
3.48,Mid-tier,Humanities,Northeast,2,5,4,Large,LinkedIn,7,72,2,1,,
3.34,Lower-tier,STEM,South,1,2,2,Large,Indeed,5,57,0,0,,
2.65,Lower-tier,STEM,Midwest,1,2,4,Medium,LinkedIn,10,83,3,0,,
3.4,Lower-tier,STEM,Midwest,0,1,5,Large,LinkedIn,1,9,0,0,,
3.63,Mid-tier,Humanities,West,2,0,3,Medium,LinkedIn,12,174,6,0,,
3.15,Mid-tier,STEM,Northeast,0,0,1,Medium,Handshake,10,5,0,0,,
3.22,Top-tier,Healthcare,Midwest,2,4,1,Medium,LinkedIn,5,23,1,0,,
3.65,Top-tier,Arts,West,1,2,0,Medium,LinkedIn,9,109,3,1,,
3.44,Lower-tier,STEM,Northeast,0,4,6,Large,LinkedIn,5,42,2,0,,
3.4,Mid-tier,Business,West,0,3,1,Medium,Indeed,2,13,1,0,,
2.98,Top-tier,Humanities,West,1,2,3,Medium,Indeed,8,124,3,3,,
3.32,Top-tier,Humanities,Northeast,3,1,0,Medium,Indeed,7,64,3,3,,
3.21,Lower-tier,Humanities,South,3,0,4,Large,Handshake,11,47,5,1,,
2.91,Top-tier,STEM,West,0,1,1,Large,LinkedIn,7,51,5,1,,
3.62,Lower-tier,STEM,South,0,1,2,Large,Handshake,6,42,2,2,,
2.97,Top-tier,STEM,West,4,2,3,Large,Handshake,3,12,2,1,,
3.22,Lower-tier,Healthcare,South,0,4,4,Medium,Handshake,4,24,3,2,,
3.7,Lower-tier,Arts,Midwest,0,3,1,Large,LinkedIn,2,15,0,0,,
3.38,Lower-tier,STEM,Northeast,1,3,2,Medium,Indeed,10,140,1,1,,
3.59,Lower-tier,Healthcare,Northeast,2,1,5,Large,Indeed,4,5,2,2,,
3.55,Mid-tier,Healthcare,Northeast,3,3,3,Medium,Handshake,4,26,2,1,,
2.92,Mid-tier,Humanities,Northeast,3,2,2,Medium,LinkedIn,1,8,2,2,,
3.11,Top-tier,Humanities,Midwest,2,2,2,Small,LinkedIn,12,72,6,2,,
3.18,Lower-tier,STEM,West,2,2,0,Large,LinkedIn,2,8,2,1,,
3.74,Mid-tier,Business,Midwest,0,1,7,Medium,LinkedIn,12,98,4,1,,
2.71,Top-tier,Business,Northeast,0,4,1,Large,LinkedIn,2,22,0,0,,
3.29,Lower-tier,Healthcare,Midwest,0,3,3,Small,Handshake,4,16,2,1,,
3.41,Lower-tier,Healthcare,Northeast,0,2,2,Large,Indeed,9,162,4,1,,
2.77,Mid-tier,STEM,West,1,1,4,Large,LinkedIn,9,5,2,2,,
3.21,Top-tier,STEM,Northeast,1,0,4,Medium,LinkedIn,10,93,4,2,,
3.8,Top-tier,STEM,West,2,2,0,Small,LinkedIn,4,19,2,2,,
3.45,Lower-tier,Business,Northeast,1,3,0,Large,LinkedIn,9,46,3,2,,
3.73,Mid-tier,Business,Northeast,4,2,4,Large,LinkedIn,9,114,4,2,,
3.7,Mid-tier,STEM,Midwest,0,2,2,Small,Indeed,9,145,0,0,,
2.83,Mid-tier,Healthcare,South,1,2,4,Small,Handshake,5,43,3,2,,
3.09,Top-tier,STEM,South,3,0,5,Large,Indeed,5,127,4,2,,
3.56,Lower-tier,STEM,South,0,1,1,Medium,Indeed,4,38,1,0,,
3.83,Top-tier,STEM,Northeast,1,0,0,Large,LinkedIn,10,125,2,1,,
3.33,Mid-tier,Humanities,South,0,3,3,Medium,LinkedIn,11,102,8,2,,
3.38,Lower-tier,STEM,West,0,3,2,Medium,Indeed,1,15,1,0,,
2.98,Mid-tier,Healthcare,West,2,2,4,Large,Handshake,2,14,0,0,,
2.59,Mid-tier,STEM,Midwest,1,1,3,Small,LinkedIn,3,22,0,0,,
3.66,Lower-tier,Humanities,Northeast,0,3,7,Small,Handshake,5,15,2,2,,
3.78,Top-tier,STEM,South,0,1,5,Large,LinkedIn,12,70,2,1,,
3.16,Mid-tier,Healthcare,West,1,1,3,Large,Indeed,8,162,1,0,,
2.81,Mid-tier,STEM,West,3,3,2,Medium,Handshake,5,8,1,0,,
3.83,Lower-tier,Healthcare,Northeast,0,4,1,Medium,Handshake,1,8,2,1,,
3.21,Lower-tier,STEM,South,1,3,2,Large,Indeed,2,34,0,0,,
2.6,Top-tier,Business,West,2,2,3,Large,LinkedIn,12,130,3,2,,
3.05,Mid-tier,STEM,Midwest,0,1,3,Medium,Handshake,1,5,2,1,,
3.06,Mid-tier,STEM,West,3,3,2,Medium,Indeed,6,128,1,0,,
2.98,Lower-tier,STEM,South,0,2,4,Large,Handshake,1,5,0,0,,
3.61,Mid-tier,STEM,West,0,3,3,Small,Handshake,5,35,0,0,,
3.04,Mid-tier,Healthcare,Midwest,2,7,2,Large,Handshake,5,23,2,2,,
2.68,Top-tier,Business,South,2,2,2,Large,LinkedIn,4,30,1,1,,
3.36,Lower-tier,Healthcare,West,3,3,2,Small,Handshake,12,54,7,1,,
3.04,Mid-tier,STEM,Northeast,1,4,3,Medium,Indeed,11,168,5,5,,
3.39,Mid-tier,Arts,Northeast,0,1,2,Small,Handshake,2,7,1,1,,
3.42,Lower-tier,Business,Midwest,0,2,2,Large,LinkedIn,11,88,5,3,,
3.3,Top-tier,Humanities,Midwest,3,2,4,Large,LinkedIn,4,34,2,2,,
4.0,Lower-tier,Business,West,1,1,5,Medium,Handshake,11,42,3,1,,
2.75,Lower-tier,Business,Midwest,1,3,2,Medium,LinkedIn,8,50,2,1,,
2.95,Lower-tier,STEM,West,1,3,4,Medium,Handshake,7,49,2,1,,
3.29,Mid-tier,STEM,Northeast,2,2,3,Large,LinkedIn,8,53,1,1,,
3.45,Top-tier,Humanities,South,0,2,2,Medium,Handshake,1,5,0,0,,
3.21,Top-tier,Healthcare,South,1,1,1,Large,LinkedIn,3,39,2,1,,
3.05,Lower-tier,Business,Midwest,2,1,2,Small,Handshake,10,28,2,1,,
3.72,Mid-tier,STEM,Northeast,0,1,6,Medium,Indeed,7,81,2,2,,
3.47,Mid-tier,Business,South,0,5,9,Large,Handshake,2,15,1,1,,
3.82,Mid-tier,STEM,West,0,2,0,Large,LinkedIn,8,65,3,1,,
3.38,Mid-tier,Business,Midwest,1,2,3,Large,LinkedIn,9,118,4,2,,
3.12,Top-tier,Humanities,Northeast,0,1,3,Small,LinkedIn,9,79,5,1,,
3.14,Lower-tier,STEM,West,1,2,1,Large,Indeed,7,80,0,0,,
2.16,Mid-tier,STEM,South,0,2,1,Large,Handshake,8,60,4,1,,
3.07,Lower-tier,STEM,West,1,4,3,Large,LinkedIn,2,19,2,0,,
3.06,Mid-tier,Humanities,South,1,2,4,Small,Indeed,12,190,2,0,,
3.07,Mid-tier,Humanities,South,0,2,2,Large,LinkedIn,1,17,0,0,,
3.14,Top-tier,STEM,West,1,2,1,Large,LinkedIn,9,90,9,2,,
3.4,Top-tier,Humanities,South,0,2,4,Small,LinkedIn,9,58,0,0,,
3.52,Lower-tier,Business,Northeast,0,2,3,Large,LinkedIn,12,72,1,0,,
3.5,Top-tier,STEM,West,2,2,4,Large,LinkedIn,2,16,2,2,,
2.97,Lower-tier,STEM,Northeast,0,2,5,Medium,Handshake,8,50,3,2,,
3.61,Mid-tier,STEM,West,1,3,3,Medium,LinkedIn,5,30,2,1,,
3.74,Mid-tier,Business,West,1,2,6,Large,Handshake,8,28,5,1,,
2.88,Top-tier,Business,West,1,1,7,Large,LinkedIn,12,62,3,2,,
3.12,Mid-tier,STEM,South,1,3,5,Medium,Handshake,8,44,3,2,,
2.42,Mid-tier,Healthcare,South,0,2,4,Small,Indeed,2,32,0,0,,
3.16,Mid-tier,Business,West,1,2,6,Medium,LinkedIn,8,68,2,1,,
3.04,Mid-tier,STEM,Northeast,1,2,2,Small,Handshake,7,24,3,2,,
2.92,Lower-tier,STEM,Midwest,1,2,2,Medium,Handshake,2,11,1,1,,
3.72,Mid-tier,Business,Northeast,0,2,1,Medium,LinkedIn,8,60,3,3,,
2.9,Lower-tier,Arts,South,2,2,4,Medium,LinkedIn,8,64,2,2,,
3.51,Mid-tier,Humanities,South,3,3,5,Medium,LinkedIn,4,50,2,1,,
2.87,Lower-tier,Arts,West,0,2,1,Large,LinkedIn,9,99,2,2,,
3.91,Mid-tier,Humanities,Midwest,1,1,5,Medium,Indeed,3,34,2,1,,
3.07,Mid-tier,STEM,West,0,3,2,Large,LinkedIn,3,19,0,0,,
2.83,Mid-tier,STEM,Midwest,0,1,3,Medium,Indeed,9,136,5,2,,
2.7,Lower-tier,Healthcare,Midwest,0,1,3,Small,Handshake,8,48,2,1,,
3.72,Lower-tier,Healthcare,West,0,1,4,Large,Handshake,8,56,5,2,,
2.82,Mid-tier,Business,West,1,3,2,Medium,LinkedIn,4,54,3,1,,
3.02,Top-tier,Healthcare,West,1,0,2,Large,LinkedIn,1,6,0,0,,
2.65,Mid-tier,Arts,Midwest,1,4,2,Large,Indeed,5,70,1,0,,
3.71,Mid-tier,STEM,Midwest,1,2,1,Large,Indeed,7,92,0,0,,
2.71,Mid-tier,STEM,Northeast,3,1,4,Medium,LinkedIn,7,59,2,1,,
3.06,Lower-tier,Humanities,West,0,4,3,Small,Indeed,9,63,1,1,,
2.17,Lower-tier,STEM,West,1,3,2,Medium,Indeed,9,153,7,4,,
2.67,Mid-tier,STEM,South,1,2,2,Medium,LinkedIn,4,5,2,2,,
2.8,Lower-tier,Arts,West,2,3,3,Large,Handshake,1,5,1,0,,
3.55,Mid-tier,STEM,South,2,2,7,Small,Handshake,12,46,2,0,,
2.98,Mid-tier,STEM,Northeast,3,3,2,Large,LinkedIn,6,48,0,0,,
3.79,Mid-tier,Business,Midwest,0,1,1,Large,Handshake,10,5,0,0,,
3.21,Lower-tier,Business,Midwest,2,4,2,Large,Indeed,3,44,0,0,,
2.75,Mid-tier,STEM,Midwest,0,2,4,Large,LinkedIn,6,78,1,1,,
3.18,Mid-tier,STEM,Northeast,3,2,3,Small,LinkedIn,6,46,3,2,,
3.31,Mid-tier,Business,Midwest,1,1,3,Medium,Indeed,10,158,5,2,,
3.25,Lower-tier,STEM,West,2,1,2,Large,Handshake,11,89,11,0,,
2.53,Mid-tier,Humanities,Northeast,3,1,5,Large,Indeed,12,124,7,1,,
3.46,Lower-tier,STEM,Midwest,0,3,4,Small,LinkedIn,6,79,5,1,,
2.81,Mid-tier,STEM,South,0,1,4,Medium,LinkedIn,7,77,4,1,,
3.79,Mid-tier,Humanities,Northeast,0,7,0,Large,Indeed,5,90,2,1,,
2.56,Lower-tier,STEM,Midwest,1,2,4,Small,Indeed,6,40,0,0,,
2.62,Lower-tier,STEM,West,1,1,3,Small,Handshake,11,55,1,0,,
3.42,Lower-tier,Healthcare,West,0,2,1,Medium,Indeed,7,123,0,0,,
2.72,Top-tier,STEM,South,1,0,2,Large,LinkedIn,7,37,2,1,,
2.95,Top-tier,Business,West,1,1,0,Medium,LinkedIn,3,38,2,2,,
3.07,Top-tier,Humanities,West,1,2,4,Medium,Handshake,3,9,0,0,,
3.28,Mid-tier,STEM,Midwest,1,0,1,Large,Indeed,2,18,0,0,,
2.93,Lower-tier,Business,West,1,1,2,Medium,Indeed,7,115,1,0,,
3.07,Mid-tier,STEM,Midwest,2,1,3,Medium,LinkedIn,10,60,1,1,,
3.7,Lower-tier,Arts,South,1,1,2,Large,LinkedIn,3,20,1,0,,
3.15,Mid-tier,Humanities,Midwest,0,3,5,Large,Handshake,12,48,4,3,,
3.25,Mid-tier,Healthcare,Midwest,2,3,1,Large,Indeed,8,62,0,0,,
3.27,Lower-tier,STEM,Midwest,1,3,2,Large,Indeed,12,168,3,2,,
3.37,Top-tier,STEM,South,2,1,7,Medium,Handshake,4,31,2,1,,
3.8,Mid-tier,Humanities,West,0,1,3,Large,Indeed,3,56,3,3,,
3.56,Top-tier,Healthcare,Midwest,0,1,1,Small,Handshake,11,91,6,3,,
2.93,Mid-tier,Business,South,2,3,3,Medium,LinkedIn,1,10,0,0,,
3.44,Mid-tier,Business,Midwest,1,3,3,Small,Handshake,6,36,4,0,,
3.02,Mid-tier,STEM,Midwest,1,5,3,Large,Handshake,10,41,6,2,,
3.29,Top-tier,Business,West,2,2,3,Medium,LinkedIn,5,38,1,0,,
3.4,Lower-tier,Arts,South,0,3,4,Large,Handshake,2,9,2,2,,
3.65,Lower-tier,Healthcare,Midwest,2,1,1,Large,Handshake,5,40,7,0,,
3.8,Mid-tier,Healthcare,West,2,2,0,Small,Handshake,6,29,2,1,,
3.29,Lower-tier,Arts,West,2,4,6,Large,Handshake,10,35,1,0,,
4.0,Lower-tier,Healthcare,Northeast,0,2,2,Medium,Indeed,11,198,2,1,,
2.34,Lower-tier,STEM,Midwest,1,3,2,Small,Handshake,9,30,2,2,,
3.15,Top-tier,Humanities,West,1,1,2,Medium,LinkedIn,3,32,2,1,,
2.7,Top-tier,Humanities,Midwest,0,1,4,Medium,Handshake,11,71,4,4,,
3.6,Top-tier,Humanities,South,3,2,1,Large,LinkedIn,10,138,7,1,,
3.23,Top-tier,STEM,Northeast,0,1,3,Small,LinkedIn,11,86,3,0,,
3.08,Mid-tier,Healthcare,West,2,4,3,Large,Indeed,3,45,0,0,,
3.47,Top-tier,Business,West,4,1,2,Large,LinkedIn,4,49,3,0,,
3.62,Top-tier,STEM,Northeast,1,3,4,Large,LinkedIn,3,41,2,1,,
2.68,Lower-tier,Arts,Midwest,1,2,1,Medium,Handshake,4,28,1,0,,
3.38,Lower-tier,Business,South,0,4,1,Large,LinkedIn,5,53,1,0,,
3.34,Top-tier,Business,South,0,4,1,Large,Handshake,1,5,1,0,,
3.02,Mid-tier,STEM,Northeast,1,3,5,Large,LinkedIn,9,67,4,3,,
3.37,Mid-tier,Business,Northeast,1,0,3,Small,Handshake,5,57,7,0,,
3.68,Top-tier,STEM,Northeast,3,1,3,Medium,Handshake,3,15,1,0,,
3.65,Mid-tier,STEM,Midwest,0,3,1,Large,Handshake,7,37,2,2,,
3.19,Mid-tier,Business,West,0,1,5,Medium,Handshake,5,51,5,2,,
3.46,Mid-tier,STEM,South,0,0,3,Medium,LinkedIn,3,16,1,0,,
2.49,Lower-tier,Humanities,Northeast,0,0,6,Medium,LinkedIn,1,5,0,0,,
3.68,Lower-tier,STEM,Northeast,4,2,1,Medium,Handshake,4,20,2,1,,
3.59,Lower-tier,Healthcare,West,1,3,1,Small,Handshake,9,102,5,3,,
2.81,Mid-tier,Humanities,Northeast,1,4,4,Large,Handshake,2,5,2,2,,
3.68,Mid-tier,Humanities,South,1,2,2,Medium,LinkedIn,9,66,2,2,,
3.25,Top-tier,Humanities,South,3,3,3,Medium,LinkedIn,7,49,1,0,,
2.78,Mid-tier,STEM,South,0,3,3,Medium,Handshake,4,8,1,1,,
3.57,Mid-tier,Business,Midwest,1,2,2,Large,LinkedIn,12,124,3,2,,
2.85,Mid-tier,Business,West,3,1,4,Large,LinkedIn,8,86,2,1,,
3.13,Lower-tier,Humanities,South,1,2,5,Small,Handshake,8,29,2,1,,
3.52,Top-tier,Healthcare,Northeast,1,1,6,Small,LinkedIn,2,26,2,1,,
2.87,Mid-tier,STEM,Midwest,0,2,1,Medium,LinkedIn,5,44,3,3,,
3.31,Top-tier,STEM,South,1,1,4,Medium,Handshake,11,100,4,4,,
3.37,Mid-tier,STEM,Midwest,1,3,1,Medium,Handshake,12,50,2,2,,
3.23,Lower-tier,Business,Midwest,1,2,0,Medium,Indeed,7,124,4,1,,
3.66,Mid-tier,Humanities,West,2,1,2,Small,Handshake,1,5,0,0,,
3.61,Mid-tier,Humanities,Midwest,1,0,3,Medium,Handshake,3,12,1,0,,
3.93,Mid-tier,STEM,South,1,1,3,Large,Handshake,3,14,1,1,,
3.78,Mid-tier,Healthcare,Midwest,1,4,1,Large,Indeed,2,21,0,0,,
2.99,Mid-tier,Business,South,1,1,0,Medium,Indeed,6,74,4,3,,
3.72,Top-tier,STEM,Northeast,2,2,2,Large,Handshake,6,15,2,1,,
3.07,Mid-tier,Healthcare,Midwest,2,0,0,Medium,LinkedIn,8,40,1,0,,
3.22,Lower-tier,Humanities,Northeast,3,2,0,Large,LinkedIn,2,14,2,1,,
3.18,Lower-tier,STEM,Midwest,1,2,0,Medium,Handshake,10,63,6,4,,
3.66,Lower-tier,Humanities,Northeast,2,3,2,Small,LinkedIn,10,98,5,4,,
3.13,Lower-tier,Business,Northeast,2,2,2,Large,Indeed,10,118,0,0,,
4.0,Mid-tier,STEM,South,3,2,1,Small,Handshake,2,11,1,0,,
3.15,Lower-tier,Arts,South,2,3,3,Large,Indeed,4,62,0,0,,
3.59,Mid-tier,Humanities,Northeast,0,4,3,Medium,Handshake,9,34,2,2,,
3.29,Lower-tier,STEM,South,1,1,2,Small,Handshake,7,30,2,1,,
2.95,Mid-tier,Business,Midwest,1,6,3,Large,LinkedIn,6,58,3,2,,
3.67,Lower-tier,Humanities,West,0,2,1,Large,LinkedIn,3,32,1,0,,
3.56,Lower-tier,Business,West,3,1,1,Large,LinkedIn,7,36,1,0,,
3.18,Mid-tier,STEM,West,1,1,2,Large,Indeed,12,136,2,1,,
3.22,Lower-tier,Business,Midwest,3,4,2,Large,Indeed,4,14,2,1,,
3.4,Mid-tier,STEM,West,1,2,2,Large,Handshake,12,40,5,1,,
2.87,Mid-tier,Humanities,Midwest,2,0,1,Large,Handshake,5,33,1,1,,
2.94,Mid-tier,STEM,Midwest,3,3,2,Small,Handshake,2,18,0,0,,
3.27,Lower-tier,STEM,Northeast,1,2,3,Small,Indeed,8,112,0,0,,
3.58,Top-tier,STEM,Midwest,1,3,2,Medium,Indeed,12,228,3,2,,
2.9,Lower-tier,STEM,Northeast,2,1,3,Large,Indeed,11,196,4,2,,
3.79,Mid-tier,Arts,West,0,3,5,Small,Handshake,1,9,1,0,,
3.17,Mid-tier,Business,West,0,0,2,Large,LinkedIn,10,51,3,2,,
3.17,Mid-tier,Humanities,South,0,1,6,Medium,LinkedIn,5,55,4,0,,
3.61,Lower-tier,STEM,West,1,3,3,Large,Indeed,12,104,0,0,,
3.03,Mid-tier,Arts,Northeast,0,3,1,Medium,Handshake,6,28,2,2,,
3.07,Mid-tier,STEM,Northeast,1,2,2,Small,Handshake,6,38,4,2,,
3.15,Mid-tier,Business,West,4,3,4,Medium,Handshake,9,42,5,1,,
2.82,Lower-tier,Healthcare,West,1,3,2,Medium,Indeed,5,79,0,0,,
4.0,Top-tier,Healthcare,Midwest,2,0,2,Large,LinkedIn,5,31,2,2,,
2.83,Mid-tier,Arts,West,4,3,2,Medium,Indeed,1,15,0,0,,
2.73,Top-tier,Business,South,0,3,1,Small,LinkedIn,11,133,5,1,,
3.04,Mid-tier,Business,Midwest,2,2,3,Large,LinkedIn,8,72,4,4,,
4.0,Mid-tier,STEM,South,1,2,3,Medium,LinkedIn,3,17,2,2,,
2.78,Mid-tier,Business,Midwest,2,2,3,Large,Indeed,8,188,9,1,,
3.22,Lower-tier,Arts,West,1,1,4,Small,Indeed,6,79,1,1,,
2.93,Lower-tier,Business,Northeast,2,3,1,Medium,Handshake,8,94,10,4,,
2.77,Mid-tier,Business,West,3,2,1,Medium,Handshake,4,5,2,2,,
4.0,Mid-tier,Arts,South,1,1,5,Medium,LinkedIn,9,55,1,1,,
2.67,Mid-tier,Business,Midwest,0,0,5,Medium,Indeed,2,16,0,0,,
2.65,Mid-tier,STEM,South,1,3,3,Large,Indeed,4,46,1,0,,
3.5,Mid-tier,Business,Northeast,1,5,2,Large,LinkedIn,1,8,1,0,,
3.42,Lower-tier,Business,Midwest,1,3,4,Medium,LinkedIn,11,137,6,3,,
2.8,Lower-tier,Humanities,Midwest,2,3,2,Large,Indeed,2,20,2,2,,
2.61,Mid-tier,Humanities,Midwest,1,3,0,Small,Indeed,11,168,5,4,,
3.5,Mid-tier,STEM,South,1,1,1,Medium,Handshake,7,30,3,3,,
3.24,Mid-tier,Business,Midwest,2,2,3,Medium,LinkedIn,11,159,5,1,,
3.36,Top-tier,STEM,Midwest,2,2,0,Large,LinkedIn,7,47,2,2,,
2.95,Top-tier,Business,South,0,3,3,Large,LinkedIn,7,73,3,2,,
3.59,Top-tier,STEM,West,3,1,4,Large,Handshake,1,7,0,0,,
3.53,Mid-tier,Business,West,2,2,3,Small,LinkedIn,7,33,0,0,,
3.39,Mid-tier,STEM,Northeast,1,3,0,Small,Handshake,6,5,2,1,,
3.37,Mid-tier,Business,South,3,2,2,Large,LinkedIn,9,100,4,4,,
3.28,Lower-tier,Humanities,South,1,2,3,Large,Handshake,1,5,2,1,,
3.21,Lower-tier,STEM,West,3,6,3,Large,Indeed,5,50,0,0,,
3.0,Lower-tier,Humanities,Northeast,0,0,1,Medium,Handshake,9,48,4,1,,
3.1,Mid-tier,Business,South,1,2,0,Medium,LinkedIn,9,54,0,0,,
2.97,Lower-tier,Humanities,Midwest,1,1,3,Medium,Indeed,11,86,1,1,,
3.17,Mid-tier,Healthcare,South,1,2,2,Medium,LinkedIn,3,29,2,2,,
3.14,Top-tier,Business,South,1,0,2,Small,Handshake,8,54,2,2,,
3.39,Mid-tier,STEM,South,4,1,9,Medium,LinkedIn,12,136,6,1,,
2.97,Lower-tier,Business,Northeast,1,0,4,Large,LinkedIn,7,50,4,3,,
2.92,Lower-tier,Healthcare,Midwest,1,2,4,Large,LinkedIn,3,36,2,1,,
3.27,Mid-tier,Business,Midwest,1,2,0,Medium,LinkedIn,9,45,2,1,,
3.42,Mid-tier,STEM,Midwest,3,1,3,Medium,Indeed,3,27,0,0,,
3.44,Mid-tier,STEM,Midwest,3,3,2,Small,Indeed,9,153,2,1,,
3.51,Lower-tier,STEM,Northeast,0,1,3,Small,Handshake,4,39,4,2,,
3.4,Lower-tier,STEM,West,0,0,6,Large,LinkedIn,7,66,4,4,,
3.3,Top-tier,Humanities,Northeast,2,2,3,Large,LinkedIn,4,41,3,2,,
3.39,Lower-tier,Humanities,Midwest,1,1,3,Medium,Handshake,5,39,2,1,,
3.68,Lower-tier,STEM,Midwest,0,5,2,Small,Handshake,6,26,2,1,,
3.12,Lower-tier,STEM,West,2,1,3,Medium,Handshake,1,5,2,2,,
3.17,Mid-tier,Arts,Northeast,2,2,2,Large,Indeed,8,89,1,0,,
3.22,Lower-tier,STEM,West,0,3,3,Small,Handshake,4,36,3,2,,
2.86,Mid-tier,Humanities,South,4,1,6,Large,LinkedIn,5,5,0,0,,
3.03,Mid-tier,STEM,South,0,1,4,Medium,Handshake,11,60,8,3,,
3.65,Mid-tier,Humanities,Midwest,3,5,4,Medium,LinkedIn,5,25,2,1,,
2.34,Mid-tier,Humanities,West,1,3,3,Medium,Handshake,3,7,1,0,,
3.13,Lower-tier,Business,South,0,4,1,Large,LinkedIn,12,118,6,4,,
2.75,Mid-tier,Business,West,1,1,1,Medium,LinkedIn,3,18,2,1,,
3.87,Top-tier,STEM,South,0,2,2,Medium,LinkedIn,9,24,2,0,,
3.02,Mid-tier,Arts,Northeast,0,4,3,Small,LinkedIn,5,37,0,0,,
3.12,Mid-tier,Business,West,2,2,4,Large,Handshake,4,23,6,0,,
2.95,Top-tier,Business,West,3,2,6,Medium,Handshake,8,20,3,0,,
2.96,Lower-tier,Humanities,Midwest,2,1,2,Large,Indeed,2,30,0,0,,
2.86,Lower-tier,Healthcare,South,0,2,2,Large,Indeed,3,26,2,2,,
2.42,Mid-tier,STEM,Northeast,2,3,4,Medium,Handshake,2,5,0,0,,
3.72,Mid-tier,Humanities,Northeast,1,2,2,Large,Indeed,1,14,0,0,,
3.14,Lower-tier,Business,Midwest,3,2,2,Medium,Handshake,11,66,6,0,,
2.9,Lower-tier,Humanities,West,0,0,3,Large,Handshake,12,106,4,1,,
3.51,Lower-tier,Business,Midwest,2,1,5,Medium,LinkedIn,11,135,6,1,,
2.76,Lower-tier,Business,South,1,2,3,Large,LinkedIn,2,17,2,1,,
2.76,Mid-tier,STEM,Northeast,1,2,2,Medium,Handshake,7,15,0,0,,
3.24,Top-tier,Business,Northeast,3,2,1,Large,Indeed,12,106,1,0,,
3.76,Lower-tier,Humanities,Midwest,0,4,0,Large,LinkedIn,2,12,0,0,,
3.16,Lower-tier,STEM,West,0,2,1,Medium,Handshake,10,45,2,2,,
3.21,Mid-tier,STEM,West,2,4,1,Large,Indeed,5,96,1,0,,
3.11,Top-tier,STEM,Midwest,2,3,3,Large,LinkedIn,9,40,2,0,,
3.21,Mid-tier,STEM,West,1,1,4,Medium,LinkedIn,3,40,2,0,,
3.32,Mid-tier,Humanities,West,1,1,2,Medium,LinkedIn,12,74,2,2,,
3.18,Top-tier,Business,West,2,0,4,Medium,Handshake,12,40,2,0,,
3.54,Lower-tier,Healthcare,West,0,2,2,Medium,LinkedIn,3,53,3,1,,
3.4,Lower-tier,STEM,Northeast,1,0,3,Medium,Indeed,1,13,1,0,,
3.01,Lower-tier,Business,Northeast,1,3,3,Medium,Indeed,1,12,2,2,,
2.89,Mid-tier,Business,West,3,0,5,Large,Indeed,1,12,0,0,,
3.3,Mid-tier,Healthcare,Northeast,2,6,3,Large,Handshake,6,21,2,2,,
3.22,Mid-tier,Business,Midwest,1,3,5,Small,LinkedIn,7,49,2,1,,
3.33,Mid-tier,Business,South,1,2,3,Medium,LinkedIn,3,25,1,0,,
3.23,Lower-tier,STEM,South,0,3,3,Large,LinkedIn,12,120,5,0,,
3.35,Mid-tier,Business,South,0,3,4,Small,Indeed,7,113,1,0,,
2.44,Lower-tier,Business,South,0,3,3,Medium,LinkedIn,1,6,0,0,,
3.46,Lower-tier,STEM,South,0,2,2,Large,LinkedIn,6,49,3,0,,
2.73,Lower-tier,Humanities,West,0,0,5,Small,Handshake,4,26,2,0,,
3.83,Mid-tier,STEM,Northeast,1,3,3,Small,Handshake,4,28,2,2,,
3.28,Mid-tier,STEM,West,0,2,6,Large,LinkedIn,11,88,4,3,,
3.0,Lower-tier,STEM,West,2,4,1,Large,Handshake,8,25,2,2,,
3.48,Mid-tier,STEM,Northeast,2,2,2,Large,Handshake,2,18,2,1,,
3.35,Mid-tier,Business,Midwest,2,4,2,Large,LinkedIn,7,33,2,2,,
3.58,Mid-tier,Business,South,1,1,4,Small,Handshake,11,27,2,1,,
2.52,Mid-tier,Humanities,Midwest,3,1,2,Medium,Indeed,10,173,0,0,,
2.95,Mid-tier,Business,West,0,1,7,Large,Handshake,11,106,4,4,,
3.51,Mid-tier,Arts,Midwest,0,2,3,Small,LinkedIn,8,52,1,0,,
3.41,Mid-tier,STEM,Northeast,0,2,3,Large,LinkedIn,3,10,0,0,,
3.93,Mid-tier,STEM,Northeast,3,1,5,Small,Indeed,11,170,0,0,,
3.55,Lower-tier,STEM,Midwest,0,2,2,Small,Handshake,12,10,2,2,,
3.19,Top-tier,STEM,West,2,2,2,Large,LinkedIn,9,85,2,2,,
3.22,Lower-tier,Humanities,West,0,3,2,Medium,LinkedIn,1,11,2,0,,
3.28,Mid-tier,STEM,South,1,1,2,Small,Handshake,8,25,2,1,,
2.73,Mid-tier,Business,Midwest,0,0,0,Large,Indeed,1,9,0,0,,
3.11,Lower-tier,STEM,West,2,3,1,Large,Handshake,11,42,3,1,,
2.63,Mid-tier,Arts,Midwest,2,1,4,Small,Handshake,10,85,3,1,,
3.7,Mid-tier,STEM,Northeast,3,0,1,Small,Handshake,2,15,2,1,,
3.41,Mid-tier,Business,West,1,4,3,Large,LinkedIn,5,47,2,2,,
3.17,Top-tier,STEM,Northeast,1,2,3,Large,LinkedIn,5,57,3,1,,
2.92,Mid-tier,Business,Midwest,0,1,1,Medium,LinkedIn,12,70,1,0,,
2.93,Top-tier,STEM,Midwest,1,3,3,Large,Handshake,6,37,2,2,,
4.0,Mid-tier,Business,Northeast,3,3,4,Medium,Indeed,12,134,3,0,,
3.0,Lower-tier,STEM,Midwest,2,1,3,Large,LinkedIn,2,10,2,1,,
3.29,Top-tier,Business,Midwest,1,1,1,Small,Indeed,5,84,0,0,,
3.43,Mid-tier,Business,Northeast,1,1,3,Large,Handshake,7,19,2,2,,
2.8,Top-tier,STEM,Midwest,2,1,5,Large,Indeed,2,20,2,1,,
3.27,Lower-tier,STEM,Midwest,1,4,3,Medium,Handshake,11,84,6,2,,
3.11,Mid-tier,Business,South,1,1,4,Large,Indeed,5,85,2,1,,
2.88,Mid-tier,STEM,Northeast,1,3,1,Large,Handshake,10,90,11,5,,
4.0,Mid-tier,Business,West,2,2,1,Large,Handshake,7,5,2,2,,
3.49,Top-tier,Business,South,0,2,6,Large,Handshake,11,62,5,2,,
2.69,Top-tier,Humanities,South,1,3,7,Medium,Indeed,8,90,2,0,,
2.81,Lower-tier,Business,Midwest,0,1,3,Small,Indeed,6,56,1,0,,
2.63,Mid-tier,STEM,Northeast,1,4,2,Large,Indeed,12,162,0,0,,
3.13,Lower-tier,STEM,West,0,2,0,Medium,Handshake,9,48,4,1,,
3.04,Mid-tier,Business,South,4,6,8,Medium,Handshake,10,51,1,0,,
3.63,Lower-tier,Business,Northeast,0,7,2,Large,LinkedIn,10,83,4,3,,
2.5,Lower-tier,Healthcare,South,1,1,2,Medium,Handshake,6,30,4,1,,
3.82,Mid-tier,STEM,West,1,1,3,Large,Indeed,2,35,0,0,,
3.12,Mid-tier,Arts,Midwest,2,1,1,Large,Handshake,6,43,5,1,,
2.48,Mid-tier,STEM,Midwest,2,2,5,Small,Indeed,8,93,4,1,,
3.08,Mid-tier,STEM,Midwest,0,4,5,Medium,Indeed,11,62,3,2,,
3.85,Mid-tier,Business,South,1,0,5,Medium,Indeed,12,130,4,3,,
2.96,Mid-tier,Business,Midwest,1,1,0,Small,LinkedIn,1,5,1,1,,
3.1,Mid-tier,Humanities,South,1,3,5,Medium,Handshake,4,40,2,0,,
2.74,Lower-tier,Business,Midwest,1,0,0,Large,Indeed,9,13,0,0,,
2.85,Mid-tier,Business,South,3,0,5,Large,LinkedIn,6,66,2,1,,
2.98,Mid-tier,STEM,Northeast,3,5,1,Large,LinkedIn,8,80,2,1,,
2.0,Mid-tier,Humanities,Northeast,0,3,6,Medium,Handshake,11,97,3,1,,
2.6,Mid-tier,STEM,West,1,3,7,Large,LinkedIn,9,57,2,1,,
2.89,Mid-tier,Healthcare,Northeast,0,4,4,Large,LinkedIn,5,49,2,1,,
2.95,Mid-tier,Healthcare,Midwest,0,3,4,Large,LinkedIn,4,32,2,1,,
3.09,Mid-tier,STEM,West,3,0,2,Small,LinkedIn,11,88,3,2,,
2.43,Lower-tier,Business,West,0,5,4,Large,Indeed,2,18,1,0,,
3.25,Lower-tier,Humanities,Midwest,0,5,3,Medium,Handshake,6,9,2,2,,
3.37,Mid-tier,Business,Northeast,0,3,3,Small,LinkedIn,3,12,0,0,,
3.81,Lower-tier,Business,South,1,1,5,Medium,Indeed,1,9,0,0,,
3.05,Lower-tier,STEM,West,0,0,2,Medium,LinkedIn,5,53,3,1,,
3.25,Mid-tier,STEM,Northeast,3,3,4,Large,LinkedIn,1,9,2,2,,
3.16,Mid-tier,Business,West,2,2,6,Large,Indeed,1,12,2,1,,
4.0,Lower-tier,Healthcare,South,1,2,4,Medium,Indeed,3,41,0,0,,
3.43,Mid-tier,STEM,West,3,2,4,Large,Handshake,3,20,2,1,,
3.35,Top-tier,Business,West,0,0,1,Large,Indeed,9,76,1,0,,
3.8,Mid-tier,Humanities,Northeast,0,3,2,Medium,Handshake,7,16,1,0,,
3.5,Mid-tier,STEM,South,1,3,5,Medium,Handshake,5,10,1,0,,
3.54,Mid-tier,Business,West,2,1,7,Medium,LinkedIn,11,119,6,1,,
3.04,Lower-tier,Business,South,2,3,1,Medium,LinkedIn,11,133,5,3,,
3.1,Mid-tier,STEM,West,0,3,4,Medium,LinkedIn,5,20,2,1,,
3.13,Lower-tier,STEM,Northeast,0,2,6,Medium,Indeed,6,74,1,1,,
2.87,Lower-tier,Healthcare,Northeast,4,1,3,Medium,Handshake,10,13,2,1,,
3.31,Mid-tier,STEM,Midwest,0,3,3,Small,Handshake,4,14,2,2,,
2.44,Top-tier,Healthcare,South,0,2,0,Large,Handshake,3,7,2,1,,
2.82,Top-tier,Humanities,West,1,2,6,Small,LinkedIn,6,28,1,1,,
3.97,Lower-tier,STEM,Northeast,2,0,1,Medium,Indeed,2,27,1,1,,
3.57,Mid-tier,Humanities,Midwest,1,2,6,Medium,Handshake,6,11,1,0,,
2.59,Mid-tier,Business,Midwest,3,1,1,Medium,LinkedIn,7,33,2,1,,
3.61,Top-tier,Business,West,1,2,0,Large,LinkedIn,8,92,2,0,,
2.74,Lower-tier,Healthcare,South,1,4,2,Small,Handshake,3,14,2,1,,
3.32,Mid-tier,Healthcare,Midwest,3,1,4,Large,Handshake,4,18,2,1,,
2.82,Mid-tier,Business,Midwest,0,3,0,Large,Handshake,9,94,9,5,,
3.14,Lower-tier,STEM,West,1,0,7,Large,Handshake,3,11,2,2,,
2.95,Mid-tier,Healthcare,Midwest,0,0,4,Small,Handshake,3,9,1,0,,
3.28,Top-tier,Business,Northeast,1,0,3,Small,LinkedIn,1,13,1,0,,
3.08,Mid-tier,STEM,West,0,3,2,Large,LinkedIn,12,86,1,0,,
3.24,Mid-tier,Humanities,Northeast,1,4,2,Large,Handshake,11,91,4,1,,
3.88,Mid-tier,Business,Northeast,2,4,4,Small,LinkedIn,7,58,3,3,,
3.77,Mid-tier,Arts,South,3,2,1,Medium,Handshake,2,5,2,2,,
4.0,Lower-tier,Business,West,0,1,4,Medium,LinkedIn,2,18,0,0,,
3.45,Mid-tier,Arts,West,1,0,1,Large,Handshake,2,16,2,2,,
2.72,Mid-tier,Humanities,Northeast,0,3,2,Large,LinkedIn,9,124,1,1,,
3.11,Lower-tier,STEM,Northeast,1,3,4,Large,Indeed,11,183,1,0,,
3.01,Mid-tier,Arts,West,2,0,1,Small,LinkedIn,2,16,0,0,,
3.24,Lower-tier,Healthcare,Midwest,0,2,2,Large,Handshake,4,26,3,2,,
3.17,Mid-tier,Humanities,South,0,5,1,Small,Handshake,12,60,7,2,,
3.47,Lower-tier,Business,Midwest,0,1,2,Medium,Indeed,1,7,2,2,,
3.87,Top-tier,Arts,South,2,0,2,Large,LinkedIn,2,19,2,2,,
3.58,Mid-tier,Healthcare,West,2,3,2,Medium,Handshake,1,7,1,1,,
3.05,Lower-tier,Business,South,0,2,1,Medium,Handshake,7,35,3,1,,
3.0,Lower-tier,Humanities,Northeast,2,1,2,Large,Handshake,11,56,3,2,,
3.63,Lower-tier,STEM,Midwest,3,3,1,Large,Handshake,1,5,0,0,,
2.9,Lower-tier,STEM,Midwest,2,2,3,Large,LinkedIn,12,74,2,1,,
3.68,Lower-tier,Business,South,0,1,5,Large,LinkedIn,2,18,1,0,,
3.09,Lower-tier,STEM,Northeast,2,3,3,Small,Handshake,12,32,0,0,,
3.12,Mid-tier,Business,Midwest,0,1,3,Large,Handshake,9,5,0,0,,
3.33,Mid-tier,Arts,West,0,1,4,Large,LinkedIn,12,106,5,1,,
2.79,Lower-tier,STEM,West,1,1,3,Small,LinkedIn,12,108,1,0,,
3.19,Mid-tier,STEM,West,1,1,3,Medium,Indeed,11,128,4,1,,
3.18,Lower-tier,Business,Northeast,3,2,3,Medium,Indeed,9,135,0,0,,
3.45,Top-tier,Healthcare,Northeast,1,3,0,Large,Handshake,4,29,1,0,,
2.85,Top-tier,Business,West,4,3,1,Large,LinkedIn,3,29,2,2,,
3.09,Lower-tier,Humanities,Midwest,0,1,2,Medium,LinkedIn,5,72,4,2,,
3.11,Mid-tier,Business,South,1,3,6,Large,Indeed,6,104,6,2,,
3.16,Lower-tier,Business,West,0,3,2,Large,LinkedIn,4,26,2,1,,
3.0,Mid-tier,Humanities,Midwest,2,1,5,Large,LinkedIn,2,24,0,0,,
3.41,Lower-tier,Business,Northeast,3,1,1,Small,LinkedIn,6,74,4,2,,
3.88,Mid-tier,Humanities,Northeast,2,4,1,Large,Indeed,7,53,2,1,,
2.96,Top-tier,Business,Northeast,0,0,2,Large,LinkedIn,8,52,2,1,,
3.86,Mid-tier,Arts,Northeast,1,2,2,Large,Handshake,9,96,4,2,,
3.04,Mid-tier,Humanities,South,0,0,3,Large,Handshake,9,54,4,1,,
3.23,Lower-tier,Business,West,1,3,7,Small,Handshake,2,11,0,0,,
3.26,Top-tier,STEM,Northeast,2,2,7,Medium,Handshake,1,5,0,0,,
3.45,Mid-tier,Business,West,1,2,2,Medium,LinkedIn,7,51,0,0,,
2.8,Top-tier,Business,West,1,3,3,Medium,Handshake,5,25,1,0,,
2.65,Mid-tier,Healthcare,South,0,6,3,Large,Indeed,9,130,0,0,,
2.81,Top-tier,STEM,Midwest,2,2,2,Large,LinkedIn,10,83,4,2,,
3.35,Top-tier,Business,Midwest,1,1,1,Small,Handshake,1,5,2,1,,
2.72,Top-tier,STEM,West,0,2,1,Large,LinkedIn,12,140,3,1,,
3.37,Mid-tier,STEM,Midwest,0,3,1,Medium,Indeed,3,15,0,0,,
3.11,Top-tier,STEM,Midwest,0,0,3,Small,Handshake,4,7,0,0,,
3.03,Mid-tier,Business,West,3,3,2,Medium,LinkedIn,7,56,2,2,,
3.35,Lower-tier,Business,South,1,2,1,Medium,Indeed,7,148,0,0,,
3.71,Mid-tier,Business,Northeast,1,2,5,Medium,Handshake,4,13,2,1,,
3.41,Lower-tier,Arts,Northeast,0,1,1,Small,Indeed,1,9,2,1,,
2.74,Mid-tier,STEM,Midwest,0,1,3,Small,Handshake,9,76,9,3,,
3.19,Lower-tier,Business,Midwest,0,2,4,Small,Indeed,7,158,3,2,,
3.09,Lower-tier,Humanities,Midwest,1,0,4,Medium,Indeed,6,93,0,0,,
3.0,Lower-tier,Arts,Northeast,1,2,3,Medium,Handshake,6,41,3,0,,
3.0,Mid-tier,Healthcare,Northeast,1,3,3,Medium,LinkedIn,1,12,2,1,,
3.23,Mid-tier,Business,Northeast,0,1,4,Medium,LinkedIn,7,57,2,1,,
3.63,Mid-tier,Healthcare,Northeast,0,1,2,Medium,Indeed,11,62,0,0,,
2.6,Mid-tier,Business,South,1,3,4,Small,LinkedIn,5,43,2,1,,
3.35,Top-tier,STEM,West,2,2,4,Medium,LinkedIn,2,11,0,0,,
3.41,Mid-tier,STEM,Midwest,2,5,4,Medium,Indeed,12,176,1,0,,
3.43,Mid-tier,Business,Northeast,2,1,3,Medium,LinkedIn,9,25,1,1,,
2.7,Lower-tier,Humanities,West,0,1,3,Medium,Indeed,1,8,0,0,,
2.16,Lower-tier,STEM,West,3,1,3,Small,Handshake,6,42,4,1,,
3.08,Mid-tier,Humanities,South,0,1,3,Large,LinkedIn,2,23,3,0,,
3.32,Lower-tier,STEM,Midwest,2,2,3,Small,Handshake,1,5,0,0,,
2.2,Lower-tier,STEM,South,2,3,4,Large,Handshake,5,22,1,0,,
2.84,Lower-tier,Healthcare,Northeast,0,0,4,Medium,LinkedIn,6,57,2,2,,
3.7,Top-tier,Healthcare,Northeast,1,1,1,Medium,LinkedIn,11,161,5,5,,
3.66,Mid-tier,Healthcare,Northeast,1,4,4,Medium,LinkedIn,11,97,5,3,,
3.17,Top-tier,Healthcare,South,4,1,2,Medium,Indeed,1,20,0,0,,
3.47,Mid-tier,STEM,Northeast,1,2,6,Large,Handshake,11,34,2,2,,
2.5,Top-tier,STEM,Northeast,2,1,7,Large,Handshake,11,80,7,3,,
3.13,Lower-tier,Healthcare,Midwest,2,0,3,Small,LinkedIn,11,64,5,0,,
2.75,Mid-tier,STEM,West,0,2,4,Large,LinkedIn,6,58,1,0,,
3.32,Mid-tier,STEM,South,2,4,2,Large,Handshake,9,52,2,1,,
2.77,Lower-tier,Healthcare,Midwest,1,1,1,Medium,Handshake,12,116,9,4,,
2.46,Lower-tier,Business,Northeast,0,0,1,Large,LinkedIn,12,140,4,0,,
3.11,Top-tier,Humanities,Northeast,0,3,2,Small,LinkedIn,1,5,0,0,,
2.26,Lower-tier,Healthcare,Midwest,0,3,2,Large,LinkedIn,11,95,7,0,,
3.12,Lower-tier,Healthcare,South,2,0,2,Large,LinkedIn,8,46,0,0,,
3.16,Lower-tier,STEM,Midwest,0,2,3,Medium,Indeed,6,75,1,0,,
3.54,Mid-tier,STEM,South,4,3,5,Small,Handshake,5,15,2,1,,
3.49,Top-tier,STEM,South,2,1,1,Small,LinkedIn,11,135,3,2,,
2.89,Top-tier,Business,West,2,2,7,Medium,LinkedIn,7,67,1,1,,
3.22,Lower-tier,Healthcare,Midwest,0,2,8,Large,Indeed,5,93,3,2,,
3.1,Mid-tier,Arts,Midwest,3,2,3,Small,Handshake,10,5,1,0,,
2.8,Mid-tier,Business,West,3,2,7,Large,LinkedIn,6,55,3,2,,
3.54,Mid-tier,STEM,West,0,2,2,Large,Indeed,2,13,0,0,,
3.0,Top-tier,STEM,Midwest,3,2,4,Large,Handshake,5,15,2,1,,
3.48,Lower-tier,STEM,Midwest,0,4,3,Medium,LinkedIn,9,58,4,2,,
3.2,Lower-tier,STEM,Midwest,2,3,3,Small,LinkedIn,11,166,6,1,,
2.81,Mid-tier,Business,West,1,5,2,Large,LinkedIn,7,91,4,3,,
3.59,Lower-tier,Business,West,1,4,9,Medium,LinkedIn,6,45,2,1,,
3.21,Lower-tier,Business,Midwest,1,2,3,Medium,Handshake,5,20,0,0,,
3.54,Mid-tier,Humanities,West,1,4,3,Large,Handshake,9,24,1,0,,
2.72,Lower-tier,Healthcare,Midwest,1,2,1,Small,Handshake,6,55,4,1,,
3.54,Mid-tier,Business,Midwest,0,2,2,Large,LinkedIn,4,26,0,0,,
3.02,Mid-tier,Humanities,Northeast,0,2,1,Small,Handshake,11,47,5,2,,
3.0,Mid-tier,STEM,South,0,0,3,Large,Handshake,5,30,5,2,,
3.56,Top-tier,Healthcare,South,1,1,7,Large,LinkedIn,7,43,3,3,,
3.63,Lower-tier,STEM,West,2,1,1,Large,Handshake,8,18,2,1,,
3.44,Lower-tier,Humanities,Midwest,1,2,3,Large,Handshake,11,89,4,3,,
3.23,Mid-tier,Business,West,2,0,2,Medium,LinkedIn,7,85,3,0,,
3.0,Mid-tier,Arts,West,0,1,5,Large,LinkedIn,9,96,2,0,,
3.14,Mid-tier,STEM,Midwest,1,2,2,Large,Handshake,4,12,2,2,,
3.04,Mid-tier,Humanities,West,2,4,0,Small,Handshake,6,24,2,2,,
3.73,Mid-tier,STEM,Northeast,1,0,4,Small,Handshake,11,44,3,1,,
3.57,Mid-tier,Business,Northeast,0,1,4,Large,LinkedIn,7,70,3,2,,
2.98,Lower-tier,Humanities,Midwest,2,0,3,Small,Handshake,8,42,3,1,,
3.74,Lower-tier,STEM,West,1,2,5,Medium,Indeed,8,66,4,4,,
3.4,Mid-tier,Humanities,South,0,1,6,Large,Handshake,1,8,0,0,,
3.49,Lower-tier,STEM,South,2,0,1,Small,Handshake,5,17,1,0,,
2.75,Mid-tier,STEM,Northeast,0,1,3,Medium,Indeed,4,18,1,0,,
3.05,Lower-tier,Business,South,4,0,3,Large,Handshake,3,17,2,2,,
2.96,Mid-tier,Arts,Northeast,0,2,5,Large,Indeed,2,37,1,0,,
3.17,Mid-tier,Arts,South,0,3,2,Medium,Handshake,8,53,2,1,,
3.26,Mid-tier,Business,Midwest,3,1,2,Medium,Indeed,7,57,1,0,,
2.97,Lower-tier,Arts,West,1,3,5,Small,Handshake,10,46,5,2,,
2.8,Lower-tier,Business,South,1,0,2,Medium,LinkedIn,4,37,2,1,,
3.04,Mid-tier,STEM,West,3,1,3,Medium,Indeed,10,130,1,0,,
2.65,Lower-tier,STEM,South,2,5,3,Small,Handshake,8,64,8,2,,
3.23,Lower-tier,STEM,Midwest,1,0,3,Medium,Indeed,5,25,0,0,,
2.88,Top-tier,Healthcare,West,0,4,2,Small,LinkedIn,12,74,1,1,,
3.24,Mid-tier,Business,South,1,1,4,Large,Indeed,11,199,1,1,,
2.81,Mid-tier,STEM,Midwest,4,3,3,Large,Indeed,8,58,0,0,,
2.47,Lower-tier,Healthcare,West,0,3,1,Medium,Handshake,6,23,3,1,,
2.87,Lower-tier,STEM,South,3,3,2,Small,Handshake,4,35,2,2,,
2.85,Mid-tier,STEM,South,1,0,2,Large,Indeed,9,148,0,0,,
3.66,Mid-tier,Healthcare,Northeast,3,1,0,Large,Handshake,10,36,1,1,,
3.02,Lower-tier,Business,West,3,2,4,Small,Indeed,6,98,5,2,,
3.99,Lower-tier,Healthcare,Midwest,1,2,4,Medium,LinkedIn,1,7,2,2,,
3.07,Mid-tier,Business,South,1,2,1,Small,Indeed,10,76,1,0,,
4.0,Top-tier,Business,Northeast,1,4,4,Small,Handshake,6,34,2,1,,
3.25,Mid-tier,STEM,West,2,1,4,Large,Indeed,4,24,2,2,,
3.31,Mid-tier,Humanities,Midwest,1,0,4,Medium,Indeed,5,30,0,0,,
2.83,Lower-tier,STEM,West,0,2,4,Medium,LinkedIn,7,46,0,0,,
3.17,Mid-tier,STEM,West,2,2,6,Medium,Handshake,6,37,6,1,,
4.0,Top-tier,STEM,South,1,2,1,Small,LinkedIn,9,66,2,1,,
3.02,Mid-tier,Business,Midwest,1,3,1,Large,LinkedIn,10,48,2,1,,
3.54,Lower-tier,STEM,Midwest,1,2,2,Medium,Handshake,5,5,0,0,,
3.43,Lower-tier,Arts,South,3,4,4,Medium,Indeed,6,62,4,3,,
2.87,Lower-tier,Business,Midwest,0,4,5,Small,Handshake,3,21,1,1,,
2.87,Mid-tier,STEM,Northeast,3,2,5,Small,Handshake,12,84,2,2,,
2.59,Mid-tier,STEM,South,0,0,2,Large,LinkedIn,5,59,2,0,,
3.56,Mid-tier,STEM,West,3,1,2,Small,Indeed,6,111,2,1,,
3.24,Lower-tier,STEM,West,1,2,1,Large,LinkedIn,8,94,7,3,,
3.24,Lower-tier,STEM,West,0,0,0,Small,Handshake,3,20,3,1,,
3.56,Lower-tier,Arts,South,0,0,5,Medium,LinkedIn,7,43,3,0,,
3.3,Mid-tier,Business,South,0,2,2,Small,LinkedIn,11,88,3,0,,
3.32,Lower-tier,Business,Midwest,0,1,1,Small,Handshake,7,74,2,2,,
3.33,Lower-tier,STEM,West,2,1,6,Medium,LinkedIn,7,89,3,3,,
4.0,Top-tier,Healthcare,West,1,1,1,Medium,LinkedIn,8,104,5,1,,
2.64,Mid-tier,Business,Northeast,2,1,4,Large,Handshake,12,56,3,2,,
4.0,Mid-tier,STEM,South,0,1,0,Small,Handshake,1,5,2,2,,
3.42,Lower-tier,Business,Midwest,0,2,1,Medium,LinkedIn,7,106,5,5,,
3.53,Mid-tier,Healthcare,Northeast,0,1,6,Large,Handshake,2,7,2,2,,
3.38,Lower-tier,Business,South,1,2,0,Small,Indeed,8,65,0,0,,
3.45,Mid-tier,Business,South,0,4,1,Medium,LinkedIn,3,5,0,0,,
3.25,Mid-tier,STEM,Northeast,2,1,1,Small,Handshake,9,5,1,0,,
3.42,Mid-tier,STEM,Northeast,1,4,1,Large,LinkedIn,12,98,3,2,,
2.74,Mid-tier,Business,Midwest,1,0,0,Large,LinkedIn,6,52,4,2,,
2.63,Mid-tier,Business,Midwest,3,4,0,Large,Handshake,2,8,0,0,,
3.18,Mid-tier,STEM,Midwest,1,1,3,Medium,LinkedIn,10,113,2,2,,
2.88,Lower-tier,Arts,Northeast,2,2,1,Small,Indeed,10,131,6,1,,
3.26,Mid-tier,STEM,South,0,1,5,Large,Indeed,11,240,2,1,,
2.82,Lower-tier,Healthcare,South,0,1,6,Large,Indeed,11,97,2,2,,
3.87,Lower-tier,Humanities,Midwest,2,2,5,Large,Handshake,8,29,2,2,,
2.99,Mid-tier,STEM,South,2,0,3,Large,Indeed,1,22,2,2,,
3.29,Mid-tier,Business,West,1,0,3,Large,LinkedIn,9,45,3,3,,
2.82,Mid-tier,Healthcare,West,1,2,5,Large,Indeed,9,142,1,0,,
3.23,Lower-tier,Humanities,South,1,3,4,Medium,Indeed,12,98,0,0,,
3.36,Top-tier,Healthcare,South,0,3,3,Large,Indeed,8,196,7,7,,
3.63,Mid-tier,STEM,Northeast,2,0,5,Large,Handshake,12,32,2,1,,
2.83,Mid-tier,Healthcare,Midwest,0,1,4,Medium,LinkedIn,3,24,0,0,,
3.37,Mid-tier,Business,Northeast,1,4,1,Large,Handshake,12,54,3,2,,
3.34,Lower-tier,STEM,West,0,4,0,Large,LinkedIn,1,5,0,0,,
2.2,Lower-tier,STEM,South,1,0,6,Large,Indeed,10,145,2,1,,
2.98,Lower-tier,STEM,Midwest,0,4,4,Large,LinkedIn,4,53,1,1,,
3.93,Lower-tier,STEM,Midwest,2,1,5,Medium,Handshake,4,16,2,2,,
3.71,Mid-tier,Business,Northeast,0,2,4,Large,Indeed,2,22,0,0,,
3.0,Mid-tier,Arts,South,1,0,2,Large,LinkedIn,10,86,6,0,,
3.64,Lower-tier,Business,West,5,2,2,Medium,LinkedIn,8,65,3,1,,
3.19,Lower-tier,Business,West,1,1,2,Medium,LinkedIn,1,13,2,1,,
2.57,Top-tier,STEM,Northeast,2,4,3,Medium,Handshake,2,10,1,1,,
2.73,Mid-tier,STEM,South,3,1,5,Large,Indeed,6,75,4,3,,
3.6,Top-tier,Business,Midwest,0,0,2,Large,LinkedIn,2,22,2,1,,
3.94,Lower-tier,STEM,Midwest,2,0,6,Small,LinkedIn,9,42,2,0,,
2.94,Lower-tier,Business,West,2,2,4,Medium,Indeed,10,135,2,1,,
2.99,Mid-tier,Humanities,South,0,2,4,Large,LinkedIn,6,55,2,2,,
2.54,Lower-tier,STEM,Midwest,3,5,5,Medium,Indeed,12,174,2,0,,
3.35,Mid-tier,Humanities,South,0,1,3,Medium,LinkedIn,7,80,6,3,,
3.06,Lower-tier,STEM,South,1,2,2,Medium,Handshake,1,7,2,1,,
3.81,Top-tier,Humanities,South,3,3,0,Large,Indeed,9,121,7,2,,
3.77,Mid-tier,Humanities,South,1,1,7,Small,LinkedIn,11,146,8,1,,
3.28,Lower-tier,Business,Northeast,0,4,3,Medium,LinkedIn,1,5,0,0,,
3.6,Mid-tier,Business,Midwest,0,3,3,Medium,LinkedIn,2,19,0,0,,
3.07,Top-tier,Humanities,Midwest,1,2,2,Medium,Indeed,11,221,2,1,,
3.68,Mid-tier,Business,South,0,4,4,Medium,Handshake,4,14,2,2,,
2.76,Lower-tier,Healthcare,Midwest,2,1,3,Large,Handshake,1,5,0,0,,
3.82,Mid-tier,Business,Midwest,1,4,3,Small,LinkedIn,1,9,2,2,,
3.46,Lower-tier,Healthcare,South,2,1,1,Large,Handshake,2,5,2,1,,
3.27,Mid-tier,STEM,West,0,4,4,Large,Indeed,2,22,0,0,,
2.97,Mid-tier,Business,Midwest,0,1,3,Medium,LinkedIn,3,42,1,0,,
3.78,Lower-tier,STEM,South,2,3,1,Large,Handshake,4,30,1,0,,
3.02,Lower-tier,Business,Northeast,4,3,0,Medium,LinkedIn,9,91,5,2,,
3.32,Mid-tier,Business,West,0,1,3,Medium,Handshake,1,8,1,0,,
3.21,Lower-tier,STEM,West,1,1,1,Large,Handshake,12,38,3,0,,
3.02,Mid-tier,Healthcare,Northeast,1,1,6,Medium,Handshake,7,40,2,2,,
3.88,Lower-tier,Business,South,1,2,3,Large,Indeed,4,10,2,1,,
3.65,Top-tier,STEM,West,0,1,4,Medium,Handshake,8,69,2,2,,
2.96,Mid-tier,Humanities,South,0,2,0,Medium,Handshake,2,13,1,1,,
3.82,Lower-tier,STEM,Northeast,1,0,1,Medium,LinkedIn,5,13,1,0,,
2.94,Top-tier,STEM,South,4,3,1,Medium,Handshake,5,20,3,1,,
3.23,Mid-tier,STEM,South,0,3,3,Medium,Handshake,10,93,3,2,,
3.03,Lower-tier,STEM,South,3,4,2,Medium,Indeed,4,25,0,0,,
3.24,Mid-tier,Humanities,South,1,2,3,Large,Handshake,1,5,1,0,,
3.11,Top-tier,Healthcare,Northeast,2,5,3,Medium,LinkedIn,10,88,4,4,,
2.69,Mid-tier,Humanities,West,1,0,3,Medium,Indeed,7,98,0,0,,
3.04,Mid-tier,STEM,Northeast,3,0,3,Large,Handshake,12,66,3,1,,
2.97,Mid-tier,Humanities,South,3,4,1,Small,Handshake,4,20,2,2,,
2.76,Mid-tier,Humanities,Midwest,1,2,2,Small,LinkedIn,6,19,1,0,,
3.21,Lower-tier,Healthcare,Northeast,0,1,5,Small,Indeed,2,20,0,0,,
3.45,Lower-tier,Healthcare,Northeast,0,1,3,Large,LinkedIn,2,7,1,0,,
3.13,Mid-tier,STEM,Midwest,0,0,1,Large,LinkedIn,1,5,2,2,,
3.65,Top-tier,Humanities,Northeast,0,2,3,Medium,Handshake,3,12,1,0,,
2.55,Lower-tier,Business,Midwest,1,2,1,Medium,LinkedIn,8,86,1,0,,
3.58,Top-tier,STEM,West,0,8,2,Small,Handshake,1,7,0,0,,
2.81,Top-tier,STEM,Midwest,1,0,6,Medium,Indeed,9,171,2,1,,
3.3,Mid-tier,Business,South,1,0,4,Medium,LinkedIn,6,5,0,0,,
3.24,Top-tier,Humanities,South,0,0,2,Large,Handshake,1,6,0,0,,
3.6,Mid-tier,Business,Northeast,2,3,4,Small,LinkedIn,8,74,4,1,,
3.02,Lower-tier,Business,West,4,1,4,Large,LinkedIn,6,46,2,1,,
3.33,Mid-tier,STEM,South,1,2,7,Small,Handshake,11,60,2,2,,
2.61,Lower-tier,Arts,South,1,4,3,Small,Handshake,11,67,2,1,,
3.61,Mid-tier,Humanities,Northeast,1,4,3,Large,Handshake,4,6,2,1,,
3.27,Mid-tier,Humanities,Northeast,1,1,5,Large,LinkedIn,2,16,2,2,,
3.01,Mid-tier,Healthcare,West,1,0,3,Large,LinkedIn,3,23,1,0,,
2.9,Lower-tier,STEM,South,0,0,2,Small,Handshake,7,29,2,1,,
2.63,Top-tier,Arts,South,1,4,2,Large,LinkedIn,5,53,2,0,,
3.3,Mid-tier,STEM,South,1,1,2,Medium,Handshake,4,23,2,1,,
3.06,Top-tier,Humanities,South,4,3,3,Medium,Indeed,12,236,6,4,,
4.0,Lower-tier,Humanities,Midwest,1,2,1,Medium,Handshake,1,5,2,1,,
3.2,Lower-tier,Humanities,West,1,3,3,Large,LinkedIn,9,87,5,0,,
2.98,Mid-tier,Business,Northeast,0,1,3,Medium,LinkedIn,7,58,2,1,,
3.19,Mid-tier,STEM,South,2,2,1,Small,Handshake,8,61,4,0,,
3.04,Mid-tier,STEM,Midwest,2,2,4,Medium,Handshake,9,55,7,2,,
3.3,Top-tier,STEM,Midwest,2,3,3,Medium,LinkedIn,12,122,2,1,,
3.23,Lower-tier,STEM,Northeast,1,5,1,Medium,LinkedIn,10,90,1,0,,
2.64,Top-tier,STEM,Midwest,2,4,4,Medium,LinkedIn,5,40,3,2,,
4.0,Top-tier,Healthcare,South,1,1,2,Large,LinkedIn,9,55,2,1,,
3.95,Lower-tier,STEM,South,2,1,3,Medium,Handshake,1,5,2,2,,
3.27,Mid-tier,Business,West,4,4,2,Large,Handshake,8,50,3,1,,
3.09,Mid-tier,Healthcare,South,2,2,0,Small,Indeed,10,128,5,3,,
3.43,Mid-tier,Healthcare,West,2,2,5,Medium,LinkedIn,3,27,2,2,,
3.71,Top-tier,Healthcare,West,4,3,3,Small,LinkedIn,2,13,2,2,,
2.38,Mid-tier,STEM,Northeast,0,1,2,Medium,Indeed,5,20,0,0,,
2.89,Mid-tier,Humanities,Midwest,0,6,3,Small,LinkedIn,10,68,1,0,,
2.54,Lower-tier,STEM,Midwest,2,1,5,Medium,Handshake,1,6,0,0,,
2.88,Mid-tier,Business,Midwest,2,1,8,Medium,LinkedIn,2,7,0,0,,
3.52,Mid-tier,STEM,Midwest,1,4,7,Large,Handshake,3,7,2,1,,
3.24,Lower-tier,Business,Northeast,0,2,1,Large,LinkedIn,7,63,3,1,,
2.94,Mid-tier,Humanities,South,0,2,2,Medium,Indeed,5,100,3,1,,
3.28,Mid-tier,Arts,South,2,3,1,Small,LinkedIn,10,103,4,2,,
3.45,Lower-tier,Humanities,Northeast,1,2,2,Large,Handshake,6,14,3,1,,
2.74,Lower-tier,STEM,West,0,2,6,Large,LinkedIn,5,37,3,0,,
3.9,Mid-tier,Humanities,West,2,4,2,Medium,Handshake,6,57,7,1,,
3.36,Top-tier,Humanities,Northeast,0,1,3,Medium,Indeed,11,97,1,1,,
2.84,Mid-tier,Business,West,0,3,2,Large,Indeed,1,15,1,1,,
2.83,Mid-tier,Healthcare,Midwest,1,2,2,Large,Handshake,9,5,2,2,,
3.66,Lower-tier,Healthcare,Midwest,1,0,4,Large,Handshake,8,68,3,2,,
3.47,Mid-tier,Humanities,Midwest,1,3,7,Large,Handshake,2,6,0,0,,
2.85,Lower-tier,Humanities,West,0,1,2,Large,Handshake,4,20,2,2,,
3.91,Mid-tier,Business,South,1,2,3,Large,LinkedIn,8,33,3,0,,
2.88,Mid-tier,Business,Midwest,1,1,5,Medium,Indeed,2,40,0,0,,
3.16,Lower-tier,Healthcare,South,2,2,2,Large,LinkedIn,9,60,6,0,,
3.05,Mid-tier,STEM,West,4,0,5,Medium,Indeed,7,117,2,0,,
3.0,Mid-tier,STEM,South,1,4,5,Medium,LinkedIn,4,20,1,0,,
3.23,Top-tier,Healthcare,Midwest,3,2,3,Medium,LinkedIn,5,50,2,2,,
3.52,Lower-tier,Humanities,West,2,1,3,Medium,Indeed,5,85,0,0,,
3.69,Mid-tier,Healthcare,Midwest,0,1,4,Small,Handshake,11,71,9,3,,
3.12,Lower-tier,Healthcare,Northeast,2,0,2,Medium,Handshake,6,13,2,2,,
3.64,Lower-tier,Humanities,West,2,1,2,Large,Handshake,9,30,1,0,,
3.46,Mid-tier,Healthcare,West,1,2,3,Large,LinkedIn,8,90,5,1,,
3.48,Lower-tier,Business,Midwest,4,3,3,Large,LinkedIn,7,77,3,2,,
3.28,Mid-tier,Business,Northeast,1,2,4,Small,Handshake,4,32,0,0,,
3.03,Mid-tier,Business,Midwest,0,3,1,Large,Handshake,3,12,0,0,,
3.33,Mid-tier,STEM,Northeast,4,2,2,Large,LinkedIn,11,53,3,1,,
3.2,Mid-tier,STEM,South,0,1,3,Large,LinkedIn,6,57,1,1,,
2.98,Mid-tier,Business,Northeast,1,2,3,Large,Indeed,10,105,2,1,,
3.32,Lower-tier,Business,Midwest,3,2,3,Small,Handshake,5,13,2,1,,
3.05,Lower-tier,Business,South,1,1,3,Small,Indeed,2,17,2,2,,
3.12,Lower-tier,Business,West,0,1,2,Large,LinkedIn,10,78,5,2,,
3.19,Mid-tier,Healthcare,South,0,2,5,Medium,Indeed,1,9,0,0,,
3.77,Mid-tier,Healthcare,Midwest,1,2,5,Large,Indeed,5,85,3,1,,
2.41,Lower-tier,Healthcare,Northeast,1,3,3,Large,Indeed,1,9,0,0,,
3.23,Top-tier,Business,South,1,2,4,Medium,Handshake,11,77,5,2,,
3.27,Mid-tier,Business,Midwest,3,1,4,Large,LinkedIn,8,53,2,1,,
2.67,Mid-tier,STEM,Northeast,0,3,4,Small,Handshake,11,31,0,0,,
3.36,Top-tier,Healthcare,Northeast,0,2,6,Medium,LinkedIn,3,42,3,3,,
3.26,Top-tier,STEM,South,0,1,4,Medium,LinkedIn,9,94,2,2,,
3.85,Mid-tier,STEM,Northeast,2,1,2,Large,Handshake,2,19,2,1,,
3.68,Top-tier,Humanities,Midwest,0,3,4,Large,LinkedIn,3,7,0,0,,
3.29,Lower-tier,Healthcare,Northeast,0,1,0,Medium,Indeed,11,154,2,0,,
3.14,Lower-tier,STEM,Northeast,2,1,2,Medium,Indeed,7,115,2,0,,
3.57,Mid-tier,STEM,Northeast,2,3,5,Small,Handshake,6,34,2,1,,
3.59,Mid-tier,STEM,Northeast,0,4,3,Large,Handshake,2,5,2,1,,
2.64,Mid-tier,Arts,Northeast,1,0,0,Large,Handshake,3,18,1,0,,
2.91,Lower-tier,Business,South,1,1,0,Small,LinkedIn,9,106,6,6,,
2.87,Lower-tier,Healthcare,West,0,2,0,Large,Indeed,11,47,0,0,,
3.16,Lower-tier,Humanities,West,1,1,4,Medium,Handshake,4,26,3,0,,
3.6,Top-tier,Humanities,South,1,0,6,Medium,LinkedIn,7,72,1,0,,
3.05,Lower-tier,STEM,South,2,6,4,Large,Indeed,5,6,0,0,,
3.34,Lower-tier,Arts,Midwest,2,1,2,Medium,Handshake,5,36,3,1,,
2.0,Lower-tier,STEM,West,1,3,3,Small,Handshake,5,39,2,2,,
2.92,Lower-tier,STEM,South,0,0,2,Small,Handshake,7,54,3,1,,
3.25,Mid-tier,Business,West,1,2,3,Medium,Handshake,8,14,2,1,,
3.72,Mid-tier,Business,South,0,2,1,Medium,LinkedIn,4,37,3,0,,
3.49,Mid-tier,STEM,West,3,2,1,Small,Handshake,6,19,2,1,,
2.83,Lower-tier,Humanities,Midwest,3,2,1,Small,Handshake,5,20,1,1,,
2.67,Lower-tier,Business,West,0,4,3,Medium,Handshake,12,106,11,2,,
2.84,Mid-tier,Humanities,West,2,2,3,Medium,LinkedIn,8,82,5,0,,
2.87,Top-tier,Business,Northeast,5,3,4,Large,LinkedIn,9,112,5,1,,
3.51,Lower-tier,Humanities,West,2,2,7,Medium,Indeed,8,82,4,4,,
2.47,Mid-tier,Business,Northeast,0,2,4,Medium,LinkedIn,3,24,1,0,,
3.01,Lower-tier,Humanities,South,1,2,5,Small,Handshake,5,11,2,2,,
3.34,Mid-tier,Business,Northeast,2,0,3,Large,LinkedIn,7,26,2,2,,
3.01,Top-tier,STEM,South,3,2,7,Small,Indeed,10,125,0,0,,
3.64,Mid-tier,STEM,Northeast,2,3,2,Medium,LinkedIn,3,11,2,1,,
3.26,Mid-tier,Business,South,0,3,4,Medium,Handshake,6,31,0,0,,
2.47,Lower-tier,Arts,Midwest,1,2,4,Small,Handshake,9,49,4,0,,
3.3,Mid-tier,Arts,Northeast,2,3,4,Medium,Handshake,6,36,2,1,,
2.88,Mid-tier,STEM,West,1,3,3,Medium,Indeed,8,90,4,4,,
3.63,Lower-tier,Healthcare,Midwest,2,1,2,Small,Indeed,3,46,3,3,,
2.5,Lower-tier,STEM,West,3,0,7,Large,LinkedIn,4,34,2,2,,
3.2,Top-tier,Humanities,South,1,1,3,Large,Indeed,3,20,0,0,,
2.98,Lower-tier,Business,Northeast,0,6,3,Medium,Handshake,7,22,3,0,,
3.09,Mid-tier,Humanities,South,1,2,5,Medium,LinkedIn,3,22,1,0,,
2.84,Mid-tier,Humanities,Northeast,2,2,3,Small,Handshake,10,53,6,1,,
3.45,Mid-tier,STEM,Midwest,2,1,3,Large,Indeed,11,150,3,3,,
3.88,Mid-tier,STEM,Midwest,1,1,5,Medium,LinkedIn,2,16,1,0,,
3.09,Lower-tier,Business,Northeast,1,2,2,Medium,LinkedIn,2,28,0,0,,
2.85,Mid-tier,Business,West,2,2,1,Large,LinkedIn,4,28,2,2,,
3.39,Mid-tier,Humanities,Midwest,1,2,4,Medium,Indeed,3,28,1,0,,
3.93,Lower-tier,STEM,Midwest,2,4,5,Medium,Indeed,4,46,3,1,,
2.51,Mid-tier,Healthcare,South,3,5,1,Small,Handshake,7,74,4,1,,
3.67,Mid-tier,STEM,Northeast,2,2,2,Large,LinkedIn,2,25,2,2,,
2.68,Lower-tier,Business,Northeast,0,2,4,Large,LinkedIn,9,58,2,1,,
3.31,Lower-tier,Business,Northeast,1,1,3,Large,LinkedIn,7,47,4,2,,
3.3,Mid-tier,STEM,Northeast,0,1,5,Small,Indeed,4,38,0,0,,
3.03,Mid-tier,Business,West,0,1,3,Medium,Handshake,8,32,2,0,,
2.78,Mid-tier,Business,West,3,1,4,Medium,Indeed,1,18,0,0,,
2.93,Lower-tier,STEM,South,3,2,1,Medium,Indeed,8,64,0,0,,
3.53,Lower-tier,STEM,Northeast,0,2,0,Medium,Indeed,9,138,0,0,,
3.08,Lower-tier,STEM,West,0,3,6,Small,Handshake,3,26,5,0,,
3.25,Top-tier,STEM,West,3,7,6,Large,LinkedIn,1,5,2,2,,
3.45,Mid-tier,Healthcare,West,1,2,3,Small,Handshake,12,100,10,3,,
3.98,Mid-tier,Healthcare,Midwest,2,1,6,Small,Handshake,7,31,2,2,,
3.26,Mid-tier,Business,West,1,3,4,Large,Handshake,5,19,0,0,,
3.45,Lower-tier,Humanities,South,0,1,3,Medium,LinkedIn,4,34,1,0,,
3.44,Mid-tier,Business,Northeast,1,1,2,Small,LinkedIn,6,64,4,1,,
3.56,Mid-tier,Arts,South,0,2,4,Medium,Handshake,9,63,6,3,,
2.95,Top-tier,Humanities,South,0,2,5,Large,Indeed,1,14,0,0,,
3.11,Mid-tier,Humanities,Northeast,2,1,4,Large,LinkedIn,4,33,3,2,,
3.09,Mid-tier,STEM,West,2,0,2,Large,LinkedIn,2,27,0,0,,
3.08,Mid-tier,Business,South,2,2,3,Medium,LinkedIn,2,12,0,0,,
2.98,Mid-tier,Humanities,South,1,2,5,Large,LinkedIn,9,109,6,3,,
2.98,Mid-tier,STEM,West,3,2,3,Medium,Handshake,9,45,3,1,,
3.02,Mid-tier,Business,Northeast,0,1,3,Medium,Handshake,2,7,0,0,,
3.13,Mid-tier,Healthcare,South,2,3,2,Small,LinkedIn,2,5,1,1,,
3.28,Top-tier,Humanities,West,1,2,2,Medium,LinkedIn,7,61,2,0,,
2.73,Top-tier,Humanities,Midwest,1,1,5,Large,Handshake,3,14,3,0,,
3.37,Lower-tier,Healthcare,South,0,3,1,Large,Indeed,9,180,4,1,,
3.28,Lower-tier,Business,South,3,4,3,Small,Handshake,6,56,6,1,,
3.0,Mid-tier,Business,Northeast,2,2,3,Large,LinkedIn,6,57,3,0,,
2.9,Top-tier,STEM,Northeast,2,2,3,Medium,LinkedIn,2,26,2,2,,
3.05,Lower-tier,Humanities,South,0,2,1,Medium,Handshake,11,12,1,0,,
3.21,Lower-tier,Business,Midwest,1,4,5,Medium,Indeed,2,40,2,1,,
3.15,Lower-tier,Business,South,0,1,2,Medium,LinkedIn,6,51,0,0,,
2.14,Mid-tier,STEM,South,0,3,2,Large,LinkedIn,12,88,5,2,,
3.59,Top-tier,Healthcare,Midwest,3,1,6,Medium,Handshake,2,5,0,0,,
3.09,Lower-tier,Business,Midwest,1,5,4,Large,Handshake,8,48,2,0,,
3.05,Mid-tier,STEM,Northeast,2,4,4,Large,Handshake,3,17,2,0,,
3.11,Mid-tier,Humanities,Northeast,1,2,3,Large,Handshake,5,31,3,1,,
2.69,Mid-tier,Healthcare,Midwest,0,1,0,Medium,LinkedIn,7,63,4,1,,
3.46,Mid-tier,Business,South,2,2,2,Large,LinkedIn,9,108,10,2,,
2.63,Mid-tier,Humanities,South,3,2,2,Medium,LinkedIn,12,138,6,5,,
3.06,Mid-tier,Business,South,0,5,3,Large,Indeed,12,216,0,0,,
3.31,Top-tier,STEM,West,1,0,3,Medium,Indeed,3,35,2,2,,
3.16,Lower-tier,STEM,Northeast,2,3,4,Small,Handshake,7,43,6,2,,
3.57,Lower-tier,Business,South,0,1,5,Small,LinkedIn,9,79,2,1,,
3.54,Top-tier,Business,South,3,3,6,Large,LinkedIn,5,28,2,1,,
3.15,Lower-tier,Humanities,South,3,2,4,Medium,LinkedIn,1,5,2,2,,
3.3,Lower-tier,Humanities,Midwest,0,0,3,Medium,Handshake,8,5,2,2,,
3.39,Lower-tier,STEM,Northeast,0,2,2,Medium,Indeed,6,103,2,0,,
3.34,Mid-tier,STEM,West,0,0,0,Small,Indeed,2,25,1,1,,
3.54,Mid-tier,Business,Midwest,0,1,1,Small,Indeed,11,77,0,0,,
2.86,Lower-tier,Business,South,0,2,4,Medium,LinkedIn,9,72,3,3,,
3.49,Top-tier,Humanities,Northeast,0,1,2,Small,Handshake,6,52,1,0,,
3.34,Mid-tier,Healthcare,West,0,1,1,Large,Indeed,3,31,0,0,,
2.76,Mid-tier,Business,Midwest,1,4,6,Large,LinkedIn,6,40,3,0,,
3.48,Lower-tier,Arts,Midwest,2,3,1,Medium,Handshake,1,5,0,0,,
3.22,Lower-tier,Healthcare,Northeast,2,1,4,Large,Handshake,5,28,2,2,,
2.58,Lower-tier,Business,Northeast,3,1,2,Medium,Indeed,5,96,4,4,,
3.38,Mid-tier,STEM,South,0,5,3,Large,Indeed,11,232,3,2,,
3.12,Mid-tier,Business,Northeast,0,1,3,Medium,Handshake,2,9,2,2,,
2.9,Mid-tier,Business,West,3,2,2,Large,LinkedIn,8,54,1,0,,
2.95,Lower-tier,STEM,West,0,2,3,Large,LinkedIn,11,84,4,1,,
3.25,Top-tier,Business,Northeast,1,2,2,Large,Indeed,8,132,2,0,,
3.07,Mid-tier,STEM,West,1,1,1,Small,Handshake,5,28,2,2,,
2.2,Mid-tier,STEM,West,0,3,4,Large,Handshake,1,6,1,0,,
3.09,Mid-tier,STEM,Midwest,2,1,5,Medium,Handshake,4,18,2,1,,
2.77,Mid-tier,STEM,West,1,0,2,Medium,LinkedIn,1,6,0,0,,
2.7,Mid-tier,STEM,Northeast,1,1,0,Medium,LinkedIn,4,47,1,0,,
2.87,Mid-tier,Business,Northeast,1,1,2,Medium,Handshake,12,70,8,1,,
3.87,Lower-tier,STEM,Midwest,0,3,2,Medium,Indeed,5,97,0,0,,
2.68,Mid-tier,Business,Northeast,1,4,2,Large,LinkedIn,4,40,3,1,,
3.29,Mid-tier,Business,Northeast,0,1,3,Medium,LinkedIn,6,69,1,1,,
3.29,Mid-tier,Healthcare,West,1,5,3,Large,Handshake,12,86,4,0,,
2.51,Mid-tier,STEM,Northeast,0,0,0,Large,Indeed,11,77,1,0,,
3.12,Mid-tier,STEM,Midwest,0,5,3,Large,LinkedIn,12,106,5,1,,
3.23,Lower-tier,STEM,West,0,3,5,Medium,Handshake,6,36,2,2,,
3.6,Mid-tier,Business,West,0,3,3,Small,LinkedIn,6,71,1,0,,
2.8,Top-tier,Business,West,2,2,6,Small,Handshake,1,7,1,0,,
3.51,Mid-tier,Arts,Midwest,3,2,2,Large,Handshake,8,34,3,1,,
3.17,Top-tier,Healthcare,West,0,3,1,Large,Indeed,2,27,0,0,,
3.38,Mid-tier,STEM,Midwest,3,3,2,Medium,Handshake,12,58,3,2,,
2.7,Mid-tier,Business,South,0,2,1,Small,LinkedIn,12,98,1,0,,
3.51,Lower-tier,STEM,Northeast,1,2,4,Large,Handshake,2,15,1,1,,
2.83,Lower-tier,STEM,West,2,1,1,Large,Handshake,3,5,2,2,,
3.42,Top-tier,Healthcare,Midwest,0,2,4,Large,LinkedIn,7,63,4,3,,
3.28,Mid-tier,STEM,Northeast,0,5,7,Small,Handshake,9,22,1,0,,
3.2,Mid-tier,STEM,West,0,1,0,Medium,Indeed,8,54,2,0,,
4.0,Mid-tier,Humanities,Northeast,0,1,1,Small,Handshake,10,33,6,3,,
3.05,Lower-tier,STEM,South,0,0,3,Small,Indeed,4,54,0,0,,
3.03,Lower-tier,Business,Northeast,1,2,3,Small,LinkedIn,5,47,2,1,,
3.35,Mid-tier,Business,South,1,1,4,Medium,LinkedIn,12,150,6,1,,
3.42,Mid-tier,Business,Midwest,0,2,3,Large,Handshake,12,36,2,0,,
3.14,Lower-tier,Humanities,South,1,1,2,Medium,Handshake,7,40,3,2,,
2.71,Mid-tier,Business,South,0,3,4,Medium,Indeed,11,141,0,0,,
3.75,Mid-tier,STEM,Midwest,4,3,2,Medium,LinkedIn,1,14,2,1,,
3.31,Mid-tier,Business,West,1,3,4,Large,LinkedIn,5,50,3,1,,
2.97,Mid-tier,Business,South,2,2,3,Large,LinkedIn,6,46,2,0,,
2.62,Mid-tier,STEM,West,2,4,8,Medium,Handshake,9,5,2,2,,
3.31,Top-tier,Healthcare,Northeast,1,0,3,Large,LinkedIn,11,159,8,5,,
3.01,Mid-tier,STEM,West,1,1,3,Medium,Indeed,9,124,4,0,,
3.0,Mid-tier,STEM,Northeast,1,1,3,Small,LinkedIn,10,86,3,1,,
3.25,Mid-tier,STEM,West,1,2,3,Large,LinkedIn,10,73,1,0,,
4.0,Mid-tier,Healthcare,West,0,2,4,Medium,Indeed,7,73,1,0,,
2.89,Lower-tier,Healthcare,Midwest,0,4,6,Large,LinkedIn,10,55,4,1,,
2.84,Mid-tier,Business,South,0,1,1,Large,LinkedIn,2,27,1,0,,
3.81,Lower-tier,Humanities,West,0,0,2,Small,Indeed,8,69,2,0,,
3.01,Top-tier,STEM,Northeast,1,2,2,Medium,Handshake,5,37,3,0,,
3.39,Lower-tier,STEM,Midwest,2,2,2,Small,Handshake,6,24,2,2,,
2.88,Top-tier,STEM,West,2,3,0,Medium,Handshake,2,13,0,0,,
3.09,Lower-tier,STEM,Midwest,2,3,4,Large,Handshake,12,80,5,5,,
2.6,Mid-tier,STEM,Midwest,4,0,2,Medium,LinkedIn,2,13,0,0,,
2.75,Lower-tier,Humanities,Midwest,0,1,2,Medium,LinkedIn,6,36,0,0,,
3.13,Mid-tier,Business,West,0,1,2,Large,LinkedIn,7,51,0,0,,
3.16,Mid-tier,Business,South,0,2,3,Large,LinkedIn,8,80,2,0,,
3.25,Lower-tier,Healthcare,South,0,2,5,Large,LinkedIn,4,48,2,0,,
2.76,Mid-tier,Business,Northeast,4,3,3,Large,LinkedIn,10,85,5,1,,
2.88,Mid-tier,STEM,South,0,2,4,Large,LinkedIn,10,95,3,0,,
2.98,Mid-tier,STEM,South,0,3,6,Medium,LinkedIn,9,22,1,0,,
2.93,Mid-tier,STEM,Northeast,0,0,2,Medium,LinkedIn,2,28,1,0,,
3.83,Top-tier,Business,Midwest,1,0,6,Large,Handshake,11,110,9,3,,
3.46,Lower-tier,Humanities,West,1,2,2,Medium,Handshake,12,40,3,0,,
2.74,Lower-tier,Humanities,South,0,1,1,Large,LinkedIn,10,90,5,1,,
2.74,Mid-tier,STEM,Northeast,3,0,4,Medium,LinkedIn,5,35,2,2,,
3.45,Lower-tier,STEM,West,2,4,2,Medium,Handshake,3,23,2,0,,
3.21,Top-tier,Business,West,2,1,2,Small,Handshake,1,5,2,1,,
3.18,Lower-tier,STEM,Northeast,2,0,1,Large,Indeed,4,57,0,0,,
3.82,Lower-tier,Humanities,West,0,0,4,Large,LinkedIn,11,137,2,1,,
2.84,Mid-tier,Humanities,South,3,1,3,Small,Handshake,5,6,2,1,,
3.3,Mid-tier,STEM,West,2,2,3,Medium,Indeed,5,27,0,0,,
3.19,Mid-tier,STEM,South,0,2,3,Large,LinkedIn,9,51,1,0,,
3.29,Lower-tier,STEM,Northeast,3,4,4,Large,Indeed,2,25,1,1,,
2.95,Top-tier,Business,South,1,1,3,Medium,LinkedIn,10,95,4,2,,
3.18,Mid-tier,STEM,Northeast,2,4,4,Medium,LinkedIn,7,63,2,2,,
3.04,Mid-tier,STEM,South,1,3,3,Medium,LinkedIn,8,50,3,1,,
3.57,Lower-tier,Business,South,3,3,2,Large,LinkedIn,6,44,3,2,,
3.03,Lower-tier,Business,Northeast,0,1,5,Large,Handshake,4,21,2,2,,
2.87,Top-tier,Business,West,2,4,2,Large,Handshake,1,5,2,1,,
4.0,Lower-tier,Business,West,2,0,3,Medium,LinkedIn,12,136,2,1,,
2.76,Mid-tier,Business,South,1,2,6,Medium,LinkedIn,2,20,0,0,,
3.05,Mid-tier,STEM,South,3,0,4,Large,Indeed,1,11,0,0,,
3.73,Lower-tier,Healthcare,Midwest,1,1,3,Large,Handshake,2,5,2,1,,
2.74,Mid-tier,Arts,South,2,1,2,Large,LinkedIn,8,85,3,0,,
2.54,Mid-tier,STEM,Northeast,2,0,0,Medium,LinkedIn,8,57,2,0,,
3.95,Mid-tier,STEM,West,1,5,2,Medium,LinkedIn,4,44,2,2,,
3.27,Mid-tier,STEM,Northeast,0,3,5,Medium,LinkedIn,10,85,0,0,,
3.38,Lower-tier,STEM,South,0,4,3,Large,Indeed,9,198,2,1,,
2.49,Mid-tier,STEM,West,3,1,6,Large,Handshake,4,22,2,2,,
3.33,Top-tier,STEM,South,4,2,1,Large,Handshake,9,57,2,1,,
3.09,Mid-tier,Business,West,1,1,1,Large,LinkedIn,1,7,0,0,,
3.04,Mid-tier,STEM,South,0,2,4,Large,Handshake,1,5,3,0,,
3.7,Mid-tier,STEM,South,2,1,1,Small,Indeed,8,102,4,3,,
2.27,Mid-tier,Business,West,2,1,3,Small,LinkedIn,7,26,0,0,,
3.11,Lower-tier,Business,West,1,2,5,Medium,Indeed,3,57,0,0,,
3.37,Mid-tier,Healthcare,Midwest,2,2,3,Medium,LinkedIn,8,61,3,2,,
3.1,Top-tier,Arts,West,0,2,3,Large,Indeed,4,49,0,0,,
3.28,Lower-tier,Healthcare,West,3,1,2,Small,LinkedIn,7,54,3,1,,
2.82,Lower-tier,Business,South,3,6,5,Large,Indeed,7,151,1,0,,
3.53,Mid-tier,Business,Northeast,1,2,4,Medium,Indeed,7,78,1,0,,
2.99,Lower-tier,Humanities,West,1,2,0,Medium,LinkedIn,3,26,3,0,,
3.04,Lower-tier,Healthcare,Northeast,1,3,4,Small,Indeed,2,22,0,0,,
2.94,Mid-tier,Humanities,West,0,3,6,Large,Handshake,9,12,0,0,,
2.52,Mid-tier,STEM,Midwest,0,0,5,Small,Handshake,11,9,0,0,,
3.42,Lower-tier,STEM,West,0,4,4,Large,Handshake,1,6,0,0,,
2.86,Mid-tier,STEM,Midwest,0,0,3,Medium,Indeed,1,10,0,0,,
3.15,Mid-tier,STEM,Midwest,3,2,4,Medium,Handshake,1,11,2,1,,
3.15,Mid-tier,Business,South,3,1,4,Large,Handshake,11,84,2,2,,
3.4,Lower-tier,Business,South,2,1,2,Large,Handshake,10,18,2,1,,
3.6,Top-tier,STEM,West,0,4,0,Medium,Handshake,9,58,3,0,,
3.75,Mid-tier,Humanities,West,0,2,1,Medium,LinkedIn,8,66,3,2,,
2.98,Mid-tier,Arts,West,3,2,3,Large,Handshake,5,48,2,0,,
3.33,Mid-tier,Healthcare,South,0,0,4,Large,LinkedIn,6,66,2,2,,
3.26,Mid-tier,Healthcare,Northeast,1,3,1,Small,Handshake,11,45,6,2,,
3.73,Mid-tier,Healthcare,West,1,1,4,Medium,Indeed,9,130,1,0,,
3.63,Mid-tier,Business,Northeast,3,2,1,Small,LinkedIn,10,91,5,4,,
3.6,Mid-tier,Healthcare,Northeast,2,2,2,Medium,Handshake,11,88,3,3,,
2.73,Mid-tier,STEM,South,1,4,4,Large,Indeed,9,148,0,0,,
3.39,Mid-tier,STEM,Northeast,0,2,3,Medium,Indeed,4,10,0,0,,
3.38,Mid-tier,Humanities,West,3,0,2,Medium,LinkedIn,7,29,1,0,,
3.7,Mid-tier,STEM,Northeast,4,2,1,Medium,Indeed,9,211,4,2,,
2.78,Top-tier,Healthcare,Northeast,1,0,7,Large,LinkedIn,5,42,2,0,,
2.41,Lower-tier,STEM,Northeast,2,0,3,Medium,LinkedIn,11,84,4,3,,
2.6,Lower-tier,Healthcare,Midwest,0,1,1,Small,Handshake,4,30,3,0,,
4.0,Top-tier,Business,Northeast,2,2,1,Medium,LinkedIn,8,105,6,4,,
3.39,Lower-tier,Humanities,Northeast,1,3,3,Medium,LinkedIn,5,51,0,0,,
3.11,Top-tier,Healthcare,Northeast,1,2,1,Small,Indeed,5,72,0,0,,
3.01,Mid-tier,Business,Midwest,1,1,2,Medium,Handshake,5,39,5,1,,
3.14,Top-tier,Business,Midwest,3,2,4,Large,Handshake,6,27,2,2,,
2.86,Mid-tier,Business,Northeast,1,1,6,Large,Handshake,6,56,3,3,,
2.54,Lower-tier,Business,Midwest,3,0,3,Medium,Indeed,10,191,3,1,,
2.17,Mid-tier,STEM,Midwest,0,1,1,Small,Handshake,9,54,1,0,,
2.98,Mid-tier,Business,West,0,3,0,Large,Handshake,4,5,2,1,,
3.24,Lower-tier,Healthcare,Northeast,3,4,2,Small,LinkedIn,1,8,2,1,,
4.0,Mid-tier,Business,Midwest,1,2,3,Medium,Indeed,6,57,0,0,,
2.98,Top-tier,STEM,Midwest,0,0,4,Medium,LinkedIn,8,34,1,0,,
3.9,Mid-tier,STEM,Northeast,1,3,7,Medium,Indeed,7,71,0,0,,
3.84,Lower-tier,STEM,Northeast,1,2,5,Medium,Handshake,1,5,2,2,,
3.68,Mid-tier,STEM,West,1,2,2,Medium,Handshake,2,6,2,2,,
4.0,Lower-tier,Healthcare,Northeast,0,0,7,Small,Handshake,12,58,3,3,,
3.97,Mid-tier,Business,Midwest,1,2,5,Medium,LinkedIn,5,33,2,0,,
2.95,Mid-tier,Arts,Midwest,2,2,0,Small,Handshake,1,9,2,2,,
3.49,Mid-tier,Business,South,0,1,1,Large,Handshake,7,50,7,2,,
3.22,Top-tier,Humanities,South,2,1,3,Medium,Indeed,5,95,1,0,,
3.23,Mid-tier,Business,Northeast,2,3,6,Medium,LinkedIn,5,56,3,1,,
2.81,Mid-tier,Business,Northeast,0,3,2,Large,LinkedIn,3,21,1,0,,
3.26,Lower-tier,Healthcare,West,0,3,7,Medium,Handshake,7,19,4,1,,
3.24,Mid-tier,STEM,South,0,1,6,Large,LinkedIn,2,12,0,0,,
3.11,Lower-tier,Business,West,1,1,0,Medium,LinkedIn,1,9,0,0,,
3.2,Mid-tier,Humanities,Northeast,1,2,3,Medium,Indeed,11,216,1,0,,
2.43,Lower-tier,STEM,Northeast,1,4,4,Small,LinkedIn,3,20,3,1,,
3.17,Mid-tier,STEM,South,1,7,5,Large,Handshake,4,19,0,0,,
3.54,Lower-tier,Business,West,0,3,4,Medium,LinkedIn,11,36,2,0,,
3.47,Lower-tier,Healthcare,South,2,0,1,Medium,Handshake,1,7,0,0,,
3.99,Lower-tier,Business,Northeast,1,1,6,Small,LinkedIn,10,28,1,0,,
3.52,Top-tier,STEM,Midwest,4,2,4,Medium,Indeed,12,38,2,2,,
2.85,Mid-tier,Business,Northeast,0,0,1,Medium,Indeed,8,70,0,0,,
3.02,Mid-tier,Business,Midwest,1,2,6,Small,Handshake,5,33,2,1,,
3.1,Lower-tier,Healthcare,South,0,0,5,Medium,LinkedIn,8,80,3,0,,
3.34,Mid-tier,Healthcare,Northeast,3,4,5,Medium,Indeed,1,17,0,0,,
3.19,Lower-tier,Humanities,South,2,3,0,Large,Indeed,11,75,1,1,,
3.6,Mid-tier,Humanities,South,2,4,3,Medium,Handshake,6,18,2,2,,
3.16,Mid-tier,Humanities,South,4,1,6,Small,Handshake,8,36,2,2,,
2.74,Mid-tier,STEM,South,0,2,4,Medium,Handshake,10,21,4,0,,
4.0,Mid-tier,STEM,West,0,3,7,Large,Indeed,7,119,0,0,,
3.24,Lower-tier,Humanities,Northeast,1,1,5,Large,LinkedIn,12,48,1,1,,
3.67,Top-tier,Humanities,West,1,3,2,Large,LinkedIn,12,124,4,1,,
2.71,Lower-tier,Healthcare,West,1,3,4,Medium,Indeed,3,44,0,0,,
3.18,Mid-tier,Humanities,Midwest,0,0,5,Large,Handshake,10,21,2,1,,
3.02,Mid-tier,Healthcare,West,0,4,0,Large,LinkedIn,5,45,2,0,,
3.37,Mid-tier,Business,Midwest,0,2,5,Small,Handshake,4,28,4,1,,
3.48,Mid-tier,STEM,South,2,5,5,Medium,LinkedIn,4,46,2,1,,
2.66,Mid-tier,STEM,Northeast,0,2,2,Large,Indeed,9,127,0,0,,
3.34,Mid-tier,STEM,South,2,1,1,Medium,Indeed,5,99,0,0,,
3.42,Mid-tier,STEM,West,2,1,3,Medium,Indeed,1,7,0,0,,
3.17,Mid-tier,Business,Northeast,2,4,2,Medium,LinkedIn,6,26,0,0,,
3.86,Mid-tier,Business,Midwest,1,3,2,Small,LinkedIn,6,63,1,1,,
3.18,Mid-tier,STEM,West,0,0,4,Medium,Indeed,4,80,2,2,,
3.05,Lower-tier,STEM,West,1,2,3,Medium,Indeed,11,66,0,0,,
3.35,Mid-tier,STEM,Midwest,1,4,3,Small,Handshake,10,46,2,1,,
2.96,Top-tier,Healthcare,Midwest,3,2,2,Medium,LinkedIn,11,99,3,2,,
2.65,Mid-tier,Healthcare,South,1,1,6,Medium,Handshake,5,36,4,1,,
3.09,Mid-tier,Business,South,1,3,3,Small,Handshake,11,5,2,2,,
3.6,Mid-tier,Business,Northeast,2,1,1,Small,Indeed,5,92,1,0,,
3.44,Mid-tier,Arts,South,0,3,5,Small,Handshake,3,30,2,1,,
3.71,Lower-tier,STEM,South,1,3,1,Medium,Handshake,6,25,0,0,,
3.7,Lower-tier,Healthcare,West,2,7,6,Medium,Handshake,2,16,2,2,,
2.93,Lower-tier,Business,South,1,0,3,Large,LinkedIn,2,5,0,0,,
3.81,Lower-tier,STEM,Midwest,2,4,1,Medium,Handshake,3,8,1,0,,
2.82,Mid-tier,Business,South,3,1,1,Large,Handshake,5,42,3,3,,
3.22,Mid-tier,Business,South,0,0,0,Large,LinkedIn,8,106,6,6,,
3.65,Mid-tier,STEM,West,1,2,3,Large,Handshake,7,57,5,0,,
3.01,Lower-tier,Healthcare,South,0,3,2,Small,Handshake,11,16,3,2,,
3.03,Mid-tier,Healthcare,Northeast,0,2,2,Medium,Handshake,9,70,5,4,,
2.36,Mid-tier,Healthcare,West,2,2,3,Large,Indeed,5,66,0,0,,
2.78,Lower-tier,STEM,West,1,2,3,Large,Indeed,10,81,3,3,,
3.11,Mid-tier,Business,West,0,5,7,Small,LinkedIn,2,19,1,0,,
3.58,Lower-tier,Business,South,0,0,3,Small,Handshake,1,5,0,0,,
2.88,Top-tier,STEM,Northeast,0,5,1,Medium,Handshake,5,19,2,1,,
3.26,Mid-tier,Business,West,2,3,1,Large,Indeed,12,120,2,2,,
2.88,Lower-tier,Humanities,West,2,1,4,Large,Handshake,3,15,1,1,,
2.8,Mid-tier,Business,South,1,3,5,Large,Indeed,5,95,1,1,,
3.2,Mid-tier,STEM,Midwest,0,2,4,Small,Handshake,5,12,2,1,,
3.06,Lower-tier,Humanities,South,1,0,0,Large,Handshake,5,33,2,2,,
3.07,Lower-tier,STEM,Midwest,1,3,3,Medium,Indeed,10,111,4,2,,
3.31,Mid-tier,STEM,West,4,2,3,Large,LinkedIn,3,28,2,2,,
3.35,Mid-tier,STEM,South,3,3,4,Large,LinkedIn,9,60,4,1,,
3.72,Mid-tier,Humanities,Northeast,0,0,2,Medium,Indeed,8,14,2,2,,
3.73,Mid-tier,Healthcare,South,1,3,3,Medium,Handshake,6,30,2,1,,
2.84,Top-tier,Business,Midwest,1,1,2,Medium,Handshake,6,26,3,0,,
3.66,Lower-tier,STEM,West,0,1,3,Medium,Handshake,5,34,2,1,,
3.11,Top-tier,Healthcare,Midwest,0,0,2,Medium,LinkedIn,9,60,3,1,,
3.3,Mid-tier,Humanities,West,3,1,2,Large,Handshake,6,26,2,2,,
3.93,Mid-tier,STEM,Northeast,2,0,2,Medium,Indeed,10,163,9,9,,
3.26,Top-tier,Humanities,Northeast,0,1,9,Medium,LinkedIn,5,40,2,1,,
2.97,Mid-tier,STEM,Midwest,1,2,3,Large,Handshake,9,12,0,0,,
3.19,Top-tier,Healthcare,Northeast,2,1,2,Medium,LinkedIn,10,70,4,4,,
3.4,Mid-tier,Humanities,Midwest,0,4,2,Medium,LinkedIn,2,27,1,0,,
3.25,Lower-tier,STEM,West,0,1,6,Medium,LinkedIn,10,81,4,1,,
3.62,Lower-tier,Business,West,3,1,1,Small,LinkedIn,8,70,2,2,,
3.62,Top-tier,Business,South,0,4,2,Large,LinkedIn,2,15,3,1,,
2.91,Lower-tier,STEM,South,2,2,1,Large,Indeed,9,10,0,0,,
3.59,Mid-tier,STEM,Midwest,0,2,4,Medium,LinkedIn,7,71,3,1,,
2.97,Mid-tier,Humanities,Midwest,1,3,4,Medium,Handshake,10,36,0,0,,
2.96,Mid-tier,STEM,West,0,3,3,Large,LinkedIn,8,48,2,2,,
3.41,Mid-tier,STEM,South,2,1,1,Medium,Indeed,6,98,2,1,,
3.49,Lower-tier,Business,South,0,4,8,Small,LinkedIn,2,17,0,0,,
3.0,Mid-tier,STEM,Northeast,0,0,4,Medium,Indeed,1,13,0,0,,
3.76,Mid-tier,STEM,West,2,1,1,Large,Indeed,10,123,2,2,,
3.91,Mid-tier,STEM,Midwest,1,5,1,Medium,Handshake,9,45,2,1,,
2.87,Top-tier,Humanities,South,1,4,3,Medium,LinkedIn,6,28,0,0,,
3.24,Top-tier,STEM,Midwest,0,4,7,Medium,Handshake,8,61,2,1,,
3.47,Mid-tier,Healthcare,Midwest,1,3,1,Medium,Handshake,8,64,4,3,,
3.37,Mid-tier,Business,Northeast,1,4,1,Medium,LinkedIn,6,51,1,0,,
2.65,Top-tier,Business,Midwest,2,3,2,Large,LinkedIn,3,13,2,2,,
3.75,Mid-tier,STEM,Northeast,0,3,4,Large,LinkedIn,3,41,1,0,,
3.25,Lower-tier,Business,Northeast,0,1,1,Large,Indeed,3,75,2,1,,
3.18,Lower-tier,STEM,South,0,5,2,Medium,Handshake,9,49,2,2,,
3.21,Mid-tier,STEM,West,0,1,2,Large,Indeed,2,34,3,0,,
3.99,Mid-tier,Business,South,1,0,6,Medium,LinkedIn,2,15,0,0,,
3.24,Lower-tier,Business,West,1,0,4,Large,Indeed,8,77,2,2,,
3.32,Lower-tier,Business,South,1,0,4,Medium,Handshake,1,5,2,1,,
3.31,Mid-tier,Business,Midwest,2,1,0,Large,LinkedIn,6,66,5,1,,
3.7,Mid-tier,Humanities,Northeast,3,3,3,Medium,Indeed,12,180,5,5,,
2.67,Mid-tier,Business,South,1,1,5,Medium,Indeed,3,44,0,0,,
3.45,Mid-tier,STEM,Northeast,1,1,3,Medium,LinkedIn,10,55,1,0,,
3.62,Mid-tier,Healthcare,South,0,3,3,Small,Handshake,3,6,1,1,,
2.35,Lower-tier,STEM,Northeast,1,1,1,Large,Indeed,8,94,3,1,,
3.38,Mid-tier,Business,Midwest,4,1,2,Large,Handshake,11,104,3,1,,
2.82,Mid-tier,Humanities,Northeast,0,2,5,Medium,Indeed,7,52,3,1,,
2.94,Lower-tier,STEM,South,1,3,6,Medium,Indeed,10,111,1,0,,
3.07,Lower-tier,Business,Northeast,4,5,2,Small,Indeed,4,37,2,1,,
4.0,Mid-tier,STEM,Midwest,1,2,3,Large,Indeed,3,34,2,2,,
3.96,Lower-tier,STEM,Midwest,0,2,2,Medium,Indeed,9,150,1,0,,
2.66,Lower-tier,Business,West,0,3,3,Medium,Indeed,6,105,2,1,,
2.77,Lower-tier,Healthcare,South,0,0,1,Medium,Indeed,1,13,0,0,,
2.96,Top-tier,Healthcare,West,1,3,2,Medium,LinkedIn,11,49,2,1,,
2.67,Mid-tier,Humanities,Northeast,1,4,6,Large,LinkedIn,11,18,2,1,,
2.97,Mid-tier,Humanities,West,0,4,2,Large,LinkedIn,8,74,3,3,,
3.71,Mid-tier,Business,West,0,3,3,Medium,LinkedIn,5,63,4,2,,
2.99,Mid-tier,Business,Northeast,3,1,1,Small,LinkedIn,9,94,5,4,,
3.39,Mid-tier,Business,South,1,2,1,Medium,LinkedIn,5,40,2,1,,
3.51,Mid-tier,Arts,Midwest,0,6,1,Small,LinkedIn,7,70,3,2,,
2.7,Lower-tier,Business,South,1,1,0,Large,LinkedIn,10,76,4,0,,
2.98,Mid-tier,Business,Midwest,3,3,0,Medium,LinkedIn,9,61,2,0,,
3.48,Mid-tier,Humanities,Northeast,1,1,2,Medium,Indeed,8,65,0,0,,
3.35,Mid-tier,Healthcare,Northeast,3,2,3,Large,LinkedIn,4,39,3,0,,
2.99,Lower-tier,Healthcare,Midwest,0,2,2,Medium,Handshake,2,5,3,3,,
2.96,Mid-tier,STEM,South,1,0,3,Large,Handshake,5,25,0,0,,
3.13,Lower-tier,STEM,West,1,1,4,Medium,Handshake,6,24,3,0,,
3.4,Mid-tier,Healthcare,West,0,1,4,Small,Handshake,6,14,2,1,,
3.25,Mid-tier,STEM,West,2,1,4,Medium,Indeed,10,125,1,0,,
2.62,Mid-tier,Business,South,1,2,1,Large,LinkedIn,9,51,0,0,,
3.21,Lower-tier,Business,South,3,4,1,Medium,LinkedIn,11,137,3,1,,
3.44,Mid-tier,STEM,South,0,1,1,Medium,LinkedIn,1,5,0,0,,
2.84,Mid-tier,Business,Northeast,2,3,4,Medium,LinkedIn,12,138,2,1,,
3.24,Mid-tier,STEM,South,1,2,3,Medium,Handshake,1,9,2,2,,
3.13,Lower-tier,Business,Northeast,1,1,5,Large,Handshake,6,47,5,2,,
3.19,Lower-tier,Business,West,0,1,5,Small,LinkedIn,5,52,2,0,,
3.64,Lower-tier,STEM,South,2,1,2,Small,Indeed,10,196,5,2,,
3.22,Mid-tier,Business,South,1,6,4,Large,LinkedIn,11,88,3,0,,
2.9,Mid-tier,STEM,Northeast,1,1,2,Small,Handshake,2,8,2,1,,
3.11,Lower-tier,Business,Northeast,2,1,5,Large,LinkedIn,11,165,9,6,,
3.19,Top-tier,Business,Midwest,3,2,4,Medium,Handshake,5,15,1,0,,
3.7,Lower-tier,Arts,West,3,2,3,Medium,Handshake,4,16,2,2,,
2.83,Mid-tier,STEM,Midwest,0,2,3,Large,Handshake,8,22,3,1,,
3.52,Lower-tier,Humanities,Midwest,3,2,5,Medium,Indeed,1,5,0,0,,
3.46,Mid-tier,Business,Midwest,0,1,2,Large,LinkedIn,3,17,0,0,,
3.38,Mid-tier,Healthcare,South,0,2,2,Small,Indeed,2,27,0,0,,
3.22,Mid-tier,Business,Northeast,3,3,5,Medium,Handshake,12,12,2,1,,
3.7,Mid-tier,Healthcare,Northeast,3,5,3,Large,Indeed,2,27,2,1,,
2.73,Mid-tier,Healthcare,West,0,2,4,Large,LinkedIn,8,129,7,4,,
3.42,Mid-tier,Humanities,Midwest,1,2,3,Medium,Handshake,10,108,6,6,,
3.07,Top-tier,Business,Northeast,3,3,3,Medium,Handshake,4,24,4,2,,
2.93,Mid-tier,Humanities,South,0,4,2,Large,Indeed,11,196,3,1,,
3.37,Mid-tier,Healthcare,Midwest,1,2,0,Medium,Handshake,12,88,4,2,,
3.18,Lower-tier,STEM,Northeast,0,1,6,Large,Handshake,4,5,2,1,,
2.93,Mid-tier,STEM,South,0,2,1,Small,Handshake,11,53,6,1,,
3.4,Lower-tier,Business,West,0,2,5,Medium,LinkedIn,2,15,2,1,,
3.52,Mid-tier,STEM,Midwest,2,1,4,Small,Handshake,7,12,1,0,,
3.97,Lower-tier,STEM,Midwest,3,1,2,Small,Handshake,6,18,2,1,,
2.91,Mid-tier,STEM,South,3,3,2,Small,LinkedIn,1,12,2,2,,
3.8,Mid-tier,Arts,South,3,1,1,Medium,Handshake,8,56,7,1,,
3.32,Mid-tier,Healthcare,Midwest,2,5,3,Medium,Handshake,10,55,3,2,,
2.89,Mid-tier,Business,Northeast,0,3,3,Large,LinkedIn,10,95,3,1,,
2.9,Mid-tier,STEM,Northeast,2,3,9,Medium,Handshake,9,48,3,0,,
3.77,Mid-tier,Business,West,2,2,3,Small,Handshake,7,43,1,0,,
3.28,Lower-tier,Business,Midwest,1,0,4,Large,LinkedIn,4,30,4,2,,
4.0,Mid-tier,Business,South,1,2,0,Large,Handshake,6,31,3,0,,
2.58,Mid-tier,STEM,South,1,2,3,Medium,Handshake,5,9,2,0,,
3.08,Mid-tier,Healthcare,Midwest,2,4,5,Medium,Handshake,6,50,3,1,,
3.3,Lower-tier,STEM,Northeast,3,3,4,Medium,Handshake,8,32,4,1,,
2.87,Mid-tier,Healthcare,West,2,1,2,Large,LinkedIn,7,35,2,2,,
3.9,Mid-tier,Humanities,West,1,2,4,Large,LinkedIn,11,117,7,1,,
3.85,Lower-tier,Healthcare,Northeast,1,2,4,Small,Indeed,10,148,3,2,,
3.39,Mid-tier,STEM,West,2,4,4,Large,Indeed,3,27,0,0,,
3.45,Mid-tier,Humanities,Northeast,0,2,4,Medium,LinkedIn,5,33,7,3,,
2.99,Mid-tier,Business,Midwest,1,2,4,Medium,LinkedIn,12,142,5,4,,
3.76,Top-tier,Business,Midwest,1,3,3,Large,LinkedIn,6,31,2,2,,
2.94,Mid-tier,Arts,West,3,1,3,Medium,Indeed,4,36,2,2,,
3.5,Mid-tier,Business,South,2,3,2,Medium,LinkedIn,7,61,4,4,,
3.43,Lower-tier,Humanities,West,0,1,1,Large,Indeed,8,117,6,4,,
3.01,Mid-tier,STEM,Northeast,2,3,6,Medium,Handshake,7,28,2,2,,
3.44,Top-tier,Arts,Northeast,1,4,0,Large,Indeed,5,65,1,0,,
3.37,Top-tier,STEM,Northeast,1,0,8,Medium,LinkedIn,1,9,2,1,,
3.46,Mid-tier,Business,West,1,1,2,Small,LinkedIn,9,61,0,0,,
3.25,Mid-tier,Business,Midwest,1,1,3,Small,Indeed,6,149,3,1,,
2.42,Mid-tier,STEM,West,0,1,0,Medium,Indeed,5,93,3,3,,
3.04,Mid-tier,Humanities,Northeast,0,2,3,Medium,LinkedIn,5,25,2,1,,
3.62,Lower-tier,Business,West,1,2,1,Medium,Indeed,4,24,0,0,,
2.64,Mid-tier,Humanities,South,1,2,2,Medium,LinkedIn,3,21,1,0,,
2.9,Lower-tier,STEM,South,2,1,2,Large,LinkedIn,7,51,3,2,,
3.31,Mid-tier,STEM,Northeast,0,3,4,Large,Handshake,9,40,2,2,,
2.82,Top-tier,STEM,Northeast,0,1,2,Small,LinkedIn,11,91,4,2,,
3.72,Mid-tier,STEM,Midwest,1,2,2,Medium,Handshake,6,28,2,1,,
3.4,Mid-tier,Business,Midwest,1,2,1,Large,LinkedIn,11,75,2,2,,
3.73,Mid-tier,Business,South,2,0,0,Large,Indeed,3,52,1,1,,
3.08,Mid-tier,Healthcare,South,2,2,1,Large,Indeed,12,154,1,0,,
3.05,Mid-tier,Business,South,2,0,1,Medium,LinkedIn,11,115,3,1,,
2.89,Mid-tier,STEM,South,1,2,1,Medium,Handshake,7,11,0,0,,
3.24,Top-tier,Business,South,3,2,4,Small,LinkedIn,12,58,2,0,,
3.74,Mid-tier,Arts,Midwest,0,3,0,Large,Indeed,4,108,2,2,,
3.4,Mid-tier,Business,South,0,4,4,Large,LinkedIn,12,156,4,1,,
3.63,Lower-tier,STEM,Northeast,3,4,3,Small,Indeed,8,90,1,0,,
3.33,Lower-tier,STEM,West,1,4,5,Small,Handshake,11,42,5,3,,
2.9,Lower-tier,STEM,South,1,2,2,Large,Indeed,2,31,2,1,,
2.79,Lower-tier,STEM,South,0,0,2,Small,LinkedIn,5,22,1,1,,
2.95,Lower-tier,STEM,South,1,3,8,Medium,LinkedIn,5,23,1,1,,
3.52,Lower-tier,Business,Midwest,0,0,1,Small,LinkedIn,12,98,3,2,,
3.12,Top-tier,STEM,Northeast,1,2,3,Small,LinkedIn,4,28,1,1,,
3.58,Mid-tier,STEM,Northeast,1,2,0,Medium,Indeed,2,37,0,0,,
2.81,Lower-tier,Healthcare,West,2,4,2,Medium,Indeed,8,142,4,3,,
3.6,Mid-tier,Healthcare,Midwest,0,0,5,Medium,Handshake,3,11,2,1,,
2.8,Lower-tier,Humanities,Midwest,1,2,2,Small,Indeed,12,92,1,0,,
3.59,Mid-tier,Arts,Midwest,3,1,4,Medium,LinkedIn,6,82,5,2,,
2.92,Top-tier,Business,South,0,1,2,Medium,LinkedIn,6,35,1,0,,
3.06,Lower-tier,STEM,Northeast,1,4,5,Medium,LinkedIn,7,49,2,0,,
3.72,Mid-tier,Business,South,3,4,3,Medium,Indeed,4,48,0,0,,
3.53,Lower-tier,Humanities,South,1,1,0,Medium,Indeed,9,78,4,2,,
3.62,Mid-tier,STEM,South,1,5,3,Large,LinkedIn,9,91,3,1,,
2.81,Mid-tier,Business,South,0,1,4,Medium,LinkedIn,11,89,3,0,,
2.48,Top-tier,Business,South,0,0,1,Small,LinkedIn,2,20,0,0,,
3.14,Mid-tier,Humanities,South,0,2,1,Medium,LinkedIn,5,41,3,0,,
3.84,Mid-tier,STEM,Midwest,4,2,5,Large,LinkedIn,11,80,2,1,,
3.06,Mid-tier,Business,West,4,1,5,Small,Indeed,10,181,6,4,,
3.06,Mid-tier,Business,West,1,1,2,Large,Indeed,8,93,1,0,,
3.58,Lower-tier,Healthcare,Northeast,0,1,2,Large,Indeed,8,160,2,1,,
3.55,Lower-tier,STEM,South,0,2,3,Large,LinkedIn,4,44,2,1,,
3.18,Top-tier,Business,South,2,0,3,Small,Indeed,11,133,0,0,,
2.94,Mid-tier,Arts,South,1,2,6,Small,Handshake,3,28,1,0,,
2.98,Mid-tier,Business,South,2,6,2,Medium,Handshake,7,29,2,2,,
3.92,Lower-tier,Healthcare,Midwest,1,5,2,Large,LinkedIn,7,38,0,0,,
3.76,Lower-tier,Humanities,West,0,1,5,Medium,LinkedIn,1,8,2,1,,
3.8,Mid-tier,Healthcare,Midwest,1,2,5,Large,Indeed,2,28,1,1,,
3.65,Mid-tier,Healthcare,South,1,1,3,Small,LinkedIn,8,85,7,5,,
3.35,Mid-tier,Business,Northeast,3,3,2,Medium,Indeed,1,8,0,0,,
3.29,Mid-tier,Business,West,4,3,3,Medium,Handshake,10,58,3,3,,
3.46,Mid-tier,Arts,Northeast,0,3,2,Small,Handshake,6,16,1,1,,
3.04,Lower-tier,Humanities,West,0,5,3,Medium,Indeed,9,105,3,2,,
3.34,Mid-tier,Business,South,0,2,6,Medium,Handshake,11,36,2,2,,
3.41,Top-tier,Healthcare,South,1,2,3,Large,LinkedIn,2,11,1,0,,
3.24,Mid-tier,STEM,Northeast,2,0,2,Large,LinkedIn,11,84,2,0,,
2.47,Lower-tier,Humanities,Midwest,1,1,5,Large,LinkedIn,11,115,6,2,,
2.9,Lower-tier,STEM,South,2,1,3,Medium,Indeed,8,101,1,0,,
3.05,Mid-tier,STEM,Midwest,1,2,5,Medium,LinkedIn,12,172,8,8,,
2.85,Lower-tier,Business,Midwest,1,0,3,Small,LinkedIn,11,110,4,3,,
3.79,Lower-tier,Healthcare,Northeast,0,2,3,Small,LinkedIn,8,80,5,1,,
3.12,Mid-tier,STEM,West,4,5,0,Medium,LinkedIn,6,24,2,2,,
3.02,Mid-tier,Arts,Northeast,0,2,5,Small,Indeed,3,57,0,0,,
3.35,Lower-tier,STEM,Midwest,0,3,3,Small,Handshake,12,58,4,3,,
3.4,Mid-tier,Arts,West,1,4,1,Small,Handshake,6,49,3,0,,
2.57,Lower-tier,Business,Midwest,1,1,3,Medium,LinkedIn,2,18,1,0,,
2.89,Lower-tier,STEM,Midwest,0,1,1,Medium,Handshake,10,48,3,2,,
3.83,Lower-tier,Healthcare,Northeast,1,0,1,Medium,Handshake,7,54,3,2,,
2.92,Lower-tier,STEM,West,0,1,2,Medium,Indeed,6,93,2,2,,
3.97,Mid-tier,Arts,Northeast,1,1,4,Medium,Handshake,2,19,1,0,,
3.41,Mid-tier,Business,Midwest,1,1,3,Large,LinkedIn,2,14,0,0,,
3.05,Lower-tier,Business,Midwest,2,0,2,Small,LinkedIn,7,68,4,1,,
3.56,Top-tier,Humanities,West,0,4,3,Large,LinkedIn,7,98,5,1,,
3.24,Mid-tier,STEM,West,0,1,2,Large,LinkedIn,1,7,0,0,,
3.18,Lower-tier,STEM,South,1,1,2,Large,LinkedIn,11,55,2,1,,
2.68,Mid-tier,Humanities,Midwest,0,3,6,Large,LinkedIn,1,9,1,0,,
3.47,Lower-tier,Healthcare,Midwest,1,3,4,Large,Handshake,8,77,2,0,,
3.53,Top-tier,Business,South,3,1,3,Small,Indeed,8,85,1,0,,
2.97,Top-tier,Healthcare,Midwest,2,1,3,Medium,Indeed,5,80,1,0,,
2.7,Mid-tier,STEM,Midwest,3,4,1,Large,Handshake,8,14,2,2,,
2.67,Mid-tier,Healthcare,West,1,2,4,Small,Handshake,8,46,3,0,,
3.93,Lower-tier,Healthcare,Northeast,2,2,2,Large,LinkedIn,11,121,6,1,,
3.51,Lower-tier,Humanities,West,0,4,1,Large,LinkedIn,4,45,1,0,,
3.03,Lower-tier,STEM,Midwest,0,3,2,Small,Handshake,4,19,2,1,,
3.51,Mid-tier,STEM,Northeast,1,1,5,Medium,Handshake,5,45,4,1,,
2.69,Mid-tier,STEM,Midwest,1,3,3,Medium,Indeed,1,11,0,0,,
2.83,Mid-tier,STEM,South,1,2,6,Medium,Handshake,4,27,2,0,,
3.34,Mid-tier,STEM,West,1,2,3,Small,Indeed,12,148,8,5,,
3.16,Mid-tier,Business,Midwest,0,3,4,Medium,LinkedIn,5,51,2,1,,
2.76,Lower-tier,Business,Midwest,0,2,2,Medium,LinkedIn,2,16,1,1,,
3.68,Lower-tier,STEM,Northeast,2,1,4,Small,LinkedIn,8,121,2,2,,
2.64,Lower-tier,STEM,Midwest,1,1,3,Large,Handshake,10,45,3,1,,
2.78,Mid-tier,Arts,West,3,4,4,Medium,LinkedIn,2,12,1,1,,
3.29,Mid-tier,Arts,West,0,1,3,Medium,Handshake,9,45,5,1,,
4.0,Lower-tier,Business,South,1,2,1,Large,Handshake,3,14,0,0,,
3.41,Top-tier,STEM,Northeast,2,3,2,Medium,LinkedIn,10,111,5,2,,
3.19,Mid-tier,Business,South,1,1,4,Large,LinkedIn,9,19,1,0,,
2.29,Mid-tier,STEM,Northeast,0,2,5,Medium,Handshake,5,25,2,0,,
2.87,Mid-tier,Business,West,1,1,4,Medium,LinkedIn,12,80,3,1,,
3.06,Mid-tier,Healthcare,Midwest,1,1,5,Medium,Indeed,11,130,5,4,,
3.52,Mid-tier,Business,Northeast,0,0,1,Medium,Handshake,8,41,3,1,,
3.11,Top-tier,STEM,South,2,2,4,Medium,LinkedIn,4,38,2,2,,
3.18,Lower-tier,Business,South,2,1,1,Medium,LinkedIn,11,80,2,1,,
3.17,Mid-tier,STEM,Northeast,4,3,2,Large,LinkedIn,12,134,4,2,,
3.2,Lower-tier,STEM,South,1,1,4,Large,Handshake,12,72,3,1,,
2.56,Top-tier,Humanities,South,1,3,4,Medium,Handshake,4,12,0,0,,
3.09,Mid-tier,Arts,South,0,4,4,Medium,Handshake,10,90,5,2,,
3.37,Lower-tier,STEM,Northeast,2,2,2,Large,Indeed,1,20,0,0,,
2.61,Mid-tier,Humanities,Northeast,0,3,4,Small,LinkedIn,9,66,2,0,,
3.29,Mid-tier,Humanities,Midwest,1,1,3,Small,Handshake,6,30,1,0,,
2.92,Lower-tier,STEM,Northeast,0,0,3,Large,LinkedIn,12,86,7,2,,
3.73,Lower-tier,Humanities,South,1,2,1,Medium,LinkedIn,5,20,2,2,,
3.48,Mid-tier,Business,Northeast,2,1,3,Medium,Handshake,8,29,1,0,,
3.64,Lower-tier,STEM,South,1,1,3,Medium,LinkedIn,7,56,1,1,,
2.93,Top-tier,Humanities,Midwest,3,1,0,Medium,LinkedIn,1,12,2,2,,
3.64,Lower-tier,Healthcare,Northeast,0,0,3,Small,Handshake,11,95,7,1,,
3.86,Mid-tier,Humanities,Northeast,2,2,1,Medium,LinkedIn,6,25,2,2,,
3.18,Lower-tier,Business,South,1,2,2,Large,Handshake,2,13,2,2,,
2.76,Mid-tier,STEM,West,1,3,2,Medium,LinkedIn,3,28,2,1,,
3.07,Lower-tier,Healthcare,Midwest,0,4,2,Large,Indeed,5,91,2,0,,
3.37,Mid-tier,STEM,South,1,1,1,Large,Indeed,7,88,0,0,,
3.53,Mid-tier,Business,Midwest,2,1,6,Large,Handshake,3,13,2,0,,
3.55,Mid-tier,STEM,Northeast,1,2,6,Large,Indeed,10,225,0,0,,
2.7,Mid-tier,Business,Northeast,2,2,2,Medium,LinkedIn,9,45,1,0,,
2.95,Mid-tier,Humanities,South,1,3,3,Medium,Indeed,11,137,6,1,,
2.65,Mid-tier,STEM,West,1,1,1,Small,Handshake,10,46,7,2,,
3.34,Top-tier,Humanities,Midwest,2,3,2,Large,LinkedIn,12,60,3,2,,
2.85,Mid-tier,STEM,Midwest,1,2,3,Large,Handshake,1,5,2,1,,
3.99,Mid-tier,STEM,West,0,3,6,Large,Indeed,11,163,0,0,,
2.56,Lower-tier,Humanities,Midwest,3,3,1,Medium,LinkedIn,5,32,2,1,,
3.87,Mid-tier,Humanities,Northeast,0,1,2,Medium,Indeed,12,94,1,0,,
3.17,Mid-tier,STEM,Midwest,0,6,1,Medium,LinkedIn,4,12,1,1,,
2.9,Mid-tier,Business,Northeast,2,4,5,Medium,Indeed,8,125,1,0,,
2.72,Mid-tier,STEM,Midwest,0,3,2,Medium,Handshake,1,8,1,1,,
2.95,Mid-tier,Humanities,South,1,2,2,Small,Indeed,2,18,1,0,,
2.77,Mid-tier,Arts,Midwest,1,2,3,Small,Handshake,5,5,2,1,,
3.53,Mid-tier,STEM,Northeast,1,2,3,Medium,Handshake,8,45,4,3,,
2.67,Lower-tier,Business,South,3,0,5,Large,Handshake,8,21,2,2,,
3.16,Lower-tier,Healthcare,Northeast,0,3,2,Large,Handshake,12,58,2,1,,
3.14,Lower-tier,STEM,Midwest,0,6,2,Small,Handshake,4,21,1,0,,
2.89,Mid-tier,STEM,Northeast,3,1,2,Large,Handshake,3,12,1,1,,
3.59,Lower-tier,STEM,Northeast,3,6,4,Medium,Indeed,2,31,1,0,,
2.91,Mid-tier,STEM,West,1,1,1,Large,Handshake,12,44,3,1,,
3.08,Lower-tier,STEM,Northeast,0,6,1,Medium,Indeed,5,26,0,0,,
3.74,Mid-tier,Humanities,South,0,4,1,Medium,LinkedIn,8,25,2,1,,
2.86,Lower-tier,Business,West,2,1,5,Small,Handshake,7,44,2,2,,
3.03,Lower-tier,Business,Midwest,1,0,3,Medium,Handshake,7,58,5,1,,
3.09,Mid-tier,Humanities,West,0,3,0,Medium,Handshake,5,50,2,2,,
3.12,Mid-tier,STEM,West,0,1,3,Medium,Handshake,10,65,5,1,,
3.85,Top-tier,Humanities,West,0,1,3,Medium,LinkedIn,10,126,8,2,,
3.0,Mid-tier,Business,Midwest,1,1,4,Large,Handshake,9,43,3,1,,
3.3,Top-tier,STEM,Midwest,1,3,4,Medium,Indeed,11,196,3,0,,
3.32,Top-tier,STEM,Northeast,1,3,3,Large,Indeed,4,52,2,2,,
3.17,Mid-tier,STEM,Northeast,3,2,3,Medium,LinkedIn,7,60,2,1,,
3.35,Mid-tier,Arts,South,1,3,4,Large,Handshake,4,32,3,1,,
3.82,Mid-tier,STEM,West,0,1,3,Medium,Handshake,7,19,2,0,,
3.09,Mid-tier,Humanities,South,0,3,5,Medium,LinkedIn,7,58,2,2,,
3.47,Mid-tier,Business,West,3,3,4,Large,LinkedIn,1,10,1,1,,
3.63,Lower-tier,STEM,South,2,2,3,Large,Handshake,12,32,1,0,,
3.47,Mid-tier,Business,South,1,2,3,Medium,Handshake,1,7,2,1,,
3.25,Lower-tier,STEM,Northeast,1,0,4,Large,Indeed,4,47,2,1,,
3.58,Top-tier,Humanities,West,1,2,1,Medium,Indeed,12,56,2,1,,
2.97,Mid-tier,Healthcare,South,1,5,4,Small,Handshake,2,17,0,0,,
3.06,Lower-tier,Humanities,South,1,2,1,Small,Handshake,12,36,2,1,,
3.71,Mid-tier,Business,West,1,1,1,Small,Handshake,12,72,8,3,,
4.0,Lower-tier,Healthcare,Northeast,0,0,4,Medium,LinkedIn,8,21,2,2,,
3.11,Mid-tier,STEM,South,1,2,1,Large,Handshake,12,6,0,0,,
3.87,Lower-tier,STEM,Midwest,1,0,2,Medium,Handshake,6,36,4,1,,
3.16,Mid-tier,STEM,Midwest,1,4,2,Medium,LinkedIn,9,19,0,0,,
3.45,Mid-tier,Business,South,1,2,4,Medium,LinkedIn,1,11,2,2,,
3.82,Top-tier,STEM,Northeast,2,0,5,Large,LinkedIn,6,48,4,1,,
3.63,Mid-tier,Humanities,South,1,2,0,Small,LinkedIn,8,102,3,1,,
3.4,Mid-tier,Humanities,South,0,0,2,Large,LinkedIn,4,22,1,1,,
2.66,Mid-tier,Healthcare,Midwest,2,2,3,Small,LinkedIn,7,112,6,4,,
3.66,Mid-tier,Business,South,1,4,3,Large,Indeed,4,27,1,0,,
3.26,Top-tier,STEM,Northeast,0,2,3,Large,Indeed,5,96,1,1,,
3.19,Lower-tier,Business,Midwest,0,0,1,Large,LinkedIn,10,118,9,2,,
2.87,Top-tier,Business,Northeast,2,1,6,Small,Indeed,8,66,3,2,,
3.13,Lower-tier,Business,Northeast,1,2,3,Medium,LinkedIn,8,5,2,2,,
3.34,Lower-tier,STEM,South,1,2,0,Medium,Handshake,8,49,1,0,,
3.69,Mid-tier,Business,South,0,3,6,Large,Indeed,9,172,0,0,,
2.97,Lower-tier,Healthcare,West,2,3,3,Large,LinkedIn,3,28,0,0,,
3.15,Mid-tier,STEM,West,2,3,2,Medium,Indeed,9,70,1,1,,
3.14,Mid-tier,Business,South,1,3,6,Small,LinkedIn,6,37,2,2,,
3.5,Lower-tier,Business,West,0,4,6,Small,LinkedIn,1,8,0,0,,
3.46,Mid-tier,Humanities,Northeast,1,1,6,Large,LinkedIn,4,26,2,2,,
3.36,Lower-tier,Business,West,2,1,0,Small,Handshake,8,5,0,0,,
3.02,Lower-tier,STEM,Midwest,0,2,3,Medium,Handshake,10,73,2,1,,
3.97,Mid-tier,Humanities,West,2,4,3,Medium,LinkedIn,3,13,2,2,,
3.13,Top-tier,STEM,Northeast,1,1,4,Medium,LinkedIn,10,55,3,2,,
2.82,Top-tier,Business,South,3,5,2,Small,Indeed,8,5,0,0,,
3.29,Mid-tier,STEM,Midwest,3,5,1,Large,Handshake,3,18,2,0,,
3.23,Lower-tier,Business,Northeast,0,0,3,Large,LinkedIn,3,16,3,2,,
4.0,Top-tier,Humanities,West,1,1,3,Medium,Handshake,10,86,5,3,,
3.1,Top-tier,Humanities,Northeast,1,4,3,Large,Indeed,6,91,1,0,,
3.35,Mid-tier,Healthcare,West,4,2,4,Small,Indeed,7,131,4,4,,
3.41,Mid-tier,STEM,West,0,2,1,Medium,Indeed,4,48,0,0,,
3.84,Lower-tier,Arts,West,1,1,0,Large,Handshake,2,10,1,0,,
3.12,Mid-tier,Business,West,1,5,7,Medium,Handshake,12,48,4,0,,
3.6,Mid-tier,Humanities,West,0,0,5,Large,Handshake,6,36,0,0,,
2.58,Lower-tier,Arts,Northeast,1,1,1,Small,LinkedIn,12,48,1,0,,
3.66,Mid-tier,Humanities,South,2,4,2,Large,LinkedIn,3,10,2,1,,
3.74,Mid-tier,STEM,Northeast,1,1,2,Medium,Indeed,1,9,2,1,,
2.91,Mid-tier,STEM,South,0,2,4,Medium,Handshake,7,10,2,1,,
3.24,Mid-tier,Healthcare,South,1,0,3,Small,Indeed,2,21,0,0,,
2.63,Lower-tier,STEM,South,0,2,6,Large,Indeed,2,14,0,0,,
2.99,Mid-tier,Business,West,3,1,2,Large,Handshake,10,36,3,1,,
3.89,Lower-tier,Healthcare,South,4,0,2,Large,Indeed,12,134,1,0,,
3.71,Lower-tier,STEM,South,2,0,3,Small,Handshake,7,32,2,1,,
2.47,Lower-tier,Healthcare,South,0,3,1,Large,Handshake,9,64,5,1,,
3.68,Mid-tier,STEM,Midwest,0,0,4,Medium,Indeed,2,28,1,1,,
3.23,Mid-tier,STEM,South,1,0,1,Large,Handshake,9,51,2,1,,
3.5,Lower-tier,Humanities,South,1,2,3,Medium,Handshake,12,46,3,1,,
2.9,Top-tier,Humanities,West,2,2,1,Large,LinkedIn,8,54,3,1,,
2.96,Lower-tier,Business,West,1,2,4,Large,LinkedIn,1,5,2,1,,
3.51,Mid-tier,Healthcare,West,1,1,2,Small,Handshake,4,32,5,0,,
3.28,Mid-tier,Humanities,West,0,3,6,Large,Indeed,7,102,1,0,,
3.47,Mid-tier,Healthcare,Northeast,3,3,3,Medium,Handshake,11,66,3,1,,
3.84,Lower-tier,STEM,West,1,2,5,Large,LinkedIn,6,70,4,4,,
3.22,Top-tier,Humanities,Northeast,5,1,5,Large,LinkedIn,12,52,2,2,,
3.85,Lower-tier,Humanities,Midwest,1,1,1,Large,Indeed,4,46,3,1,,
3.49,Mid-tier,Humanities,West,1,6,0,Large,LinkedIn,12,40,2,1,,
3.02,Mid-tier,STEM,West,0,4,2,Small,Handshake,9,72,10,2,,
3.57,Mid-tier,Healthcare,West,1,3,4,Large,Handshake,11,88,5,3,,
3.41,Lower-tier,STEM,South,2,1,4,Medium,Indeed,10,111,0,0,,
3.7,Mid-tier,STEM,Northeast,3,3,6,Medium,Indeed,3,59,0,0,,
2.98,Mid-tier,Business,Midwest,0,0,3,Medium,LinkedIn,9,117,3,0,,
3.44,Mid-tier,Healthcare,Northeast,2,2,3,Small,LinkedIn,5,65,2,1,,
2.52,Mid-tier,STEM,West,4,0,2,Large,Handshake,1,5,2,2,,
3.36,Mid-tier,Humanities,Northeast,1,2,3,Large,LinkedIn,9,67,3,3,,
3.19,Mid-tier,Business,Northeast,1,3,3,Medium,LinkedIn,10,93,2,1,,
3.02,Lower-tier,Humanities,South,0,5,1,Small,Indeed,11,104,4,1,,
3.55,Lower-tier,Business,Midwest,0,6,0,Medium,Handshake,5,30,2,1,,
3.0,Mid-tier,STEM,Northeast,2,0,1,Medium,LinkedIn,9,27,1,0,,
2.64,Lower-tier,Business,Northeast,1,0,3,Large,LinkedIn,10,115,3,2,,
2.91,Lower-tier,Business,Northeast,3,2,1,Small,LinkedIn,8,86,3,2,,
2.25,Mid-tier,STEM,South,0,1,3,Medium,Handshake,3,5,0,0,,
3.18,Mid-tier,Humanities,Midwest,1,1,3,Small,Indeed,1,14,0,0,,
3.31,Lower-tier,STEM,Midwest,1,2,2,Medium,Indeed,3,48,1,0,,
2.99,Top-tier,Business,Northeast,1,1,4,Large,LinkedIn,3,32,2,2,,
3.3,Mid-tier,Healthcare,Midwest,0,2,4,Medium,Handshake,12,86,5,2,,
3.32,Mid-tier,STEM,South,0,5,1,Large,LinkedIn,1,5,0,0,,
3.5,Lower-tier,Business,Northeast,1,2,4,Large,Indeed,10,71,4,4,,
3.41,Top-tier,Business,West,1,5,4,Medium,Indeed,10,103,2,1,,
3.04,Mid-tier,Business,West,1,2,3,Large,LinkedIn,5,30,2,1,,
3.35,Lower-tier,STEM,Northeast,1,1,3,Small,Handshake,6,41,4,0,,
3.15,Mid-tier,Humanities,Northeast,0,0,4,Large,Handshake,1,6,1,0,,
2.91,Lower-tier,STEM,Northeast,4,3,5,Small,Handshake,12,60,5,0,,
3.24,Lower-tier,STEM,Northeast,1,1,2,Large,LinkedIn,9,21,2,2,,
3.07,Lower-tier,STEM,South,1,4,3,Small,Handshake,10,65,4,2,,
3.36,Lower-tier,STEM,Midwest,3,0,1,Large,LinkedIn,1,5,0,0,,
3.36,Lower-tier,Business,West,2,0,3,Large,Handshake,2,6,2,2,,
3.78,Lower-tier,Business,Midwest,0,2,4,Large,LinkedIn,9,85,4,0,,
3.91,Mid-tier,STEM,Northeast,0,4,3,Medium,Indeed,9,202,8,6,,
3.18,Top-tier,Business,South,3,6,5,Medium,Handshake,6,48,7,3,,
2.61,Lower-tier,Business,Midwest,2,0,5,Small,LinkedIn,5,5,0,0,,
2.29,Lower-tier,Healthcare,South,3,2,8,Large,Handshake,1,5,2,2,,
3.25,Mid-tier,Business,Northeast,5,1,3,Large,LinkedIn,2,21,2,1,,
2.3,Lower-tier,STEM,South,1,0,3,Large,LinkedIn,12,84,4,0,,
3.05,Mid-tier,Humanities,South,1,1,1,Medium,LinkedIn,8,66,2,1,,
3.17,Lower-tier,STEM,Midwest,0,2,3,Large,Handshake,3,15,2,2,,
3.57,Mid-tier,Healthcare,Northeast,0,2,4,Medium,LinkedIn,9,73,2,2,,
3.61,Lower-tier,Humanities,South,1,1,4,Large,Indeed,4,40,2,1,,
3.59,Lower-tier,STEM,Northeast,3,3,4,Medium,LinkedIn,8,85,4,2,,
3.63,Lower-tier,Business,South,1,2,3,Small,LinkedIn,1,9,2,1,,
3.64,Top-tier,STEM,Midwest,1,2,2,Small,LinkedIn,2,10,0,0,,
3.22,Mid-tier,Business,Midwest,0,2,2,Large,LinkedIn,4,32,1,1,,
3.28,Mid-tier,STEM,South,1,1,5,Small,Handshake,7,23,2,0,,
3.41,Mid-tier,Humanities,Northeast,1,1,3,Large,Handshake,2,6,1,1,,
2.72,Mid-tier,STEM,Northeast,1,2,3,Medium,Indeed,11,152,3,3,,
3.41,Mid-tier,STEM,Northeast,2,5,3,Small,LinkedIn,12,106,4,2,,
2.64,Mid-tier,STEM,West,0,0,4,Small,Indeed,6,99,0,0,,
3.76,Mid-tier,Business,West,1,2,2,Large,Handshake,6,39,1,0,,
3.38,Top-tier,STEM,Northeast,4,1,5,Medium,LinkedIn,7,33,2,2,,
3.53,Mid-tier,STEM,Northeast,2,3,6,Large,LinkedIn,4,42,2,1,,
3.12,Mid-tier,Business,Northeast,0,0,2,Large,LinkedIn,7,53,3,3,,
3.22,Lower-tier,Business,Midwest,2,3,3,Large,LinkedIn,12,98,5,1,,
3.92,Mid-tier,Business,Midwest,3,2,1,Medium,Handshake,9,30,2,2,,
3.81,Mid-tier,Business,Northeast,0,2,8,Large,Handshake,11,42,2,1,,
2.0,Lower-tier,Healthcare,South,0,1,5,Medium,Indeed,10,50,0,0,,
4.0,Mid-tier,STEM,Northeast,0,2,1,Medium,Indeed,12,256,4,4,,
4.0,Mid-tier,Business,South,3,0,2,Small,LinkedIn,5,20,2,1,,
3.66,Lower-tier,Arts,Northeast,0,1,0,Medium,Indeed,11,115,4,1,,
3.76,Lower-tier,STEM,South,0,4,4,Medium,Indeed,10,203,1,0,,
3.37,Mid-tier,Business,Northeast,1,2,2,Large,LinkedIn,7,63,2,2,,
3.9,Mid-tier,Business,Midwest,3,2,0,Large,LinkedIn,9,88,4,3,,
4.0,Top-tier,Humanities,West,0,1,4,Large,Handshake,6,34,2,1,,
2.87,Mid-tier,Business,Northeast,3,2,3,Medium,Handshake,2,5,2,2,,
3.88,Lower-tier,Business,Northeast,2,1,2,Small,Indeed,3,17,2,2,,
3.04,Lower-tier,STEM,Northeast,1,1,2,Medium,Handshake,3,28,2,1,,
3.42,Lower-tier,Business,West,3,0,4,Large,Handshake,8,48,1,0,,
3.29,Top-tier,STEM,West,1,1,2,Large,Handshake,2,5,2,2,,
3.14,Lower-tier,Business,South,3,1,2,Large,Indeed,9,148,8,3,,
3.51,Mid-tier,Business,West,3,1,3,Medium,Indeed,7,5,2,1,,
3.32,Lower-tier,STEM,Northeast,2,2,1,Large,LinkedIn,10,21,0,0,,
3.38,Mid-tier,STEM,Midwest,1,3,2,Medium,Indeed,11,199,1,0,,
2.76,Mid-tier,Business,Midwest,2,3,0,Large,LinkedIn,4,27,2,1,,
3.57,Mid-tier,Arts,Northeast,0,3,3,Medium,LinkedIn,8,74,2,2,,
3.06,Mid-tier,Business,Northeast,0,4,2,Medium,LinkedIn,2,22,0,0,,
3.43,Mid-tier,Business,Northeast,0,1,1,Small,Handshake,8,57,6,3,,
3.15,Mid-tier,Business,Northeast,0,1,0,Large,LinkedIn,4,40,0,0,,
3.15,Top-tier,Healthcare,Northeast,2,1,4,Small,LinkedIn,7,106,6,5,,
3.08,Lower-tier,STEM,West,1,1,5,Large,LinkedIn,5,35,3,1,,
2.49,Mid-tier,Business,South,2,5,2,Large,LinkedIn,3,6,2,2,,
2.53,Lower-tier,STEM,West,0,3,1,Medium,Indeed,1,16,0,0,,
2.86,Mid-tier,Humanities,Northeast,3,2,0,Large,Handshake,1,8,0,0,,
3.83,Top-tier,Arts,West,1,0,5,Medium,LinkedIn,12,126,5,5,,
3.63,Mid-tier,Business,Midwest,0,2,2,Small,Indeed,3,37,0,0,,
3.73,Lower-tier,Healthcare,South,0,0,3,Large,Indeed,4,42,0,0,,
3.03,Lower-tier,STEM,West,2,2,6,Small,Handshake,2,15,0,0,,
2.79,Mid-tier,Healthcare,West,1,2,3,Large,Handshake,8,45,5,3,,
2.66,Lower-tier,STEM,Northeast,4,3,3,Small,Handshake,5,38,3,1,,
3.72,Mid-tier,Business,Midwest,0,3,3,Large,Handshake,5,26,0,0,,
3.26,Mid-tier,Humanities,Northeast,0,1,3,Small,Handshake,3,16,1,0,,
3.73,Lower-tier,Business,South,0,1,3,Medium,Handshake,4,17,1,1,,
3.48,Mid-tier,Humanities,Midwest,4,5,6,Small,Handshake,9,39,5,1,,
3.34,Mid-tier,Business,Midwest,0,3,1,Large,Indeed,12,230,3,1,,
3.48,Mid-tier,Business,Northeast,2,2,4,Medium,Indeed,2,16,1,0,,
3.52,Lower-tier,Healthcare,South,1,2,3,Medium,Handshake,5,35,2,1,,
2.95,Mid-tier,STEM,Northeast,2,1,4,Large,Indeed,3,32,0,0,,
3.76,Mid-tier,STEM,South,0,0,4,Small,LinkedIn,6,41,2,1,,
3.8,Lower-tier,STEM,West,0,4,6,Medium,Handshake,8,34,3,1,,
3.84,Mid-tier,Healthcare,West,0,2,0,Large,Indeed,10,148,7,2,,
2.9,Lower-tier,Arts,West,0,2,1,Large,Indeed,5,60,0,0,,
2.83,Mid-tier,STEM,West,0,3,2,Large,Handshake,6,43,5,2,,
2.99,Lower-tier,Humanities,Northeast,0,2,6,Medium,LinkedIn,10,121,3,3,,
3.48,Mid-tier,Healthcare,South,1,1,2,Small,Indeed,5,86,4,4,,
3.13,Top-tier,Business,West,0,1,7,Large,Handshake,6,31,5,1,,
3.33,Mid-tier,Humanities,South,0,1,5,Medium,LinkedIn,8,9,0,0,,
3.41,Mid-tier,Business,Northeast,2,4,3,Medium,LinkedIn,12,112,3,2,,
2.95,Lower-tier,Healthcare,West,1,2,3,Large,Handshake,5,5,0,0,,
3.47,Lower-tier,STEM,South,2,3,5,Medium,Handshake,7,53,2,2,,
3.36,Mid-tier,STEM,Midwest,2,2,2,Medium,Handshake,5,31,2,1,,
3.58,Lower-tier,Humanities,West,2,1,4,Small,Handshake,10,58,3,1,,
3.82,Lower-tier,STEM,Northeast,1,3,1,Large,Handshake,6,9,1,0,,
3.7,Lower-tier,Healthcare,South,0,1,6,Large,Handshake,10,46,2,2,,
3.18,Lower-tier,Humanities,West,1,3,5,Large,Handshake,4,17,2,0,,
3.48,Mid-tier,Business,South,1,2,1,Large,LinkedIn,9,78,3,2,,
3.62,Mid-tier,STEM,West,1,3,5,Medium,LinkedIn,11,66,4,2,,
2.88,Top-tier,STEM,West,1,2,4,Large,LinkedIn,7,18,0,0,,
3.16,Mid-tier,STEM,South,1,0,5,Medium,LinkedIn,11,97,2,0,,
2.9,Mid-tier,Healthcare,South,1,2,5,Small,Handshake,9,73,3,2,,
3.48,Top-tier,Business,West,1,1,3,Medium,LinkedIn,3,12,1,0,,
3.15,Lower-tier,STEM,Northeast,0,1,5,Medium,Handshake,7,31,1,0,,
2.96,Lower-tier,STEM,South,0,3,1,Small,Indeed,3,28,0,0,,
3.24,Lower-tier,STEM,West,1,1,2,Large,LinkedIn,5,58,1,0,,
2.99,Mid-tier,Healthcare,West,0,1,3,Medium,Handshake,8,82,7,3,,
3.02,Mid-tier,Business,West,2,2,0,Medium,LinkedIn,8,61,1,0,,
2.71,Mid-tier,Healthcare,Northeast,1,0,5,Large,Indeed,2,38,1,0,,
3.19,Lower-tier,Humanities,Northeast,0,2,3,Small,Handshake,9,43,4,0,,
2.96,Mid-tier,Business,Midwest,2,8,3,Medium,Handshake,1,5,0,0,,
3.28,Mid-tier,Humanities,Midwest,0,3,2,Medium,Handshake,9,30,3,1,,
3.33,Lower-tier,Business,Northeast,1,2,0,Medium,Handshake,11,27,2,2,,
3.53,Top-tier,STEM,West,0,0,6,Small,LinkedIn,3,15,0,0,,
3.21,Mid-tier,Business,West,2,1,2,Large,LinkedIn,1,10,0,0,,
2.79,Mid-tier,Healthcare,South,3,3,4,Small,Handshake,6,20,3,1,,
3.51,Lower-tier,Humanities,Midwest,0,1,1,Small,Indeed,3,48,0,0,,
3.78,Mid-tier,STEM,West,0,1,4,Large,LinkedIn,6,38,5,1,,
3.22,Lower-tier,Business,West,0,4,1,Medium,Handshake,7,23,3,1,,
3.36,Lower-tier,Business,South,1,2,3,Large,LinkedIn,4,30,0,0,,
3.26,Lower-tier,Humanities,Midwest,0,4,2,Medium,Indeed,5,35,1,0,,
3.01,Mid-tier,Business,South,2,1,4,Large,LinkedIn,3,23,1,0,,
2.67,Top-tier,Business,South,0,1,2,Medium,Indeed,7,68,1,0,,
2.69,Mid-tier,Arts,Northeast,1,2,4,Large,LinkedIn,7,33,1,0,,
3.39,Lower-tier,Business,Midwest,2,4,3,Medium,LinkedIn,9,73,4,4,,
3.3,Mid-tier,STEM,South,0,2,3,Large,Indeed,7,122,2,1,,
3.31,Top-tier,Business,Northeast,1,3,3,Large,LinkedIn,2,9,1,1,,
3.48,Lower-tier,STEM,Northeast,0,0,7,Large,Handshake,11,5,1,0,,
2.77,Mid-tier,STEM,Midwest,2,3,5,Large,LinkedIn,1,5,0,0,,
3.28,Top-tier,Business,South,1,2,1,Small,LinkedIn,10,100,5,2,,
3.9,Top-tier,Humanities,Northeast,1,2,3,Medium,LinkedIn,7,78,3,1,,
3.61,Mid-tier,STEM,Northeast,3,1,3,Small,Handshake,1,5,0,0,,
3.96,Top-tier,Business,Midwest,2,0,4,Medium,LinkedIn,4,29,1,1,,
3.28,Mid-tier,Arts,South,3,3,2,Medium,Handshake,11,66,9,4,,
4.0,Lower-tier,STEM,Northeast,2,1,5,Medium,LinkedIn,11,113,1,1,,
3.78,Mid-tier,Healthcare,Midwest,3,1,5,Large,Indeed,7,71,0,0,,
2.54,Mid-tier,Business,West,2,1,2,Large,LinkedIn,1,10,2,2,,
3.32,Mid-tier,Business,South,2,2,3,Large,Indeed,4,57,0,0,,
3.03,Mid-tier,Business,South,2,1,2,Large,Handshake,6,46,3,2,,
2.65,Lower-tier,Business,Northeast,2,1,5,Medium,LinkedIn,3,6,0,0,,
3.03,Mid-tier,Business,Northeast,4,2,1,Medium,Indeed,2,38,0,0,,
3.32,Lower-tier,Healthcare,South,2,5,4,Medium,LinkedIn,11,69,4,4,,
2.99,Mid-tier,Business,Midwest,0,1,4,Large,LinkedIn,8,94,5,1,,
3.3,Lower-tier,Business,Midwest,4,6,3,Large,LinkedIn,2,19,1,0,,
3.42,Mid-tier,Arts,Northeast,0,2,1,Small,Handshake,9,39,2,2,,
2.71,Mid-tier,STEM,West,0,1,1,Large,Handshake,5,23,3,0,,
2.83,Top-tier,Business,Midwest,0,0,3,Large,Handshake,2,5,1,0,,
3.94,Mid-tier,STEM,Midwest,1,2,2,Large,LinkedIn,1,9,2,2,,
2.99,Mid-tier,Business,Northeast,3,1,3,Large,Indeed,11,174,3,0,,
2.98,Lower-tier,Business,West,0,2,2,Large,Handshake,12,44,0,0,,
2.93,Lower-tier,Business,West,1,1,5,Large,LinkedIn,8,26,2,1,,
4.0,Lower-tier,Business,Midwest,1,3,0,Medium,Indeed,7,95,2,0,,
3.53,Mid-tier,Business,West,0,1,3,Large,Handshake,3,5,0,0,,
3.81,Mid-tier,Business,Northeast,3,1,6,Medium,Handshake,1,6,2,1,,
2.74,Lower-tier,Healthcare,South,1,3,2,Medium,Handshake,1,5,2,1,,
3.73,Lower-tier,Humanities,Midwest,1,4,3,Large,Handshake,7,28,1,1,,
3.57,Mid-tier,STEM,West,1,2,3,Large,Handshake,9,67,3,2,,
3.57,Lower-tier,Business,West,0,1,4,Medium,Handshake,11,42,4,0,,
3.04,Top-tier,Healthcare,Midwest,1,1,5,Large,Handshake,6,38,2,1,,
3.34,Mid-tier,Business,South,0,3,2,Small,Handshake,6,39,2,2,,
3.16,Mid-tier,STEM,Northeast,2,2,1,Large,Indeed,6,103,2,0,,
3.08,Mid-tier,STEM,Midwest,1,1,2,Medium,Indeed,8,101,0,0,,
3.05,Mid-tier,Humanities,Northeast,0,0,2,Small,Handshake,7,46,2,2,,
3.07,Lower-tier,Business,South,0,3,1,Large,LinkedIn,1,10,0,0,,
2.79,Lower-tier,Business,Midwest,0,2,5,Large,Indeed,6,102,2,0,,
3.11,Mid-tier,Healthcare,South,2,4,4,Medium,Indeed,3,47,0,0,,
2.85,Mid-tier,STEM,Northeast,2,3,3,Small,Indeed,1,13,2,2,,
2.84,Mid-tier,Healthcare,Midwest,1,1,4,Large,Handshake,1,5,0,0,,
3.29,Mid-tier,Arts,Midwest,1,2,6,Small,Handshake,12,86,4,2,,
3.32,Top-tier,STEM,South,2,1,2,Small,LinkedIn,4,20,0,0,,
3.03,Lower-tier,STEM,West,0,2,4,Large,Indeed,6,90,2,1,,
3.2,Lower-tier,Business,Northeast,1,1,2,Small,Indeed,10,165,1,0,,
2.73,Mid-tier,Business,South,3,0,1,Small,Handshake,4,10,2,1,,
3.21,Lower-tier,Business,Northeast,1,0,3,Medium,LinkedIn,12,160,7,5,,
3.69,Mid-tier,Business,Midwest,0,1,9,Small,LinkedIn,8,46,3,3,,
3.02,Lower-tier,STEM,Northeast,1,4,3,Large,Indeed,10,56,3,1,,
3.43,Lower-tier,STEM,Midwest,1,3,4,Medium,Handshake,1,5,0,0,,
3.12,Mid-tier,Healthcare,South,0,4,1,Large,Handshake,4,6,2,0,,
4.0,Mid-tier,Business,West,1,2,4,Small,Indeed,1,15,2,1,,
2.73,Lower-tier,Humanities,West,1,0,6,Large,Handshake,5,16,2,0,,
3.77,Mid-tier,Healthcare,Northeast,2,2,4,Medium,LinkedIn,6,58,2,1,,
2.82,Lower-tier,STEM,West,1,2,1,Medium,Handshake,8,33,3,0,,
2.53,Mid-tier,Humanities,Midwest,0,2,7,Small,LinkedIn,9,55,2,1,,
2.8,Lower-tier,Business,Midwest,0,3,1,Medium,Handshake,4,26,5,2,,
3.04,Top-tier,Business,South,4,3,3,Medium,LinkedIn,10,23,2,1,,
2.87,Mid-tier,Business,West,2,2,6,Large,Handshake,1,8,1,1,,
2.79,Lower-tier,Healthcare,Midwest,0,5,1,Large,Handshake,7,58,2,1,,
3.25,Mid-tier,Business,Northeast,0,2,4,Small,LinkedIn,2,8,0,0,,
3.21,Mid-tier,STEM,Midwest,0,3,4,Medium,LinkedIn,11,137,6,3,,
2.93,Mid-tier,Arts,Midwest,1,0,3,Small,Handshake,1,5,0,0,,
4.0,Mid-tier,Humanities,South,1,5,3,Large,LinkedIn,6,7,2,0,,
3.23,Mid-tier,Business,South,0,3,7,Medium,Handshake,10,28,2,1,,
3.45,Mid-tier,STEM,Midwest,1,3,0,Medium,Handshake,3,27,2,2,,
3.64,Lower-tier,Business,Northeast,0,2,3,Large,LinkedIn,3,27,3,1,,
3.83,Mid-tier,Healthcare,South,2,4,2,Medium,LinkedIn,4,26,2,1,,
2.92,Lower-tier,STEM,South,1,4,1,Small,LinkedIn,2,5,0,0,,
3.02,Mid-tier,Business,South,1,3,3,Medium,LinkedIn,7,105,6,2,,
3.08,Top-tier,Healthcare,West,3,0,6,Large,LinkedIn,4,18,2,1,,
3.0,Mid-tier,STEM,Midwest,1,2,2,Medium,LinkedIn,1,9,0,0,,
3.81,Lower-tier,Business,Midwest,1,3,2,Small,LinkedIn,10,98,3,3,,
2.83,Lower-tier,Business,South,0,2,3,Medium,LinkedIn,2,16,2,0,,
2.84,Top-tier,Business,Midwest,3,1,4,Large,LinkedIn,8,53,3,1,,
3.42,Mid-tier,Humanities,West,1,0,2,Large,LinkedIn,11,122,4,2,,
2.92,Lower-tier,Business,Northeast,2,1,2,Small,LinkedIn,9,67,1,0,,
3.62,Mid-tier,STEM,West,0,0,5,Small,Handshake,10,68,7,2,,
3.54,Mid-tier,Business,West,2,3,4,Medium,LinkedIn,9,136,2,2,,
3.09,Lower-tier,STEM,Northeast,0,2,4,Small,Handshake,9,37,0,0,,
3.78,Mid-tier,Business,South,0,2,2,Medium,LinkedIn,4,28,1,0,,
2.95,Mid-tier,Healthcare,West,1,2,2,Medium,Handshake,1,5,0,0,,
3.16,Mid-tier,Arts,South,4,3,3,Small,Handshake,1,5,2,2,,
2.68,Lower-tier,STEM,South,4,2,2,Medium,LinkedIn,10,48,3,3,,
3.64,Mid-tier,STEM,South,0,1,4,Large,LinkedIn,12,30,1,0,,
3.28,Mid-tier,STEM,Northeast,2,2,1,Small,Handshake,4,22,3,1,,
3.2,Lower-tier,Humanities,Northeast,3,1,4,Medium,Indeed,12,106,5,1,,
3.43,Lower-tier,Business,Northeast,1,1,5,Small,Handshake,2,5,0,0,,
3.6,Top-tier,Business,West,0,5,3,Large,LinkedIn,7,31,2,1,,
3.37,Top-tier,Humanities,South,1,5,3,Large,Indeed,1,11,0,0,,
2.84,Top-tier,STEM,South,2,4,0,Large,LinkedIn,4,31,0,0,,
2.83,Mid-tier,Business,Midwest,0,3,1,Medium,Indeed,10,183,4,1,,
3.21,Top-tier,Business,Northeast,5,2,4,Small,LinkedIn,10,10,0,0,,
3.0,Lower-tier,Healthcare,Northeast,2,4,0,Medium,Indeed,6,88,1,0,,
2.98,Mid-tier,Healthcare,Northeast,0,1,4,Small,Handshake,6,59,7,3,,
3.71,Lower-tier,Humanities,Midwest,1,0,5,Large,Indeed,4,59,0,0,,
3.11,Mid-tier,STEM,Midwest,1,0,5,Large,Indeed,7,53,0,0,,
3.37,Mid-tier,Business,Northeast,1,1,4,Large,Handshake,2,13,2,2,,
3.02,Mid-tier,STEM,South,1,4,0,Small,LinkedIn,12,94,4,2,,
3.51,Top-tier,STEM,West,1,0,2,Large,Handshake,12,12,1,0,,
3.64,Mid-tier,STEM,Northeast,2,2,2,Small,Handshake,3,28,4,0,,
3.99,Mid-tier,Business,South,1,3,5,Medium,LinkedIn,12,58,0,0,,
3.36,Lower-tier,Healthcare,West,1,2,3,Large,Indeed,12,60,0,0,,
3.38,Mid-tier,Business,Northeast,0,5,4,Medium,LinkedIn,4,46,1,0,,
3.86,Mid-tier,Arts,Midwest,0,1,4,Large,Handshake,2,19,2,2,,
2.97,Lower-tier,Business,South,0,2,2,Medium,LinkedIn,11,104,6,2,,
2.52,Mid-tier,Business,West,2,2,1,Large,Indeed,4,51,0,0,,
3.75,Mid-tier,STEM,South,1,1,3,Small,LinkedIn,11,104,2,1,,
3.81,Lower-tier,Healthcare,West,2,3,1,Small,Handshake,9,60,3,1,,
2.93,Lower-tier,Healthcare,South,1,0,3,Small,Indeed,2,30,1,1,,
2.97,Mid-tier,Business,Northeast,2,2,5,Large,LinkedIn,11,71,2,1,,
3.37,Lower-tier,Humanities,West,2,3,4,Large,LinkedIn,4,34,2,2,,
3.38,Mid-tier,Business,Midwest,3,1,4,Large,LinkedIn,7,59,5,2,,
3.08,Lower-tier,Business,Northeast,1,4,6,Large,Handshake,1,5,0,0,,
3.81,Mid-tier,Healthcare,Midwest,3,1,5,Small,Handshake,7,24,2,2,,
3.7,Lower-tier,Business,Northeast,1,0,6,Medium,Handshake,9,66,2,2,,
3.03,Lower-tier,Humanities,West,1,0,3,Medium,LinkedIn,3,26,1,0,,
2.6,Mid-tier,Arts,West,0,2,2,Small,Indeed,12,138,3,1,,
2.93,Lower-tier,STEM,South,0,5,3,Large,LinkedIn,3,31,0,0,,
2.93,Mid-tier,STEM,Midwest,1,0,3,Small,Handshake,9,31,2,1,,
3.08,Mid-tier,Healthcare,South,3,2,1,Large,LinkedIn,8,29,2,2,,
3.03,Mid-tier,Arts,West,1,2,2,Large,LinkedIn,6,82,4,2,,
3.42,Mid-tier,Humanities,Northeast,1,2,2,Small,LinkedIn,10,91,1,1,,
2.77,Mid-tier,STEM,Northeast,0,4,3,Large,LinkedIn,10,110,5,3,,
3.05,Top-tier,Healthcare,Midwest,2,4,9,Small,LinkedIn,9,97,1,1,,
3.0,Mid-tier,Arts,South,2,6,4,Medium,Indeed,7,80,1,0,,
3.0,Mid-tier,Business,Northeast,2,3,3,Large,LinkedIn,3,11,0,0,,
3.31,Top-tier,STEM,West,0,2,6,Large,Handshake,1,5,2,1,,
3.25,Lower-tier,STEM,Midwest,2,2,3,Large,Indeed,11,196,2,0,,
3.08,Lower-tier,STEM,Midwest,0,1,5,Large,LinkedIn,8,54,2,0,,
2.73,Mid-tier,Business,Northeast,1,0,3,Medium,Handshake,6,37,3,1,,
3.66,Mid-tier,Business,Northeast,0,2,3,Small,Handshake,8,24,2,0,,
3.11,Lower-tier,Healthcare,West,0,1,3,Medium,LinkedIn,6,46,1,0,,
3.61,Lower-tier,Business,Northeast,0,1,3,Medium,LinkedIn,5,27,0,0,,
3.16,Lower-tier,STEM,West,3,2,4,Medium,LinkedIn,12,126,6,1,,
3.3,Mid-tier,Arts,West,2,2,2,Medium,Indeed,12,168,2,0,,
2.98,Lower-tier,Humanities,South,3,0,4,Small,LinkedIn,12,124,5,5,,
2.73,Mid-tier,Business,Midwest,3,1,2,Medium,LinkedIn,2,5,2,1,,
2.32,Top-tier,Healthcare,Northeast,0,0,2,Medium,LinkedIn,4,28,1,0,,
3.16,Top-tier,Healthcare,South,3,1,2,Small,Handshake,2,11,2,1,,
3.1,Mid-tier,STEM,Northeast,0,3,3,Large,LinkedIn,2,5,0,0,,
2.76,Top-tier,Business,Midwest,1,0,1,Large,LinkedIn,10,56,2,1,,
3.38,Lower-tier,STEM,Midwest,2,2,1,Medium,Handshake,1,6,0,0,,
2.76,Lower-tier,STEM,Midwest,0,3,4,Small,Handshake,5,8,0,0,,
3.11,Lower-tier,Business,Northeast,0,2,2,Large,Handshake,8,48,3,1,,
3.14,Top-tier,STEM,South,2,4,4,Large,Handshake,6,30,2,2,,
2.91,Top-tier,STEM,Northeast,1,2,2,Large,Handshake,4,26,0,0,,
3.31,Mid-tier,STEM,West,0,6,4,Medium,Handshake,8,81,6,3,,
3.34,Lower-tier,STEM,West,1,2,2,Large,LinkedIn,11,137,6,3,,
2.77,Mid-tier,Healthcare,Midwest,0,0,2,Small,Indeed,1,6,0,0,,
3.87,Lower-tier,STEM,Midwest,0,0,2,Medium,LinkedIn,10,48,2,2,,
3.18,Top-tier,STEM,South,3,1,4,Medium,Indeed,12,186,6,3,,
2.99,Mid-tier,Arts,Midwest,0,0,3,Medium,Handshake,7,53,7,2,,
3.24,Mid-tier,STEM,West,0,2,2,Medium,LinkedIn,2,19,0,0,,
2.75,Mid-tier,STEM,South,4,3,2,Medium,Handshake,3,16,2,1,,
2.88,Mid-tier,Arts,South,3,3,3,Medium,Handshake,11,58,5,1,,
3.21,Top-tier,Healthcare,South,2,6,6,Large,Indeed,2,31,0,0,,
2.43,Mid-tier,STEM,Midwest,3,2,4,Medium,Handshake,2,8,3,0,,
3.44,Top-tier,Business,South,2,5,2,Small,Handshake,5,21,3,0,,
3.17,Lower-tier,STEM,Northeast,0,3,3,Medium,LinkedIn,3,33,3,3,,
2.5,Mid-tier,STEM,West,0,0,1,Large,LinkedIn,8,84,1,0,,
3.37,Mid-tier,STEM,Northeast,1,1,2,Medium,Handshake,4,18,2,2,,
2.69,Lower-tier,STEM,West,2,1,2,Large,LinkedIn,2,12,2,1,,
3.19,Lower-tier,Business,South,3,0,2,Large,Indeed,9,64,3,2,,
3.41,Lower-tier,STEM,West,2,1,2,Large,LinkedIn,9,49,1,0,,
2.91,Mid-tier,Business,Midwest,2,1,6,Small,Indeed,8,110,4,2,,
3.35,Top-tier,STEM,West,0,1,3,Small,Indeed,1,14,2,2,,
2.7,Mid-tier,Humanities,Northeast,0,2,1,Large,Handshake,12,106,9,4,,
4.0,Top-tier,Humanities,Midwest,0,2,2,Medium,LinkedIn,1,7,0,0,,
3.22,Mid-tier,STEM,Midwest,1,5,4,Large,Handshake,7,29,2,0,,
3.31,Top-tier,Arts,Midwest,0,0,4,Small,Handshake,9,21,2,2,,
2.95,Mid-tier,STEM,Midwest,0,4,6,Medium,Indeed,5,79,2,1,,
2.74,Lower-tier,STEM,Northeast,0,1,2,Medium,LinkedIn,3,23,0,0,,
3.54,Mid-tier,Humanities,Midwest,0,0,2,Large,LinkedIn,1,11,2,2,,
3.91,Mid-tier,STEM,Northeast,2,3,0,Medium,LinkedIn,2,8,0,0,,
2.6,Mid-tier,Business,Northeast,0,0,0,Large,Indeed,2,31,2,1,,
2.92,Lower-tier,Business,South,1,1,4,Large,Indeed,1,10,1,0,,
3.28,Lower-tier,Business,West,2,1,2,Large,LinkedIn,12,98,3,1,,
3.28,Mid-tier,Healthcare,Midwest,2,2,5,Large,Indeed,9,157,0,0,,
3.5,Lower-tier,Healthcare,South,1,4,5,Medium,Indeed,5,60,0,0,,
3.47,Mid-tier,STEM,Midwest,0,6,1,Large,LinkedIn,1,12,0,0,,
3.52,Mid-tier,STEM,West,4,4,4,Medium,Handshake,3,24,2,1,,
3.02,Lower-tier,STEM,Northeast,2,2,2,Large,Handshake,4,30,5,0,,
3.24,Top-tier,Business,Midwest,2,1,2,Medium,Handshake,5,25,2,1,,
3.92,Mid-tier,STEM,Midwest,3,4,2,Large,LinkedIn,11,163,4,3,,
3.18,Top-tier,Arts,Midwest,0,2,5,Medium,LinkedIn,7,88,4,2,,
3.14,Mid-tier,STEM,South,1,2,2,Medium,Handshake,9,31,4,2,,
3.75,Top-tier,STEM,Northeast,3,3,1,Large,LinkedIn,5,30,2,2,,
3.26,Mid-tier,STEM,Northeast,0,2,6,Large,Handshake,4,22,0,0,,
3.61,Top-tier,Arts,Midwest,2,0,0,Large,LinkedIn,9,121,6,1,,
3.39,Lower-tier,Business,West,0,1,4,Small,LinkedIn,9,75,2,2,,
3.31,Mid-tier,STEM,South,3,0,4,Medium,Indeed,9,82,0,0,,
2.77,Mid-tier,STEM,Northeast,2,3,2,Large,LinkedIn,5,57,0,0,,
3.37,Mid-tier,Business,South,0,4,3,Large,LinkedIn,4,22,1,0,,
3.27,Mid-tier,Humanities,Midwest,1,1,5,Small,LinkedIn,1,8,2,2,,
2.91,Mid-tier,Healthcare,West,0,5,1,Small,Handshake,11,29,2,0,,
2.99,Top-tier,STEM,South,4,1,8,Large,Handshake,12,44,6,2,,
3.18,Lower-tier,STEM,South,1,4,1,Medium,LinkedIn,12,90,5,1,,
3.23,Top-tier,Business,South,1,4,2,Large,Handshake,7,59,4,0,,
3.99,Lower-tier,Business,Midwest,2,3,3,Large,LinkedIn,4,5,1,1,,
3.13,Mid-tier,Business,Northeast,3,0,5,Small,Handshake,5,40,2,1,,
3.64,Top-tier,Business,Northeast,0,0,6,Medium,LinkedIn,1,9,0,0,,
4.0,Lower-tier,Humanities,Northeast,0,3,0,Small,Indeed,1,11,0,0,,
3.54,Lower-tier,STEM,Midwest,0,2,5,Medium,Handshake,5,26,1,0,,
3.35,Mid-tier,STEM,Midwest,1,3,5,Large,Handshake,3,10,2,1,,
3.24,Top-tier,STEM,South,2,2,3,Small,LinkedIn,3,31,2,1,,
4.0,Lower-tier,Arts,Northeast,0,3,4,Medium,Handshake,4,35,2,2,,
3.79,Mid-tier,Business,Northeast,1,1,8,Large,Handshake,6,37,6,0,,
3.62,Lower-tier,Healthcare,West,2,6,3,Large,Indeed,3,48,2,1,,
2.99,Top-tier,Healthcare,Midwest,1,2,1,Large,Handshake,12,54,6,0,,
3.68,Mid-tier,STEM,Northeast,2,2,5,Small,LinkedIn,12,84,2,2,,
3.91,Lower-tier,Healthcare,Midwest,3,1,2,Medium,LinkedIn,8,64,2,2,,
3.27,Lower-tier,STEM,South,0,0,5,Medium,Indeed,7,95,1,0,,
3.06,Mid-tier,Business,Northeast,2,2,5,Medium,LinkedIn,1,12,0,0,,
2.68,Mid-tier,STEM,Northeast,1,2,2,Small,Handshake,5,24,2,2,,
3.11,Lower-tier,Humanities,West,0,3,2,Large,Indeed,1,10,2,1,,
3.24,Mid-tier,Business,Northeast,1,3,2,Large,LinkedIn,6,52,1,0,,
3.7,Mid-tier,STEM,South,1,3,3,Small,LinkedIn,8,82,4,2,,
2.99,Mid-tier,Healthcare,Northeast,1,2,3,Medium,Handshake,11,64,5,1,,
3.49,Lower-tier,Healthcare,Midwest,0,3,2,Medium,Indeed,11,25,0,0,,
3.36,Lower-tier,STEM,Northeast,1,2,5,Medium,LinkedIn,9,21,3,2,,
3.54,Top-tier,Business,West,0,1,1,Medium,Handshake,10,71,6,2,,
2.48,Mid-tier,Healthcare,South,0,1,5,Small,Handshake,1,7,2,2,,
3.64,Mid-tier,STEM,South,2,2,6,Small,Indeed,9,85,0,0,,
3.89,Lower-tier,Healthcare,West,0,1,5,Medium,LinkedIn,1,7,2,1,,
3.89,Top-tier,Business,West,2,1,4,Large,Handshake,4,20,2,1,,
3.19,Lower-tier,STEM,Midwest,3,0,4,Large,Indeed,3,48,0,0,,
2.72,Mid-tier,Business,Northeast,0,3,1,Medium,Handshake,7,33,2,1,,
2.8,Lower-tier,Business,West,1,3,1,Medium,Handshake,8,38,2,1,,
3.08,Mid-tier,Arts,South,1,1,3,Large,LinkedIn,6,17,1,1,,
3.98,Lower-tier,Healthcare,West,0,5,1,Medium,LinkedIn,1,9,0,0,,
3.07,Lower-tier,Business,West,0,2,2,Large,LinkedIn,11,117,8,2,,
2.63,Lower-tier,Business,South,0,3,5,Medium,LinkedIn,3,12,2,2,,
2.77,Mid-tier,Healthcare,South,0,0,2,Large,Handshake,1,5,2,1,,
4.0,Mid-tier,STEM,Midwest,1,1,3,Large,LinkedIn,5,60,3,2,,
3.21,Top-tier,Humanities,Midwest,2,0,3,Large,LinkedIn,5,32,2,2,,
3.75,Mid-tier,Business,Midwest,1,5,2,Large,LinkedIn,6,43,2,1,,
3.03,Mid-tier,Business,Northeast,1,0,4,Large,Indeed,8,113,4,1,,
3.02,Mid-tier,STEM,Northeast,1,1,1,Small,Indeed,12,228,6,1,,
3.1,Top-tier,Business,South,0,3,4,Medium,LinkedIn,12,108,5,3,,
2.96,Mid-tier,Healthcare,Northeast,1,4,3,Medium,LinkedIn,8,72,2,0,,
3.37,Lower-tier,Humanities,Northeast,0,3,2,Small,Handshake,11,55,3,1,,
3.11,Top-tier,STEM,Midwest,4,1,1,Large,LinkedIn,2,20,2,1,,
2.63,Mid-tier,Business,South,0,1,5,Large,LinkedIn,12,5,0,0,,
3.38,Mid-tier,Arts,West,0,3,0,Medium,LinkedIn,7,52,2,1,,
3.44,Mid-tier,Humanities,West,2,1,1,Large,LinkedIn,5,70,4,2,,
3.73,Mid-tier,STEM,South,2,1,4,Small,Handshake,8,70,2,2,,
2.81,Lower-tier,Humanities,West,2,2,1,Medium,Indeed,2,26,2,1,,
3.01,Mid-tier,Humanities,South,3,3,3,Medium,Handshake,2,10,4,3,,
3.21,Mid-tier,STEM,Midwest,0,3,3,Medium,Indeed,2,23,2,1,,
3.96,Lower-tier,Healthcare,Midwest,1,4,1,Large,Handshake,6,18,0,0,,
2.56,Top-tier,Business,South,4,1,3,Medium,Handshake,3,13,1,0,,
3.23,Mid-tier,STEM,Northeast,3,5,4,Medium,LinkedIn,2,27,1,0,,
2.44,Lower-tier,Humanities,West,0,3,2,Medium,Handshake,6,46,5,3,,
3.3,Mid-tier,Humanities,Midwest,0,3,1,Small,Handshake,7,26,0,0,,
3.35,Mid-tier,Business,South,3,5,1,Large,LinkedIn,1,5,0,0,,
3.63,Mid-tier,Business,South,1,6,0,Medium,LinkedIn,9,46,4,2,,
3.03,Mid-tier,Humanities,West,2,1,3,Small,LinkedIn,7,22,0,0,,
3.41,Lower-tier,Business,West,2,3,5,Small,LinkedIn,8,78,2,0,,
2.53,Mid-tier,Business,South,3,1,3,Large,Indeed,7,99,3,3,,
3.94,Mid-tier,STEM,South,2,3,5,Large,Handshake,8,29,1,0,,
3.26,Lower-tier,Arts,West,1,3,2,Medium,Indeed,7,94,1,0,,
3.37,Top-tier,Humanities,South,1,2,5,Medium,LinkedIn,10,60,1,0,,
3.46,Top-tier,Business,South,2,0,0,Medium,LinkedIn,1,6,0,0,,
3.78,Lower-tier,STEM,South,1,1,1,Medium,LinkedIn,7,38,2,2,,
3.48,Lower-tier,STEM,Northeast,0,2,5,Medium,LinkedIn,8,26,1,0,,
3.3,Lower-tier,STEM,West,1,1,4,Medium,Handshake,7,59,3,1,,
3.57,Mid-tier,STEM,South,2,3,5,Small,Handshake,11,78,2,2,,
3.41,Mid-tier,Business,West,3,2,5,Large,LinkedIn,4,42,3,1,,
3.29,Lower-tier,Business,West,0,2,3,Large,Indeed,12,192,1,0,,
2.97,Lower-tier,Humanities,Northeast,1,3,3,Medium,LinkedIn,2,27,2,0,,
2.81,Mid-tier,STEM,South,2,0,5,Large,Handshake,5,5,2,2,,
3.71,Mid-tier,Humanities,West,0,2,2,Medium,Handshake,6,34,2,2,,
3.37,Mid-tier,Healthcare,South,0,4,0,Large,LinkedIn,3,19,1,0,,
3.97,Top-tier,STEM,West,1,3,6,Medium,Indeed,1,5,0,0,,
3.3,Top-tier,STEM,Midwest,1,1,4,Medium,LinkedIn,12,150,3,1,,
3.49,Mid-tier,Business,South,0,1,5,Small,Indeed,10,28,2,2,,
3.34,Mid-tier,STEM,Northeast,1,0,3,Medium,Handshake,7,45,10,3,,
3.02,Mid-tier,Business,West,2,1,3,Large,Handshake,11,84,2,2,,
3.61,Mid-tier,Business,South,2,4,2,Medium,LinkedIn,6,38,2,1,,
3.61,Mid-tier,Business,Northeast,0,3,7,Medium,Handshake,9,27,3,1,,
3.72,Lower-tier,Healthcare,Northeast,0,2,3,Medium,LinkedIn,6,18,0,0,,
2.77,Top-tier,Humanities,Northeast,1,3,4,Small,Handshake,10,58,5,0,,
3.64,Mid-tier,Healthcare,West,0,1,7,Medium,LinkedIn,7,56,2,0,,
3.46,Lower-tier,STEM,West,3,1,2,Medium,LinkedIn,1,6,2,1,,
3.36,Mid-tier,STEM,West,1,5,3,Large,Indeed,1,10,0,0,,
3.35,Mid-tier,Healthcare,South,0,2,5,Medium,Indeed,1,15,0,0,,
3.6,Lower-tier,Humanities,Midwest,0,3,4,Small,Handshake,5,28,2,2,,
2.85,Top-tier,Business,Midwest,0,4,3,Large,Indeed,9,130,0,0,,
3.95,Top-tier,STEM,West,1,2,4,Large,Handshake,6,13,2,1,,
2.96,Lower-tier,Business,Northeast,0,3,6,Medium,LinkedIn,1,7,0,0,,
3.54,Mid-tier,Humanities,West,0,3,7,Medium,Handshake,3,17,1,0,,
2.81,Mid-tier,Arts,Midwest,2,2,2,Large,Handshake,4,5,0,0,,
3.22,Mid-tier,Business,Northeast,2,3,3,Small,LinkedIn,1,8,0,0,,
2.65,Lower-tier,Healthcare,West,4,2,3,Small,Handshake,4,22,2,0,,
3.26,Mid-tier,STEM,Midwest,0,4,4,Medium,LinkedIn,11,106,3,0,,
3.68,Mid-tier,STEM,South,0,3,0,Medium,Handshake,6,23,2,1,,
2.44,Lower-tier,Arts,Northeast,1,5,4,Small,LinkedIn,8,44,0,0,,
3.09,Mid-tier,Arts,South,1,2,4,Large,Handshake,4,28,2,2,,
4.0,Lower-tier,Business,Midwest,0,5,2,Large,Handshake,4,24,2,1,,
2.88,Mid-tier,STEM,South,3,5,2,Small,Handshake,6,41,2,1,,
2.91,Mid-tier,STEM,Northeast,2,1,4,Small,Handshake,2,19,0,0,,
4.0,Top-tier,Humanities,West,2,1,2,Medium,LinkedIn,10,105,6,1,,
3.61,Mid-tier,STEM,West,0,2,3,Small,LinkedIn,5,30,2,1,,
2.63,Mid-tier,Business,South,3,0,1,Large,Handshake,4,20,1,0,,
3.06,Mid-tier,Arts,South,0,1,1,Medium,Indeed,11,190,7,7,,
3.15,Mid-tier,STEM,West,0,2,2,Small,Handshake,9,40,5,2,,
2.93,Top-tier,Business,Northeast,1,2,1,Small,LinkedIn,7,50,2,0,,
3.92,Top-tier,Humanities,West,0,1,4,Medium,Indeed,10,173,3,1,,
2.68,Lower-tier,STEM,Northeast,1,2,0,Large,Indeed,5,88,1,1,,
2.62,Top-tier,Business,South,0,2,2,Small,LinkedIn,11,157,7,3,,
3.24,Mid-tier,Arts,West,0,3,3,Medium,LinkedIn,11,71,3,1,,
3.5,Top-tier,STEM,West,0,0,5,Medium,LinkedIn,8,50,3,3,,
3.28,Lower-tier,STEM,Midwest,0,4,2,Large,Indeed,10,96,5,3,,
3.39,Mid-tier,STEM,Northeast,1,2,3,Small,Handshake,10,71,4,4,,
2.74,Lower-tier,Business,Northeast,1,1,1,Medium,Handshake,12,78,2,1,,
3.07,Top-tier,Humanities,Midwest,1,1,2,Small,LinkedIn,4,34,2,2,,
2.41,Mid-tier,STEM,West,2,3,4,Small,LinkedIn,10,95,3,3,,
3.44,Mid-tier,STEM,Midwest,2,5,3,Medium,LinkedIn,11,44,2,2,,
3.23,Top-tier,Business,South,0,0,3,Large,Indeed,7,87,0,0,,
3.27,Lower-tier,STEM,West,0,1,2,Large,Indeed,5,45,0,0,,
3.71,Lower-tier,Business,Midwest,1,3,2,Medium,LinkedIn,10,95,5,2,,
3.55,Mid-tier,Humanities,South,0,4,2,Small,Handshake,12,68,2,2,,
3.61,Lower-tier,Healthcare,South,0,1,3,Large,Handshake,2,5,0,0,,
2.92,Mid-tier,Business,West,0,2,2,Large,LinkedIn,12,100,4,0,,
3.79,Lower-tier,Business,Northeast,2,2,2,Medium,LinkedIn,6,45,2,2,,
3.42,Mid-tier,Business,Northeast,0,2,3,Large,Indeed,4,56,1,0,,
3.02,Mid-tier,STEM,South,2,3,5,Small,Handshake,4,25,2,1,,
3.64,Top-tier,STEM,Northeast,4,0,3,Small,LinkedIn,5,44,2,1,,
2.73,Top-tier,STEM,West,4,1,3,Medium,LinkedIn,5,33,2,1,,
3.47,Mid-tier,Humanities,West,3,2,4,Medium,LinkedIn,2,9,2,2,,
3.24,Top-tier,Arts,West,0,4,2,Large,LinkedIn,5,30,2,0,,
2.91,Lower-tier,Healthcare,Midwest,1,2,4,Small,Handshake,8,26,2,1,,
3.93,Mid-tier,STEM,Northeast,0,1,4,Medium,Indeed,2,17,0,0,,
3.54,Top-tier,Business,West,3,4,5,Medium,Indeed,7,84,0,0,,
3.28,Mid-tier,Healthcare,West,0,5,2,Large,LinkedIn,3,31,2,2,,
3.2,Lower-tier,Humanities,South,2,1,1,Small,Handshake,2,15,0,0,,
3.36,Top-tier,Humanities,South,0,2,3,Large,Handshake,10,63,4,1,,
2.53,Top-tier,STEM,Northeast,0,3,0,Large,Handshake,11,80,5,3,,
3.1,Mid-tier,Business,South,0,2,2,Large,Handshake,8,73,4,1,,
3.45,Lower-tier,Arts,West,2,1,0,Large,LinkedIn,4,36,3,1,,
3.74,Mid-tier,STEM,Midwest,1,3,2,Medium,LinkedIn,2,14,0,0,,
2.88,Mid-tier,STEM,Northeast,2,1,5,Small,Indeed,7,85,1,0,,
2.92,Lower-tier,Business,West,1,0,3,Large,Handshake,4,32,2,1,,
3.0,Lower-tier,Humanities,Midwest,0,4,0,Large,Handshake,1,5,2,2,,
3.2,Mid-tier,Healthcare,Midwest,0,1,4,Medium,LinkedIn,9,42,2,0,,
2.67,Mid-tier,STEM,West,1,0,6,Medium,Handshake,8,14,2,2,,
3.06,Mid-tier,Business,Midwest,2,2,4,Small,LinkedIn,4,24,0,0,,
3.64,Mid-tier,Healthcare,South,1,4,3,Small,Handshake,5,36,2,2,,
3.64,Lower-tier,Healthcare,Midwest,1,4,2,Small,Handshake,12,40,6,1,,
3.41,Mid-tier,STEM,Northeast,0,0,5,Large,Handshake,6,18,3,2,,
3.14,Mid-tier,Arts,Northeast,0,2,1,Large,Handshake,6,69,4,4,,
3.07,Lower-tier,Business,Midwest,0,1,1,Medium,Handshake,11,31,4,1,,
2.87,Top-tier,Healthcare,Midwest,2,0,2,Medium,Indeed,7,100,2,2,,
3.26,Mid-tier,Business,West,0,2,4,Large,LinkedIn,5,22,1,1,,
3.78,Mid-tier,Humanities,West,2,2,4,Small,Handshake,5,46,3,3,,
3.3,Mid-tier,Business,West,0,1,2,Small,Indeed,2,25,0,0,,
3.34,Lower-tier,STEM,West,1,2,3,Small,LinkedIn,11,106,3,0,,
3.53,Mid-tier,Humanities,West,2,4,1,Large,Handshake,8,74,7,2,,
2.87,Lower-tier,Healthcare,Midwest,4,2,5,Small,Handshake,7,9,2,2,,
3.26,Mid-tier,Healthcare,Midwest,2,0,3,Medium,Indeed,3,26,0,0,,
3.59,Lower-tier,STEM,Midwest,1,3,3,Small,Handshake,12,76,6,1,,
3.07,Mid-tier,Humanities,Northeast,4,4,6,Medium,Indeed,11,254,2,2,,
3.45,Mid-tier,Business,West,0,2,6,Large,Indeed,7,128,1,0,,
2.47,Mid-tier,Arts,South,0,2,0,Large,Handshake,11,69,7,3,,
2.53,Top-tier,STEM,South,3,2,3,Small,LinkedIn,9,48,3,1,,
3.22,Mid-tier,Arts,Midwest,1,1,3,Large,Handshake,5,21,2,0,,
4.0,Mid-tier,Humanities,Northeast,0,2,3,Medium,Handshake,4,26,3,1,,
2.73,Mid-tier,Healthcare,Northeast,1,1,3,Large,Handshake,3,12,1,0,,
2.68,Lower-tier,Business,Northeast,2,2,5,Large,Handshake,3,16,2,1,,
3.17,Lower-tier,Arts,Midwest,1,1,1,Medium,LinkedIn,1,6,0,0,,
2.88,Mid-tier,STEM,Northeast,1,5,3,Medium,LinkedIn,1,7,0,0,,
3.6,Lower-tier,Humanities,Northeast,2,3,4,Medium,LinkedIn,1,11,0,0,,
3.78,Lower-tier,Business,Midwest,0,1,3,Medium,Handshake,12,44,2,0,,
3.28,Top-tier,Business,West,1,3,1,Medium,LinkedIn,6,67,2,2,,
3.9,Mid-tier,Humanities,South,2,2,3,Small,Handshake,2,5,2,1,,
3.31,Lower-tier,Healthcare,South,0,3,2,Small,Handshake,9,36,3,1,,
3.77,Lower-tier,Business,Midwest,3,6,2,Small,Handshake,7,52,3,0,,
2.71,Lower-tier,Business,West,0,5,2,Large,Handshake,9,31,0,0,,
3.02,Lower-tier,STEM,Northeast,1,1,7,Large,LinkedIn,10,103,7,2,,
2.82,Mid-tier,Healthcare,South,0,1,4,Large,Indeed,8,81,4,2,,
2.99,Lower-tier,STEM,South,1,1,4,Medium,Handshake,3,14,0,0,,
2.79,Top-tier,STEM,South,2,2,3,Large,Handshake,6,28,2,1,,
3.55,Top-tier,STEM,Midwest,1,2,2,Small,LinkedIn,10,83,2,1,,
3.6,Lower-tier,STEM,Northeast,3,1,3,Large,Indeed,3,46,1,1,,
2.52,Lower-tier,Healthcare,Northeast,0,3,3,Small,Handshake,2,14,2,2,,
3.2,Mid-tier,STEM,South,0,5,5,Large,Handshake,4,24,1,1,,
4.0,Top-tier,Humanities,South,2,0,4,Large,Handshake,9,33,2,1,,
3.4,Lower-tier,Business,Midwest,3,2,2,Small,LinkedIn,7,18,2,2,,
3.28,Lower-tier,STEM,South,1,3,2,Large,LinkedIn,10,5,0,0,,
2.73,Lower-tier,STEM,Northeast,0,4,3,Large,LinkedIn,8,93,7,1,,
2.97,Lower-tier,STEM,Northeast,1,0,3,Medium,Handshake,6,48,2,2,,
3.35,Lower-tier,STEM,South,2,3,4,Medium,Indeed,2,14,0,0,,
3.82,Lower-tier,Business,Midwest,0,1,1,Large,Handshake,7,50,5,2,,
2.45,Top-tier,Healthcare,West,1,5,2,Large,LinkedIn,11,86,3,0,,
3.66,Mid-tier,STEM,South,1,3,5,Medium,LinkedIn,11,60,2,1,,
3.24,Top-tier,STEM,Northeast,3,3,1,Medium,LinkedIn,11,75,4,0,,
2.65,Mid-tier,Business,West,1,1,2,Small,LinkedIn,5,21,0,0,,
3.14,Lower-tier,Healthcare,West,2,3,3,Large,Indeed,11,207,8,3,,
3.14,Lower-tier,Healthcare,Northeast,0,4,0,Large,Handshake,11,9,1,0,,
2.8,Top-tier,Arts,Midwest,0,3,4,Medium,LinkedIn,9,118,7,1,,
2.89,Lower-tier,Humanities,Midwest,1,2,2,Large,Handshake,3,5,0,0,,
3.66,Lower-tier,Healthcare,Northeast,1,1,1,Large,LinkedIn,3,9,0,0,,
3.61,Mid-tier,Business,Midwest,2,0,5,Large,Handshake,3,21,1,1,,
3.46,Mid-tier,STEM,Northeast,1,5,2,Small,Handshake,3,18,0,0,,
3.72,Mid-tier,Humanities,South,1,1,4,Large,Handshake,11,73,2,1,,
3.12,Mid-tier,Business,Northeast,0,2,4,Large,Indeed,7,114,1,1,,
2.59,Lower-tier,Business,West,3,1,1,Medium,Indeed,9,109,4,1,,
3.33,Mid-tier,Humanities,West,1,2,2,Small,LinkedIn,10,63,1,0,,
3.36,Top-tier,STEM,South,1,3,1,Medium,Handshake,4,25,3,1,,
3.45,Mid-tier,STEM,Midwest,3,0,3,Medium,LinkedIn,6,59,2,2,,
3.51,Mid-tier,Arts,West,3,0,4,Small,Indeed,6,49,3,2,,
3.06,Mid-tier,Healthcare,Northeast,0,3,6,Medium,LinkedIn,10,103,3,2,,
3.01,Lower-tier,Healthcare,Midwest,1,1,1,Medium,Indeed,12,96,4,2,,
2.79,Mid-tier,Humanities,Northeast,2,2,4,Large,Indeed,3,28,0,0,,
2.86,Mid-tier,Healthcare,West,2,1,5,Medium,Handshake,4,19,4,1,,
3.07,Lower-tier,Business,South,0,2,3,Medium,LinkedIn,4,55,1,1,,
3.88,Top-tier,Business,Northeast,1,1,1,Small,LinkedIn,8,94,4,1,,
2.45,Mid-tier,STEM,South,0,1,4,Medium,Handshake,3,18,0,0,,
2.55,Mid-tier,Business,Northeast,2,1,6,Large,Indeed,3,54,0,0,,
3.52,Mid-tier,Healthcare,Northeast,2,4,2,Large,Handshake,7,46,4,0,,
3.31,Top-tier,STEM,Northeast,1,1,5,Large,LinkedIn,7,17,2,1,,
2.62,Mid-tier,STEM,West,4,2,6,Large,Indeed,6,39,0,0,,
3.73,Mid-tier,Business,South,1,2,3,Small,LinkedIn,10,46,3,3,,
2.91,Mid-tier,Business,Midwest,3,2,1,Medium,LinkedIn,5,32,2,1,,
2.66,Lower-tier,Arts,South,2,1,7,Medium,LinkedIn,4,48,2,0,,
2.72,Lower-tier,Humanities,West,1,2,3,Medium,LinkedIn,7,114,6,1,,
4.0,Mid-tier,Healthcare,Midwest,0,2,1,Medium,Indeed,11,247,11,3,,
3.54,Lower-tier,Business,West,0,4,2,Small,Indeed,8,81,2,1,,
2.86,Lower-tier,Business,Midwest,1,4,1,Large,LinkedIn,11,66,3,0,,
3.76,Mid-tier,STEM,South,0,1,2,Large,Handshake,6,52,2,1,,
3.34,Mid-tier,Humanities,Midwest,0,2,4,Large,LinkedIn,1,6,1,0,,
3.39,Mid-tier,Humanities,Northeast,3,0,2,Small,LinkedIn,7,26,2,2,,
3.68,Mid-tier,Humanities,Northeast,0,1,0,Large,Indeed,5,79,1,0,,
3.07,Mid-tier,STEM,South,1,2,2,Large,Indeed,4,42,0,0,,
3.07,Mid-tier,Humanities,West,1,0,1,Large,Handshake,9,55,4,0,,
3.37,Mid-tier,Business,Northeast,0,1,4,Large,LinkedIn,2,16,1,0,,
3.03,Lower-tier,Business,South,3,5,3,Large,Indeed,12,206,3,3,,
2.92,Mid-tier,Business,West,0,1,2,Small,Indeed,4,58,0,0,,
3.92,Mid-tier,STEM,West,2,1,3,Small,Indeed,5,37,0,0,,
2.7,Mid-tier,Business,South,1,2,2,Large,LinkedIn,1,12,1,0,,
3.5,Mid-tier,Humanities,South,0,2,2,Large,Handshake,2,10,2,1,,
2.97,Mid-tier,Business,West,4,6,4,Medium,Indeed,4,92,1,1,,
3.19,Mid-tier,Business,West,1,2,2,Small,LinkedIn,6,35,2,1,,
3.9,Lower-tier,STEM,West,1,2,9,Large,Indeed,3,75,3,1,,
3.56,Mid-tier,Humanities,Northeast,0,1,1,Medium,LinkedIn,1,5,0,0,,
3.07,Mid-tier,Humanities,West,1,2,5,Small,Indeed,12,140,1,0,,
3.1,Lower-tier,Business,South,3,2,3,Large,LinkedIn,6,48,2,1,,
3.63,Lower-tier,Healthcare,South,0,1,1,Medium,Handshake,7,17,0,0,,
3.01,Mid-tier,Business,Midwest,2,3,3,Large,LinkedIn,4,22,0,0,,
2.79,Mid-tier,Business,Midwest,1,4,2,Medium,Indeed,11,236,2,0,,
2.97,Mid-tier,Humanities,West,1,2,6,Large,Handshake,7,32,4,2,,
3.33,Lower-tier,Business,South,3,0,3,Medium,Indeed,3,40,0,0,,
3.41,Mid-tier,STEM,South,2,4,1,Medium,Handshake,3,31,2,2,,
2.99,Mid-tier,Business,South,0,3,5,Large,LinkedIn,12,118,2,0,,
3.2,Lower-tier,Business,West,0,2,5,Small,LinkedIn,1,5,1,0,,
3.74,Mid-tier,STEM,West,1,2,4,Large,Handshake,11,62,3,2,,
3.74,Mid-tier,Business,Midwest,0,0,2,Medium,LinkedIn,1,9,2,0,,
3.59,Mid-tier,STEM,Northeast,1,2,3,Medium,Indeed,5,80,1,0,,
3.21,Lower-tier,STEM,South,3,1,3,Medium,Indeed,9,154,3,1,,
4.0,Mid-tier,STEM,West,2,5,5,Large,LinkedIn,6,36,2,2,,
3.11,Top-tier,STEM,West,2,3,1,Small,LinkedIn,4,31,2,2,,
3.56,Mid-tier,Healthcare,South,0,3,2,Medium,LinkedIn,11,75,6,3,,
3.41,Lower-tier,STEM,Northeast,0,2,1,Medium,Indeed,4,46,0,0,,
3.06,Lower-tier,STEM,Northeast,0,2,4,Small,LinkedIn,9,40,2,2,,
3.39,Mid-tier,Business,South,1,1,5,Medium,Handshake,3,33,2,0,,
2.88,Top-tier,Arts,Midwest,3,1,5,Small,LinkedIn,5,30,2,1,,
2.82,Lower-tier,Humanities,Midwest,2,3,6,Large,Handshake,12,40,1,1,,
3.73,Mid-tier,STEM,West,1,3,2,Medium,LinkedIn,10,56,3,0,,
3.61,Top-tier,Business,Midwest,3,2,1,Small,LinkedIn,12,112,3,1,,
3.02,Mid-tier,STEM,West,1,0,4,Medium,Handshake,7,28,1,1,,
2.98,Mid-tier,Healthcare,South,1,1,4,Large,Handshake,8,34,2,0,,
2.35,Top-tier,Humanities,West,2,2,4,Large,LinkedIn,9,54,2,2,,
3.05,Mid-tier,STEM,West,1,3,2,Medium,Indeed,7,102,2,0,,
3.26,Lower-tier,Business,West,0,2,2,Small,Handshake,9,42,4,2,,
2.91,Mid-tier,Healthcare,West,0,2,5,Small,LinkedIn,12,170,8,1,,
3.0,Lower-tier,Business,South,0,2,2,Large,LinkedIn,10,78,3,2,,
3.22,Mid-tier,STEM,Northeast,0,1,3,Large,Indeed,3,64,4,2,,
3.9,Top-tier,Business,Northeast,2,1,2,Small,Indeed,5,103,1,0,,
3.74,Top-tier,Humanities,West,1,4,3,Medium,Handshake,12,5,2,2,,
3.59,Mid-tier,STEM,Midwest,2,3,2,Large,Indeed,9,108,2,0,,
3.29,Mid-tier,STEM,Midwest,2,2,1,Large,LinkedIn,8,36,2,1,,
3.51,Lower-tier,Business,West,1,4,4,Medium,LinkedIn,2,26,2,2,,
3.36,Mid-tier,Business,West,0,3,2,Large,LinkedIn,1,6,0,0,,
2.63,Lower-tier,STEM,South,0,1,0,Medium,LinkedIn,11,80,2,1,,
2.87,Lower-tier,STEM,South,1,1,4,Small,Handshake,11,64,6,2,,
2.74,Lower-tier,Humanities,Northeast,1,3,6,Large,Indeed,12,214,3,0,,
2.89,Lower-tier,Business,South,0,0,3,Medium,Handshake,5,30,2,0,,
3.54,Top-tier,STEM,Northeast,4,4,1,Large,Indeed,12,134,7,6,,
3.27,Mid-tier,Healthcare,Midwest,1,1,1,Large,Handshake,4,10,2,2,,
3.15,Lower-tier,Business,South,1,7,3,Medium,LinkedIn,2,12,0,0,,
2.79,Mid-tier,Business,Midwest,2,2,4,Medium,Handshake,6,48,4,0,,
2.79,Top-tier,Business,Northeast,4,1,4,Large,Handshake,12,14,1,0,,
2.93,Mid-tier,Humanities,Northeast,0,3,1,Large,Handshake,5,16,2,1,,
3.11,Mid-tier,STEM,West,0,0,6,Large,Handshake,4,20,2,1,,
2.98,Mid-tier,STEM,Midwest,2,4,2,Large,Handshake,9,61,3,0,,
3.5,Mid-tier,STEM,South,4,1,1,Large,LinkedIn,11,71,3,3,,
2.2,Lower-tier,STEM,South,4,0,4,Medium,Handshake,7,67,2,2,,
3.06,Mid-tier,Arts,Midwest,2,4,1,Medium,LinkedIn,11,49,3,1,,
3.32,Top-tier,Humanities,South,0,0,2,Small,Handshake,5,16,2,0,,
2.45,Mid-tier,STEM,West,0,7,3,Large,Indeed,12,164,6,4,,
3.57,Mid-tier,Business,Midwest,0,2,3,Medium,LinkedIn,7,75,2,2,,
3.12,Mid-tier,Business,Northeast,1,2,3,Medium,LinkedIn,4,57,1,0,,
3.86,Mid-tier,Humanities,South,1,1,0,Large,Handshake,12,120,7,4,,
3.92,Top-tier,Business,Northeast,1,2,2,Medium,Indeed,12,52,1,0,,
2.72,Mid-tier,Humanities,Midwest,0,0,1,Large,Handshake,5,25,2,1,,
2.37,Lower-tier,Humanities,Midwest,0,1,5,Medium,LinkedIn,9,27,3,0,,
3.22,Mid-tier,STEM,West,3,1,4,Small,Handshake,12,34,6,2,,
3.5,Lower-tier,Business,Northeast,0,1,4,Large,LinkedIn,6,8,0,0,,
2.89,Top-tier,Business,Midwest,2,3,4,Medium,LinkedIn,10,83,9,2,,
4.0,Mid-tier,STEM,West,2,2,3,Small,Handshake,11,69,4,3,,
2.58,Lower-tier,Business,West,0,1,2,Large,Handshake,1,5,2,2,,
4.0,Lower-tier,STEM,West,1,2,2,Large,Handshake,7,16,3,3,,
2.94,Mid-tier,Business,Northeast,4,3,3,Medium,Handshake,4,12,2,1,,
2.48,Mid-tier,Healthcare,Midwest,1,3,3,Medium,Handshake,1,5,0,0,,
3.09,Mid-tier,STEM,West,2,4,2,Large,Indeed,10,128,7,5,,
3.76,Lower-tier,STEM,Northeast,0,2,5,Medium,LinkedIn,9,117,5,1,,
3.63,Mid-tier,Healthcare,Midwest,1,5,3,Large,Handshake,1,7,1,0,,
2.57,Mid-tier,STEM,West,3,0,2,Medium,Handshake,3,27,2,2,,
2.89,Lower-tier,STEM,Northeast,1,2,1,Small,Handshake,12,20,2,2,,
3.33,Mid-tier,STEM,Northeast,0,1,0,Large,Handshake,11,80,5,0,,
2.63,Lower-tier,STEM,South,2,3,7,Medium,Indeed,2,22,0,0,,
3.48,Lower-tier,Business,Northeast,1,2,1,Medium,LinkedIn,1,17,0,0,,
3.38,Lower-tier,Business,West,0,2,4,Large,LinkedIn,5,33,1,0,,
3.24,Mid-tier,Humanities,Midwest,0,2,4,Large,LinkedIn,12,52,1,0,,
3.42,Lower-tier,STEM,West,2,3,3,Medium,LinkedIn,9,70,2,0,,
3.16,Mid-tier,Healthcare,Northeast,0,2,2,Large,LinkedIn,11,75,4,2,,
3.23,Mid-tier,STEM,West,0,3,2,Large,LinkedIn,5,41,1,0,,
3.47,Top-tier,Humanities,Midwest,2,2,4,Medium,Handshake,7,33,2,1,,
2.95,Mid-tier,Humanities,South,1,3,1,Large,Indeed,7,81,0,0,,
2.56,Top-tier,STEM,West,0,3,0,Small,Handshake,10,93,7,2,,
3.36,Mid-tier,Humanities,West,0,2,4,Medium,LinkedIn,6,48,3,1,,
3.68,Top-tier,Humanities,Midwest,1,2,5,Medium,Handshake,1,7,0,0,,
3.13,Mid-tier,STEM,West,0,4,4,Large,LinkedIn,3,29,1,0,,
2.97,Mid-tier,Healthcare,Northeast,2,3,1,Large,Handshake,4,10,2,1,,
3.2,Top-tier,Humanities,West,0,0,1,Large,LinkedIn,5,70,4,3,,
3.15,Lower-tier,Business,Midwest,0,4,3,Medium,LinkedIn,8,80,4,2,,
3.08,Mid-tier,Healthcare,Midwest,2,1,2,Large,Handshake,5,9,0,0,,
3.09,Lower-tier,STEM,Midwest,2,4,1,Medium,Handshake,6,36,2,1,,
3.16,Mid-tier,Business,West,1,2,1,Small,Handshake,11,36,3,0,,
3.25,Top-tier,Humanities,South,1,1,4,Small,Handshake,8,30,2,1,,
3.57,Mid-tier,STEM,West,2,4,3,Large,Handshake,3,22,2,2,,
2.64,Mid-tier,Business,South,1,2,1,Large,Handshake,10,26,3,2,,
2.46,Lower-tier,Business,South,2,2,4,Medium,LinkedIn,10,5,2,1,,
3.72,Lower-tier,STEM,West,2,1,4,Small,Indeed,11,97,0,0,,
3.79,Lower-tier,STEM,Northeast,1,0,2,Large,Indeed,8,157,2,1,,
3.14,Lower-tier,STEM,West,2,4,2,Small,Indeed,6,64,3,1,,
2.69,Mid-tier,Arts,Northeast,1,1,3,Medium,LinkedIn,10,88,5,3,,
2.39,Mid-tier,Humanities,South,0,1,5,Large,Handshake,8,38,3,0,,
3.59,Mid-tier,STEM,South,1,2,2,Large,Handshake,5,10,1,1,,
3.1,Lower-tier,STEM,Midwest,0,3,3,Medium,Handshake,9,40,0,0,,
2.85,Top-tier,Business,South,1,4,4,Medium,LinkedIn,2,16,1,0,,
3.14,Lower-tier,Business,West,0,7,5,Medium,LinkedIn,1,6,1,0,,
2.89,Mid-tier,STEM,Northeast,1,4,2,Medium,Handshake,12,50,2,1,,
2.92,Mid-tier,STEM,West,0,1,5,Medium,Indeed,5,79,2,0,,
3.36,Top-tier,Business,South,4,2,4,Small,LinkedIn,4,36,2,2,,
3.1,Mid-tier,Business,West,2,1,1,Large,Indeed,4,94,1,0,,
2.92,Mid-tier,STEM,South,1,8,3,Medium,LinkedIn,9,76,3,2,,
3.46,Mid-tier,Humanities,Midwest,0,3,3,Medium,Handshake,3,13,2,0,,
3.94,Mid-tier,STEM,Midwest,2,0,0,Medium,Indeed,1,9,0,0,,
3.13,Lower-tier,Business,South,3,4,2,Small,Indeed,7,215,3,1,,
3.14,Mid-tier,Healthcare,South,0,4,9,Medium,LinkedIn,12,136,2,0,,
3.25,Mid-tier,Arts,Midwest,0,0,1,Large,LinkedIn,11,62,3,2,,
2.93,Top-tier,Arts,Northeast,2,0,5,Medium,Handshake,6,41,2,2,,
2.94,Mid-tier,Humanities,West,0,3,4,Large,Handshake,9,28,0,0,,
2.93,Mid-tier,Humanities,Midwest,0,1,1,Small,Handshake,7,32,2,0,,
3.79,Lower-tier,STEM,Midwest,1,2,3,Medium,Handshake,3,9,1,0,,
3.63,Mid-tier,STEM,South,2,4,6,Medium,LinkedIn,3,12,0,0,,
3.46,Top-tier,STEM,Midwest,0,3,3,Medium,LinkedIn,7,60,1,1,,
4.0,Mid-tier,STEM,Midwest,0,4,3,Large,LinkedIn,12,152,8,6,,
3.05,Mid-tier,Business,Midwest,1,2,3,Small,LinkedIn,9,126,5,0,,
2.94,Top-tier,Business,Northeast,0,2,4,Large,LinkedIn,8,96,2,0,,
3.74,Mid-tier,Business,West,0,4,6,Medium,Handshake,7,37,1,0,,
3.09,Lower-tier,STEM,South,0,3,1,Small,Indeed,1,19,0,0,,
2.84,Mid-tier,STEM,West,1,1,5,Large,LinkedIn,7,57,2,0,,
2.36,Mid-tier,STEM,South,3,2,2,Large,LinkedIn,11,91,3,3,,
2.47,Lower-tier,Business,West,2,2,4,Large,Indeed,7,151,6,1,,
3.49,Mid-tier,STEM,South,1,1,4,Small,LinkedIn,9,69,1,0,,
3.26,Top-tier,Healthcare,South,1,5,3,Medium,LinkedIn,12,126,2,0,,
3.37,Mid-tier,STEM,South,1,3,4,Large,LinkedIn,6,32,2,1,,
3.46,Lower-tier,Healthcare,Northeast,2,2,5,Large,Handshake,9,39,2,1,,
2.95,Mid-tier,Humanities,Midwest,1,2,4,Large,Handshake,3,16,1,0,,
2.97,Top-tier,STEM,West,0,2,0,Medium,Handshake,12,18,1,1,,
3.55,Mid-tier,STEM,Northeast,2,2,3,Large,Handshake,6,5,0,0,,
3.04,Mid-tier,Humanities,West,2,2,7,Medium,LinkedIn,8,58,3,0,,
3.19,Lower-tier,Humanities,West,1,4,1,Large,Handshake,11,95,8,3,,
2.48,Mid-tier,Arts,West,3,2,4,Small,Handshake,3,13,2,2,,
3.13,Lower-tier,Business,West,1,1,1,Medium,Handshake,3,5,2,2,,
2.99,Mid-tier,Humanities,South,1,3,2,Large,LinkedIn,5,59,2,1,,
3.49,Lower-tier,STEM,South,1,5,0,Large,Indeed,4,38,2,0,,
3.22,Lower-tier,Business,West,3,3,3,Large,Handshake,10,36,3,0,,
3.13,Lower-tier,Humanities,South,1,1,5,Large,LinkedIn,4,43,0,0,,
3.35,Top-tier,Business,South,1,1,3,Medium,LinkedIn,12,54,3,1,,
3.03,Lower-tier,STEM,West,2,3,6,Medium,Handshake,5,25,3,2,,
3.2,Top-tier,STEM,South,1,1,6,Medium,Indeed,4,64,0,0,,
4.0,Mid-tier,Healthcare,Midwest,2,3,6,Medium,Indeed,5,92,5,4,,
3.76,Mid-tier,Humanities,Midwest,1,2,1,Medium,LinkedIn,1,5,2,2,,
2.92,Mid-tier,STEM,West,1,3,4,Large,Indeed,5,60,0,0,,
3.26,Mid-tier,STEM,Northeast,2,3,4,Small,LinkedIn,5,30,1,0,,
3.14,Mid-tier,STEM,South,2,5,2,Small,LinkedIn,2,13,2,2,,
3.53,Mid-tier,Healthcare,South,3,2,5,Large,LinkedIn,3,18,2,1,,
3.4,Mid-tier,STEM,Midwest,4,2,2,Large,LinkedIn,1,7,2,1,,
3.21,Mid-tier,Business,Northeast,2,3,4,Medium,LinkedIn,5,70,1,1,,
2.7,Lower-tier,Healthcare,Midwest,0,2,4,Medium,Handshake,11,56,3,2,,
2.66,Top-tier,Humanities,Midwest,0,4,5,Large,LinkedIn,7,66,2,0,,
3.07,Mid-tier,STEM,West,2,4,2,Medium,Handshake,6,34,3,0,,
2.9,Mid-tier,Humanities,Midwest,0,4,3,Small,Handshake,2,7,0,0,,
3.37,Lower-tier,Business,West,1,3,3,Small,Handshake,5,35,2,1,,
2.56,Top-tier,Business,West,2,4,3,Medium,Handshake,4,16,3,1,,
2.82,Lower-tier,Arts,Northeast,1,1,2,Large,LinkedIn,5,68,4,3,,
3.21,Lower-tier,Business,South,1,4,3,Medium,Indeed,3,28,0,0,,
3.33,Lower-tier,Healthcare,West,1,3,5,Medium,LinkedIn,2,14,0,0,,
3.15,Mid-tier,Healthcare,West,0,2,1,Medium,Indeed,7,47,0,0,,
3.67,Lower-tier,Business,West,1,3,3,Medium,Handshake,3,19,2,2,,
3.23,Top-tier,Arts,Northeast,2,1,5,Medium,LinkedIn,10,141,7,7,,
2.8,Lower-tier,Humanities,Northeast,0,0,0,Large,LinkedIn,10,136,6,2,,
3.4,Mid-tier,Healthcare,Midwest,0,1,1,Medium,Indeed,1,22,0,0,,
3.5,Top-tier,STEM,West,2,6,4,Large,Handshake,12,5,2,1,,
3.6,Lower-tier,STEM,West,0,2,4,Small,Handshake,3,5,0,0,,
2.55,Mid-tier,STEM,Midwest,1,2,5,Small,LinkedIn,8,44,2,1,,
3.2,Top-tier,STEM,Midwest,1,4,1,Small,LinkedIn,4,34,3,2,,
4.0,Mid-tier,Healthcare,Midwest,2,0,3,Large,LinkedIn,7,40,2,2,,
2.42,Mid-tier,Healthcare,South,0,1,2,Large,Indeed,9,207,7,4,,
3.59,Lower-tier,Humanities,Midwest,1,4,1,Small,Handshake,10,73,3,0,,
3.45,Mid-tier,Business,South,1,4,3,Large,LinkedIn,12,40,2,2,,
3.29,Mid-tier,Humanities,South,2,0,2,Medium,Handshake,6,38,2,1,,
2.86,Top-tier,Humanities,Midwest,2,2,2,Large,Indeed,6,62,1,0,,
3.72,Mid-tier,STEM,Midwest,2,0,5,Large,LinkedIn,11,47,2,1,,
3.31,Top-tier,STEM,Northeast,1,0,1,Medium,LinkedIn,5,32,2,1,,
2.87,Mid-tier,Humanities,South,1,0,2,Medium,LinkedIn,6,56,4,1,,
3.89,Mid-tier,Business,West,0,2,2,Medium,Handshake,7,52,1,1,,
3.08,Mid-tier,Business,West,0,3,5,Large,Indeed,2,21,1,0,,
3.92,Mid-tier,Business,West,0,0,5,Large,LinkedIn,9,72,2,2,,
3.9,Mid-tier,STEM,South,3,0,3,Medium,LinkedIn,5,52,2,2,,
3.2,Mid-tier,STEM,South,1,2,5,Small,Indeed,7,66,1,0,,
3.24,Top-tier,Business,Midwest,3,3,5,Large,Handshake,10,53,3,3,,
2.39,Top-tier,Healthcare,Northeast,1,3,6,Small,LinkedIn,9,55,1,0,,
3.43,Mid-tier,Humanities,Northeast,1,2,3,Medium,Indeed,3,32,2,2,,
2.69,Mid-tier,STEM,Midwest,2,2,8,Small,Handshake,7,46,2,1,,
3.04,Mid-tier,STEM,Northeast,1,2,2,Small,Handshake,9,37,2,0,,
3.27,Mid-tier,STEM,West,1,0,5,Large,Handshake,12,46,4,3,,
3.5,Mid-tier,Healthcare,Midwest,0,2,1,Large,Indeed,5,94,0,0,,
2.78,Top-tier,STEM,South,2,2,5,Small,Handshake,10,46,2,0,,
3.2,Top-tier,STEM,Midwest,2,2,3,Medium,LinkedIn,12,96,5,2,,
3.17,Lower-tier,Healthcare,Northeast,0,2,3,Medium,Handshake,7,57,4,1,,
3.56,Mid-tier,STEM,Midwest,0,4,2,Medium,LinkedIn,7,45,0,0,,
3.62,Top-tier,Arts,Northeast,4,1,3,Large,Handshake,2,12,2,2,,
2.68,Lower-tier,STEM,South,0,2,4,Small,LinkedIn,5,44,2,0,,
3.95,Lower-tier,Healthcare,Midwest,2,1,6,Small,Handshake,5,45,3,0,,
3.83,Lower-tier,Business,West,0,0,2,Small,LinkedIn,10,103,4,0,,
3.37,Mid-tier,Business,South,3,1,6,Small,Handshake,10,50,3,2,,
3.49,Mid-tier,STEM,South,0,2,1,Small,Handshake,5,19,1,0,,
3.22,Top-tier,Healthcare,South,0,2,0,Medium,Indeed,5,87,3,3,,
3.8,Lower-tier,Humanities,West,2,1,6,Medium,LinkedIn,4,38,2,1,,
3.44,Lower-tier,Healthcare,Northeast,1,2,1,Large,Indeed,3,5,0,0,,
3.41,Lower-tier,Healthcare,Midwest,1,3,3,Large,Indeed,2,29,0,0,,
3.15,Lower-tier,Business,Midwest,1,1,2,Large,Indeed,8,52,1,0,,
3.93,Lower-tier,Business,Northeast,0,0,6,Large,LinkedIn,1,6,0,0,,
3.0,Mid-tier,STEM,Midwest,2,3,2,Medium,Handshake,11,86,4,1,,
2.85,Mid-tier,Business,Midwest,1,1,2,Small,LinkedIn,2,8,0,0,,
2.68,Top-tier,Humanities,South,2,0,4,Small,LinkedIn,7,29,2,1,,
3.17,Mid-tier,STEM,Northeast,1,0,2,Small,Handshake,3,5,0,0,,
3.26,Mid-tier,STEM,West,2,0,5,Large,LinkedIn,5,45,3,3,,
2.54,Mid-tier,STEM,West,0,1,0,Large,LinkedIn,4,18,0,0,,
2.82,Lower-tier,STEM,Northeast,4,0,3,Large,Indeed,10,176,2,0,,
3.44,Mid-tier,Business,South,2,1,6,Medium,Indeed,9,135,5,3,,
3.58,Lower-tier,Business,South,0,0,4,Medium,Handshake,8,26,2,0,,
2.59,Mid-tier,STEM,West,1,3,4,Large,Handshake,11,5,0,0,,
2.41,Lower-tier,Business,West,1,3,2,Medium,LinkedIn,3,13,0,0,,
3.61,Lower-tier,STEM,Midwest,0,2,3,Large,Handshake,7,38,2,0,,
3.18,Mid-tier,Humanities,West,2,3,4,Large,Handshake,8,44,4,0,,
3.48,Mid-tier,Healthcare,Midwest,0,2,3,Large,Handshake,6,35,2,0,,
2.75,Mid-tier,STEM,Midwest,0,4,0,Large,Handshake,1,5,0,0,,
3.27,Top-tier,Business,West,2,4,2,Large,Handshake,4,36,2,2,,
3.53,Lower-tier,STEM,Northeast,2,1,4,Small,Handshake,12,88,5,4,,
3.54,Top-tier,Business,Northeast,2,0,2,Large,Indeed,1,13,0,0,,
2.68,Mid-tier,STEM,Northeast,1,3,1,Large,Handshake,3,19,2,1,,
4.0,Mid-tier,Business,Midwest,1,3,2,Medium,Handshake,3,14,1,0,,
4.0,Lower-tier,Humanities,South,0,5,3,Small,Handshake,4,11,2,2,,
3.72,Mid-tier,STEM,Northeast,1,3,3,Medium,Indeed,9,190,8,6,,
3.76,Mid-tier,Humanities,West,0,2,5,Medium,Handshake,8,66,8,0,,
2.7,Top-tier,Business,South,0,1,3,Medium,LinkedIn,4,8,2,2,,
3.04,Lower-tier,Healthcare,South,1,2,3,Small,Handshake,10,50,2,0,,
4.0,Top-tier,Business,West,4,2,6,Small,LinkedIn,8,74,4,1,,
3.47,Lower-tier,STEM,West,2,1,1,Large,Handshake,8,5,0,0,,
3.27,Mid-tier,Healthcare,West,1,2,4,Large,Handshake,10,50,4,1,,
3.56,Lower-tier,STEM,South,1,1,2,Medium,LinkedIn,3,17,0,0,,
3.52,Lower-tier,Healthcare,West,3,2,4,Medium,LinkedIn,4,20,0,0,,
3.26,Lower-tier,Healthcare,Midwest,0,0,2,Small,LinkedIn,1,12,0,0,,
3.63,Mid-tier,Business,Northeast,1,4,4,Large,Handshake,6,15,1,0,,
3.15,Lower-tier,STEM,West,1,1,5,Small,LinkedIn,2,16,2,1,,
3.22,Lower-tier,Humanities,Midwest,1,1,4,Large,LinkedIn,9,100,5,3,,
2.27,Mid-tier,Healthcare,West,0,0,3,Medium,Indeed,4,41,2,0,,
2.68,Mid-tier,Business,Midwest,4,2,2,Medium,LinkedIn,12,56,2,2,,
3.16,Top-tier,Humanities,Northeast,5,3,2,Medium,Indeed,7,102,3,2,,
3.54,Mid-tier,Arts,South,1,1,6,Medium,Indeed,1,6,0,0,,
3.16,Mid-tier,STEM,Northeast,0,1,2,Large,Indeed,8,6,0,0,,
2.82,Top-tier,Humanities,South,0,1,3,Medium,Handshake,1,5,0,0,,
3.56,Lower-tier,STEM,South,1,4,5,Medium,Indeed,3,28,0,0,,
3.0,Mid-tier,STEM,Northeast,2,1,6,Medium,Handshake,11,38,4,0,,
3.12,Lower-tier,Humanities,Northeast,2,2,7,Large,Indeed,5,25,0,0,,
2.97,Mid-tier,Business,South,1,1,2,Medium,LinkedIn,11,64,1,0,,
2.71,Lower-tier,Business,South,0,4,3,Medium,Handshake,11,5,1,0,,
2.87,Mid-tier,Humanities,Midwest,0,3,4,Medium,LinkedIn,11,80,2,2,,
3.47,Lower-tier,Healthcare,West,1,1,4,Medium,LinkedIn,2,13,0,0,,
3.16,Lower-tier,Humanities,West,0,4,4,Large,LinkedIn,11,104,7,1,,
3.5,Lower-tier,Business,Midwest,3,1,1,Large,Handshake,2,13,0,0,,
2.44,Lower-tier,STEM,South,0,3,2,Small,LinkedIn,2,19,2,0,,
3.99,Top-tier,Healthcare,Northeast,1,1,5,Large,LinkedIn,12,106,5,3,,
2.92,Lower-tier,Business,West,0,2,5,Medium,LinkedIn,1,8,0,0,,
2.7,Top-tier,STEM,South,3,1,2,Large,LinkedIn,3,14,0,0,,
3.89,Top-tier,Healthcare,Midwest,1,2,4,Large,Indeed,4,67,0,0,,
2.87,Mid-tier,Business,Northeast,1,2,6,Medium,LinkedIn,1,9,0,0,,
2.88,Mid-tier,Arts,Northeast,3,2,3,Large,LinkedIn,7,56,2,2,,
2.74,Mid-tier,Humanities,Midwest,1,5,4,Medium,Indeed,3,45,0,0,,
2.88,Lower-tier,Humanities,Northeast,0,3,2,Medium,Handshake,2,9,0,0,,
3.38,Lower-tier,Business,West,0,4,4,Medium,Indeed,3,21,2,0,,
3.6,Mid-tier,STEM,West,1,3,3,Large,LinkedIn,2,19,2,2,,
3.41,Top-tier,Business,Midwest,4,1,3,Small,Indeed,12,180,9,9,,
3.03,Lower-tier,Humanities,South,0,1,0,Small,Handshake,11,55,4,1,,
3.01,Mid-tier,STEM,Northeast,0,1,3,Large,LinkedIn,1,11,0,0,,
3.16,Lower-tier,STEM,South,0,1,4,Large,Indeed,8,114,1,1,,
3.07,Mid-tier,Business,Midwest,0,1,3,Large,LinkedIn,7,5,0,0,,
3.49,Lower-tier,Business,Northeast,2,0,6,Medium,Handshake,9,31,2,2,,
3.53,Lower-tier,Humanities,West,0,0,3,Large,Indeed,2,32,0,0,,
2.72,Lower-tier,Humanities,Northeast,3,3,5,Medium,Indeed,2,20,2,1,,
3.92,Top-tier,Business,South,0,4,6,Large,Handshake,1,6,2,2,,
3.37,Top-tier,Humanities,Midwest,3,1,2,Medium,Indeed,1,13,0,0,,
2.3,Top-tier,STEM,Midwest,1,1,4,Small,Handshake,10,53,5,4,,
2.96,Mid-tier,Business,West,2,2,3,Medium,LinkedIn,6,90,5,3,,
3.97,Mid-tier,STEM,Midwest,1,2,2,Small,Handshake,12,60,3,1,,
4.0,Mid-tier,STEM,Northeast,0,2,7,Medium,Handshake,8,72,4,1,,
2.82,Lower-tier,Humanities,South,0,3,2,Large,Indeed,8,140,1,0,,
3.1,Mid-tier,STEM,Midwest,3,1,6,Medium,Indeed,3,31,2,1,,
3.06,Mid-tier,Business,Northeast,2,1,3,Medium,Indeed,2,13,0,0,,
2.98,Lower-tier,Healthcare,Northeast,0,0,3,Small,LinkedIn,8,46,0,0,,
3.78,Lower-tier,Healthcare,South,0,6,8,Medium,Indeed,10,136,3,1,,
3.38,Mid-tier,Business,West,1,1,3,Medium,LinkedIn,9,69,4,0,,
2.74,Top-tier,STEM,Northeast,4,2,2,Medium,LinkedIn,2,24,1,1,,
2.46,Lower-tier,STEM,South,0,1,5,Large,Indeed,8,140,2,2,,
3.82,Lower-tier,STEM,West,3,1,3,Small,Handshake,2,12,2,1,,
3.37,Mid-tier,Business,South,1,2,3,Large,Handshake,11,62,4,1,,
3.02,Mid-tier,Humanities,Midwest,0,2,4,Large,LinkedIn,4,60,3,2,,
3.2,Mid-tier,STEM,Midwest,4,2,6,Large,LinkedIn,2,20,2,1,,
2.65,Mid-tier,STEM,Northeast,1,3,2,Large,Indeed,1,20,2,2,,
2.76,Top-tier,STEM,Northeast,0,2,3,Small,Handshake,7,23,2,0,,
3.34,Mid-tier,STEM,Midwest,0,4,4,Large,Handshake,2,10,1,0,,
3.58,Mid-tier,Business,Northeast,0,1,1,Small,Indeed,7,126,4,3,,
2.83,Lower-tier,STEM,West,1,0,3,Large,Handshake,7,45,2,2,,
3.37,Lower-tier,Healthcare,West,1,3,6,Large,Handshake,4,22,1,0,,
3.44,Lower-tier,STEM,West,0,3,4,Large,LinkedIn,3,15,0,0,,
2.92,Mid-tier,STEM,Midwest,0,0,2,Medium,LinkedIn,12,100,4,1,,
2.73,Mid-tier,STEM,Midwest,0,2,4,Medium,Handshake,8,5,0,0,,
3.0,Top-tier,Business,Northeast,1,0,4,Small,LinkedIn,1,12,2,1,,
3.21,Mid-tier,Business,South,1,2,4,Large,LinkedIn,1,7,2,1,,
3.82,Lower-tier,STEM,South,1,0,3,Large,LinkedIn,3,30,1,0,,
3.73,Mid-tier,STEM,South,2,2,3,Large,Indeed,7,124,1,0,,
3.26,Mid-tier,Business,Midwest,0,1,1,Medium,LinkedIn,8,50,2,1,,
3.77,Mid-tier,STEM,Midwest,1,1,1,Large,Indeed,7,77,2,1,,
2.98,Mid-tier,Business,South,0,2,3,Small,LinkedIn,8,41,1,0,,
3.35,Lower-tier,STEM,Midwest,1,1,9,Large,LinkedIn,2,5,2,2,,
3.21,Top-tier,Business,West,3,1,3,Large,LinkedIn,8,44,3,3,,
3.56,Lower-tier,Business,South,1,0,2,Medium,Handshake,3,18,1,1,,
3.06,Lower-tier,Healthcare,West,0,2,4,Large,Handshake,7,43,3,1,,
2.86,Mid-tier,STEM,Midwest,1,2,3,Large,Indeed,10,150,5,5,,
2.24,Lower-tier,Healthcare,Northeast,1,2,2,Large,Handshake,7,82,9,3,,
3.58,Lower-tier,STEM,South,0,0,1,Small,LinkedIn,5,65,5,2,,
3.13,Lower-tier,STEM,Midwest,0,0,4,Large,Indeed,4,74,0,0,,
3.42,Lower-tier,STEM,West,1,3,2,Large,Handshake,12,54,2,2,,
2.95,Lower-tier,Humanities,Midwest,1,3,3,Medium,Handshake,2,5,0,0,,
3.38,Lower-tier,STEM,South,1,4,1,Medium,LinkedIn,12,48,3,1,,
3.42,Top-tier,Business,South,2,1,5,Small,LinkedIn,8,46,2,2,,
2.85,Top-tier,Business,South,2,1,2,Large,LinkedIn,9,94,3,3,,
3.54,Mid-tier,Healthcare,Midwest,0,2,2,Small,Handshake,4,31,4,1,,
3.84,Lower-tier,Business,Midwest,1,5,3,Medium,LinkedIn,1,7,2,1,,
3.16,Mid-tier,Business,South,0,3,1,Medium,Handshake,4,9,2,0,,
3.21,Mid-tier,Arts,Northeast,2,2,4,Large,Handshake,6,38,2,2,,
3.35,Mid-tier,Healthcare,West,0,2,5,Small,Handshake,11,66,9,4,,
2.5,Lower-tier,Business,West,0,4,3,Large,Indeed,9,79,0,0,,
3.23,Mid-tier,STEM,Midwest,1,3,2,Large,Handshake,5,5,0,0,,
2.2,Lower-tier,Healthcare,West,4,2,8,Large,LinkedIn,12,112,5,5,,
3.37,Mid-tier,Humanities,South,0,1,3,Medium,LinkedIn,6,36,0,0,,
3.1,Mid-tier,Business,Midwest,0,0,2,Medium,Handshake,2,13,1,0,,
2.94,Lower-tier,Healthcare,Midwest,0,2,1,Medium,Handshake,2,14,0,0,,
2.71,Mid-tier,STEM,Northeast,4,2,4,Medium,LinkedIn,1,9,2,2,,
3.52,Mid-tier,STEM,South,2,2,5,Medium,Handshake,5,16,4,3,,
3.06,Lower-tier,STEM,West,2,3,2,Medium,LinkedIn,3,24,2,2,,
3.43,Lower-tier,Business,Midwest,2,2,1,Small,Indeed,8,108,1,0,,
3.9,Lower-tier,Healthcare,West,0,3,3,Medium,Handshake,8,52,5,2,,
3.38,Mid-tier,STEM,Midwest,0,2,5,Medium,Indeed,12,158,3,1,,
3.9,Lower-tier,STEM,Midwest,0,2,5,Small,Handshake,5,9,0,0,,
3.18,Top-tier,STEM,West,4,0,2,Medium,LinkedIn,1,11,1,0,,
3.69,Mid-tier,Healthcare,West,1,1,3,Small,Indeed,8,93,0,0,,
3.23,Lower-tier,Business,Northeast,1,0,3,Medium,LinkedIn,8,36,2,0,,
2.62,Lower-tier,STEM,South,3,1,2,Large,LinkedIn,8,86,4,4,,
2.58,Top-tier,Healthcare,Midwest,2,0,1,Small,Handshake,1,5,1,0,,
3.46,Mid-tier,STEM,West,0,1,4,Large,Indeed,10,195,1,0,,
2.75,Mid-tier,STEM,South,0,1,3,Medium,Indeed,1,17,0,0,,
2.71,Mid-tier,Business,South,0,3,3,Large,LinkedIn,3,27,0,0,,
2.79,Lower-tier,Humanities,Northeast,2,1,2,Medium,LinkedIn,7,77,3,2,,
3.09,Mid-tier,STEM,Northeast,2,2,2,Large,LinkedIn,7,16,3,0,,
3.39,Mid-tier,Business,Northeast,1,2,5,Medium,Handshake,8,28,3,2,,
2.65,Mid-tier,Business,Northeast,2,0,3,Small,LinkedIn,9,109,6,2,,
2.82,Lower-tier,STEM,West,1,0,0,Small,Indeed,8,49,0,0,,
3.7,Mid-tier,Humanities,South,2,3,8,Medium,Handshake,7,23,0,0,,
3.43,Mid-tier,STEM,South,0,2,3,Small,Indeed,4,50,1,0,,
3.89,Mid-tier,STEM,South,4,2,5,Large,LinkedIn,3,16,2,2,,
3.64,Lower-tier,Business,South,1,3,3,Small,LinkedIn,4,34,1,0,,
2.99,Mid-tier,STEM,South,3,0,1,Large,Handshake,2,5,0,0,,
3.27,Mid-tier,Healthcare,South,2,2,4,Medium,Handshake,1,6,0,0,,
2.72,Mid-tier,Humanities,Northeast,0,1,0,Large,LinkedIn,10,51,1,1,,
3.51,Lower-tier,Humanities,West,0,0,3,Large,Indeed,7,92,0,0,,
3.87,Mid-tier,Healthcare,South,0,4,4,Small,Handshake,9,36,2,2,,
3.51,Lower-tier,Humanities,Northeast,0,1,2,Large,Indeed,5,74,3,1,,
2.7,Mid-tier,Healthcare,South,2,0,2,Large,Indeed,12,200,3,0,,
3.5,Top-tier,Healthcare,West,0,1,3,Large,Handshake,6,69,9,1,,
3.05,Lower-tier,Business,South,0,3,4,Large,LinkedIn,12,98,4,3,,
3.28,Mid-tier,Business,South,1,1,2,Large,LinkedIn,12,60,5,2,,
3.37,Lower-tier,Business,West,0,0,4,Small,LinkedIn,1,7,0,0,,
3.05,Lower-tier,Business,South,1,4,2,Large,Indeed,2,22,2,1,,
2.3,Mid-tier,Humanities,Midwest,2,0,3,Medium,Handshake,5,31,2,2,,
3.7,Mid-tier,STEM,West,1,3,2,Medium,Indeed,5,59,2,1,,
2.68,Lower-tier,STEM,South,1,2,0,Large,Handshake,7,23,4,1,,
3.1,Mid-tier,Business,West,0,2,4,Medium,LinkedIn,12,72,4,1,,
3.35,Mid-tier,Business,South,4,3,5,Medium,LinkedIn,11,108,4,1,,
3.46,Mid-tier,STEM,South,1,1,2,Medium,LinkedIn,3,27,2,1,,
2.37,Mid-tier,Humanities,Midwest,2,1,2,Medium,Handshake,2,12,2,1,,
2.8,Lower-tier,Business,West,1,3,7,Small,LinkedIn,1,5,0,0,,
2.79,Mid-tier,Business,Northeast,0,5,3,Medium,Handshake,9,7,0,0,,
3.43,Top-tier,Business,Midwest,3,2,2,Small,Handshake,10,48,5,2,,
3.14,Mid-tier,Humanities,Northeast,4,5,6,Small,Indeed,12,90,0,0,,
3.28,Top-tier,Business,Midwest,3,1,4,Large,LinkedIn,4,40,2,1,,
2.9,Mid-tier,STEM,South,2,1,4,Small,Handshake,11,47,3,1,,
3.09,Top-tier,STEM,Northeast,3,0,4,Large,LinkedIn,1,9,2,1,,
3.36,Mid-tier,STEM,Northeast,2,2,3,Large,LinkedIn,6,41,1,0,,
3.17,Lower-tier,STEM,Northeast,1,2,6,Large,Handshake,4,27,1,0,,
3.04,Mid-tier,STEM,South,1,4,4,Medium,Indeed,10,161,7,4,,
3.0,Lower-tier,Business,Northeast,1,1,0,Medium,Indeed,4,18,0,0,,
3.59,Mid-tier,STEM,Midwest,1,3,4,Large,Indeed,3,32,0,0,,
2.28,Top-tier,Humanities,Northeast,0,1,3,Large,Indeed,12,156,1,1,,
3.08,Top-tier,STEM,West,0,5,3,Large,LinkedIn,5,40,1,0,,
3.48,Mid-tier,STEM,Northeast,2,1,5,Medium,Indeed,4,50,0,0,,
2.93,Mid-tier,Business,Northeast,1,2,6,Medium,Indeed,11,53,1,0,,
3.11,Mid-tier,Humanities,West,2,0,2,Medium,LinkedIn,2,24,1,0,,
2.75,Top-tier,Arts,South,1,2,1,Small,LinkedIn,4,26,1,1,,
3.47,Lower-tier,Business,South,0,2,1,Medium,LinkedIn,3,30,1,1,,
3.56,Lower-tier,Humanities,South,1,3,3,Small,Indeed,5,18,2,2,,
2.86,Mid-tier,Business,Midwest,2,1,2,Medium,Indeed,11,51,0,0,,
2.9,Mid-tier,Business,Midwest,1,0,5,Large,Handshake,8,36,2,1,,
2.91,Lower-tier,Humanities,Northeast,1,2,6,Large,Indeed,1,14,0,0,,
2.93,Lower-tier,Healthcare,South,1,2,1,Large,Handshake,8,82,7,3,,
2.91,Lower-tier,STEM,Northeast,1,1,4,Medium,LinkedIn,3,25,1,1,,
3.23,Mid-tier,Business,Northeast,1,1,5,Small,LinkedIn,9,105,5,4,,
2.68,Mid-tier,STEM,West,1,1,4,Large,LinkedIn,3,17,0,0,,
3.55,Mid-tier,Business,Midwest,4,2,1,Medium,LinkedIn,6,41,2,2,,
3.42,Lower-tier,Healthcare,Northeast,0,2,3,Medium,LinkedIn,1,5,1,1,,
2.88,Lower-tier,STEM,Midwest,1,1,2,Large,Handshake,1,6,0,0,,
2.95,Mid-tier,Humanities,Northeast,2,1,3,Large,LinkedIn,1,5,0,0,,
3.75,Lower-tier,Humanities,Midwest,2,1,3,Small,LinkedIn,12,102,3,1,,
3.33,Top-tier,Business,Northeast,2,2,5,Large,LinkedIn,10,128,5,2,,
3.1,Top-tier,Business,West,1,3,0,Medium,LinkedIn,3,10,0,0,,
2.97,Mid-tier,Business,West,0,5,2,Medium,Handshake,12,5,0,0,,
3.41,Lower-tier,Business,West,1,1,2,Medium,Handshake,8,22,2,2,,
2.53,Mid-tier,Business,Northeast,2,1,3,Large,LinkedIn,7,73,4,1,,
3.39,Lower-tier,STEM,West,0,6,2,Medium,Indeed,11,238,6,0,,
3.07,Top-tier,Healthcare,Northeast,2,2,3,Large,LinkedIn,2,20,2,2,,
2.55,Mid-tier,Humanities,South,2,0,6,Large,Indeed,10,145,0,0,,
3.31,Mid-tier,Humanities,West,0,4,1,Small,Indeed,10,141,1,0,,
2.63,Mid-tier,STEM,South,2,5,6,Large,Indeed,5,55,1,0,,
3.64,Mid-tier,STEM,West,0,2,2,Small,Handshake,7,54,6,3,,
2.78,Top-tier,STEM,Midwest,1,3,5,Medium,Handshake,12,46,0,0,,
3.81,Mid-tier,STEM,West,2,4,3,Large,LinkedIn,8,98,4,4,,
3.39,Mid-tier,STEM,South,1,2,2,Large,LinkedIn,1,5,1,0,,
2.75,Lower-tier,Business,South,3,2,3,Medium,Handshake,11,47,3,3,,
2.52,Lower-tier,Business,Northeast,1,2,2,Large,Handshake,4,12,2,1,,
3.65,Top-tier,STEM,West,2,1,5,Large,LinkedIn,8,42,2,1,,
2.97,Top-tier,Business,Midwest,2,4,3,Medium,LinkedIn,7,16,2,2,,
2.73,Lower-tier,STEM,West,0,1,4,Large,Indeed,8,44,0,0,,
2.85,Mid-tier,STEM,Midwest,0,0,6,Small,Handshake,6,49,5,1,,
2.86,Mid-tier,Business,Midwest,1,2,0,Medium,Handshake,11,73,6,2,,
3.15,Lower-tier,Humanities,Northeast,2,1,1,Large,Handshake,6,15,1,1,,
3.12,Top-tier,STEM,Northeast,1,1,5,Small,Handshake,7,15,1,0,,
2.23,Lower-tier,Healthcare,Northeast,0,3,3,Small,Handshake,10,20,1,1,,
3.48,Lower-tier,Business,West,2,1,3,Small,Indeed,1,13,0,0,,
3.18,Top-tier,Healthcare,Northeast,3,1,4,Medium,Indeed,9,123,3,0,,
3.35,Lower-tier,STEM,Northeast,0,0,4,Large,LinkedIn,8,77,4,1,,
3.3,Mid-tier,Business,South,1,3,5,Small,LinkedIn,12,62,2,0,,
3.09,Top-tier,STEM,South,3,1,4,Large,Handshake,9,15,1,0,,
3.12,Mid-tier,Humanities,Midwest,0,0,5,Large,LinkedIn,3,25,1,1,,
3.46,Mid-tier,Humanities,Northeast,0,0,4,Medium,Indeed,7,93,1,0,,
3.44,Top-tier,STEM,West,1,3,3,Small,LinkedIn,3,24,0,0,,
3.49,Mid-tier,Arts,Northeast,1,4,2,Medium,Indeed,3,37,0,0,,
3.85,Mid-tier,STEM,Midwest,2,2,5,Large,Handshake,4,22,2,0,,
2.93,Mid-tier,STEM,Midwest,0,3,5,Large,Indeed,5,59,1,1,,
3.4,Lower-tier,Business,Midwest,0,2,2,Medium,LinkedIn,8,86,5,2,,
3.4,Lower-tier,Business,West,3,3,1,Small,Indeed,9,100,2,1,,
3.01,Top-tier,STEM,Northeast,2,3,2,Small,LinkedIn,3,19,0,0,,
3.48,Top-tier,Business,West,2,3,2,Small,Handshake,5,38,2,2,,
2.75,Lower-tier,Business,Midwest,1,4,7,Large,Handshake,4,28,4,2,,
3.63,Mid-tier,Healthcare,Northeast,1,0,5,Large,LinkedIn,1,9,2,1,,
3.87,Mid-tier,Humanities,West,0,1,4,Large,Indeed,1,5,0,0,,
2.68,Mid-tier,Business,Northeast,0,2,2,Medium,Indeed,12,5,0,0,,
3.69,Lower-tier,STEM,Midwest,0,2,3,Large,Indeed,6,52,3,2,,
3.03,Top-tier,Healthcare,South,1,1,5,Medium,Handshake,7,54,3,2,,
3.18,Lower-tier,Healthcare,Midwest,0,1,3,Large,LinkedIn,10,31,0,0,,
3.32,Lower-tier,STEM,West,1,2,4,Medium,Indeed,12,172,1,1,,
3.29,Top-tier,Business,South,0,1,3,Large,LinkedIn,8,33,2,2,,
3.47,Lower-tier,STEM,Midwest,1,2,1,Large,Handshake,6,38,2,0,,
3.28,Mid-tier,STEM,Midwest,2,1,4,Large,Indeed,6,52,3,3,,
3.72,Lower-tier,Business,South,2,4,2,Medium,LinkedIn,11,80,3,3,,
2.85,Mid-tier,STEM,Midwest,1,2,2,Medium,Indeed,2,38,1,0,,
3.77,Lower-tier,Humanities,Northeast,0,0,3,Large,Indeed,12,174,2,0,,
3.28,Mid-tier,Healthcare,Northeast,4,6,3,Medium,Handshake,4,14,2,0,,
3.36,Lower-tier,STEM,South,0,0,5,Small,LinkedIn,7,23,0,0,,
3.57,Mid-tier,Humanities,West,0,2,4,Medium,LinkedIn,11,115,4,1,,
3.08,Mid-tier,Business,Midwest,2,1,2,Large,Indeed,8,125,2,2,,
2.86,Mid-tier,Healthcare,Northeast,2,4,0,Small,Indeed,4,35,0,0,,
2.99,Mid-tier,STEM,West,0,2,5,Medium,Handshake,10,50,3,1,,
4.0,Lower-tier,Business,Northeast,0,2,5,Small,Handshake,5,32,2,1,,
2.52,Top-tier,Business,West,1,3,0,Medium,Indeed,1,10,0,0,,
3.66,Mid-tier,Humanities,Midwest,0,4,5,Large,Handshake,10,41,2,2,,
3.09,Top-tier,Humanities,West,4,1,2,Large,Indeed,9,142,8,2,,
3.62,Mid-tier,Healthcare,South,2,4,3,Large,Handshake,3,13,1,0,,
3.04,Mid-tier,STEM,West,2,1,4,Medium,LinkedIn,3,23,0,0,,
2.89,Lower-tier,STEM,West,0,1,2,Large,LinkedIn,11,84,4,2,,
2.85,Lower-tier,Business,Midwest,2,3,5,Large,LinkedIn,8,68,7,3,,
3.54,Mid-tier,Business,West,2,0,2,Large,LinkedIn,12,106,3,3,,
2.71,Mid-tier,STEM,Northeast,2,3,2,Large,LinkedIn,1,8,0,0,,
3.09,Mid-tier,Business,Midwest,1,0,5,Medium,LinkedIn,9,40,2,0,,
3.09,Mid-tier,Business,Northeast,3,0,1,Large,Handshake,4,5,2,1,,
3.37,Lower-tier,Business,West,0,0,2,Medium,Handshake,8,85,2,1,,
3.21,Mid-tier,Healthcare,West,0,1,0,Small,Indeed,11,69,2,1,,
3.29,Top-tier,Arts,South,0,2,2,Medium,LinkedIn,4,26,2,2,,
3.55,Mid-tier,Arts,South,1,1,1,Large,Indeed,4,57,0,0,,
3.49,Mid-tier,Business,West,1,2,4,Medium,Handshake,7,60,3,2,,
3.29,Mid-tier,Humanities,South,0,0,2,Large,Handshake,12,56,3,3,,
3.02,Mid-tier,Business,Midwest,1,1,0,Medium,Indeed,9,51,0,0,,
2.79,Top-tier,Business,Midwest,1,3,1,Medium,Handshake,2,6,2,1,,
2.87,Lower-tier,Business,South,1,2,3,Medium,LinkedIn,12,64,5,3,,
3.27,Top-tier,Business,West,1,2,3,Medium,LinkedIn,9,51,0,0,,
3.2,Lower-tier,Healthcare,Midwest,1,1,5,Large,Indeed,2,29,0,0,,
3.45,Lower-tier,Humanities,West,3,2,2,Large,Handshake,1,5,0,0,,
3.68,Lower-tier,Business,Midwest,0,3,2,Large,LinkedIn,5,34,3,2,,
3.47,Mid-tier,Healthcare,Midwest,0,2,4,Small,Indeed,6,137,2,1,,
3.14,Lower-tier,Business,Northeast,2,2,3,Large,Handshake,1,5,0,0,,
2.84,Mid-tier,Arts,South,1,2,6,Medium,LinkedIn,12,106,2,2,,
3.11,Mid-tier,Arts,Midwest,0,3,4,Medium,Indeed,3,27,1,0,,
2.46,Mid-tier,Healthcare,Northeast,1,0,1,Large,LinkedIn,3,18,0,0,,
2.84,Lower-tier,Business,South,5,1,4,Medium,Handshake,1,5,2,2,,
3.85,Lower-tier,Healthcare,West,0,3,3,Large,LinkedIn,8,105,3,3,,
3.14,Top-tier,Arts,Northeast,0,4,1,Large,Indeed,11,177,1,0,,
3.57,Mid-tier,STEM,Northeast,0,3,1,Medium,Indeed,4,21,0,0,,
3.25,Lower-tier,STEM,Midwest,0,0,1,Medium,LinkedIn,11,82,5,1,,
3.2,Mid-tier,Business,West,1,3,1,Small,LinkedIn,3,30,2,2,,
3.08,Mid-tier,STEM,West,0,6,3,Small,Handshake,7,31,4,2,,
2.73,Mid-tier,STEM,South,0,2,0,Small,LinkedIn,8,69,3,1,,
3.2,Lower-tier,Business,South,3,4,3,Large,Indeed,11,117,4,4,,
3.35,Top-tier,Business,West,0,4,2,Medium,Handshake,11,34,2,1,,
3.13,Lower-tier,Business,Midwest,3,3,5,Medium,LinkedIn,4,50,1,1,,
2.84,Top-tier,Healthcare,Northeast,1,1,2,Large,Indeed,7,92,2,0,,
3.29,Top-tier,Healthcare,South,1,3,1,Medium,Handshake,9,31,2,1,,
3.24,Lower-tier,Healthcare,South,0,1,4,Small,LinkedIn,10,80,5,1,,
2.76,Mid-tier,Healthcare,West,3,2,4,Large,Handshake,4,6,2,1,,
3.44,Lower-tier,Business,West,2,1,3,Large,Handshake,7,16,2,1,,
2.33,Lower-tier,STEM,Midwest,0,5,3,Medium,LinkedIn,9,61,1,0,,
3.26,Mid-tier,Arts,Midwest,1,1,6,Large,Indeed,6,118,1,1,,
3.61,Lower-tier,STEM,Midwest,0,3,1,Small,LinkedIn,8,74,6,4,,
2.36,Top-tier,STEM,Midwest,1,1,3,Medium,Handshake,9,46,5,1,,
3.03,Lower-tier,STEM,Northeast,1,6,4,Medium,Indeed,4,29,0,0,,
2.82,Mid-tier,STEM,South,1,3,4,Large,Handshake,4,33,5,2,,
3.21,Mid-tier,STEM,Midwest,1,2,2,Small,Handshake,4,5,2,2,,
3.28,Lower-tier,Humanities,South,2,2,3,Medium,Indeed,12,270,4,1,,
2.93,Mid-tier,Business,West,2,2,3,Small,Handshake,3,25,4,1,,
2.78,Lower-tier,Arts,West,1,1,1,Small,Handshake,10,21,1,0,,
3.48,Mid-tier,STEM,West,0,3,2,Medium,Handshake,9,70,3,3,,
2.73,Mid-tier,Healthcare,West,1,2,1,Medium,Handshake,6,29,2,1,,
3.0,Mid-tier,STEM,Midwest,2,4,2,Medium,LinkedIn,6,35,2,2,,
3.46,Mid-tier,Business,West,0,3,1,Medium,Handshake,1,11,2,1,,
2.47,Lower-tier,Humanities,Midwest,1,1,1,Small,Handshake,6,55,3,2,,
2.82,Top-tier,Arts,Midwest,4,4,2,Medium,LinkedIn,2,14,0,0,,
2.28,Top-tier,STEM,South,3,3,3,Medium,Indeed,12,104,0,0,,
3.29,Lower-tier,Business,Northeast,2,2,5,Medium,Handshake,7,24,2,1,,
2.83,Lower-tier,Healthcare,South,1,5,1,Small,Handshake,12,94,6,1,,
3.16,Lower-tier,Business,West,0,0,4,Medium,LinkedIn,7,89,3,2,,
3.38,Mid-tier,STEM,Midwest,2,6,2,Large,Indeed,7,35,2,1,,
3.57,Top-tier,STEM,Midwest,3,1,3,Small,Indeed,6,71,3,2,,
3.36,Lower-tier,Humanities,West,2,2,0,Medium,Indeed,12,250,1,0,,
3.42,Lower-tier,STEM,Midwest,2,2,4,Medium,LinkedIn,12,96,3,2,,
2.91,Mid-tier,Healthcare,Northeast,3,2,3,Medium,Indeed,9,108,2,0,,
3.22,Mid-tier,Humanities,West,1,1,1,Small,LinkedIn,1,11,1,1,,
3.84,Mid-tier,Healthcare,South,1,5,6,Medium,LinkedIn,10,161,3,3,,
3.01,Lower-tier,STEM,Northeast,0,3,3,Large,Handshake,3,8,2,2,,
2.83,Mid-tier,STEM,Midwest,0,2,1,Small,Indeed,2,18,1,0,,
3.5,Mid-tier,Business,South,2,2,1,Large,LinkedIn,5,44,3,1,,
3.03,Lower-tier,STEM,South,2,1,1,Small,Handshake,11,60,6,4,,
3.54,Mid-tier,STEM,West,1,3,6,Medium,Handshake,10,55,2,2,,
2.84,Lower-tier,Business,Northeast,0,1,2,Medium,LinkedIn,10,135,5,1,,
2.83,Lower-tier,Business,Midwest,0,3,0,Medium,LinkedIn,8,49,3,0,,
2.51,Top-tier,Humanities,Northeast,1,0,5,Small,LinkedIn,11,53,3,3,,
2.86,Lower-tier,STEM,Northeast,0,1,4,Small,LinkedIn,9,108,4,3,,
3.47,Top-tier,Humanities,Northeast,4,2,4,Large,LinkedIn,1,7,2,2,,
2.72,Mid-tier,Business,Northeast,1,2,1,Medium,LinkedIn,2,20,3,1,,
3.22,Mid-tier,STEM,Midwest,1,2,4,Medium,LinkedIn,8,50,6,3,,
2.69,Mid-tier,STEM,Midwest,2,2,4,Large,LinkedIn,5,52,2,0,,
2.87,Mid-tier,STEM,South,2,1,1,Small,Handshake,10,86,5,0,,
2.89,Lower-tier,STEM,Northeast,1,1,4,Large,LinkedIn,6,58,3,1,,
3.75,Lower-tier,Healthcare,Midwest,0,2,3,Medium,Handshake,12,102,6,2,,
3.62,Lower-tier,STEM,Midwest,2,2,0,Large,LinkedIn,5,55,2,1,,
3.35,Mid-tier,Business,Northeast,1,3,2,Medium,LinkedIn,9,46,1,0,,
3.11,Top-tier,Business,South,5,2,2,Medium,LinkedIn,5,75,3,1,,
3.36,Mid-tier,Arts,Northeast,1,2,0,Large,Handshake,3,7,0,0,,
3.32,Top-tier,Humanities,Northeast,1,2,2,Small,LinkedIn,6,66,2,2,,
3.9,Mid-tier,STEM,Midwest,1,2,1,Large,LinkedIn,6,26,3,2,,
3.56,Top-tier,Business,Northeast,2,2,3,Small,Handshake,6,42,3,1,,
2.58,Top-tier,STEM,Northeast,2,2,1,Large,LinkedIn,6,49,3,1,,
2.91,Mid-tier,Humanities,West,0,4,1,Large,Indeed,7,5,2,1,,
4.0,Mid-tier,STEM,Northeast,1,3,0,Large,LinkedIn,12,42,1,1,,
3.23,Mid-tier,Healthcare,West,1,0,2,Medium,Handshake,5,25,2,1,,
3.3,Lower-tier,Humanities,Northeast,0,2,8,Large,Indeed,10,113,1,0,,
3.97,Lower-tier,Healthcare,South,3,0,5,Medium,Handshake,12,30,2,1,,
3.58,Mid-tier,STEM,Midwest,1,2,2,Medium,Handshake,4,51,5,3,,
3.72,Mid-tier,Healthcare,West,1,1,2,Medium,Indeed,2,19,2,1,,
3.0,Lower-tier,Business,Midwest,0,0,3,Medium,Handshake,1,5,2,1,,
3.43,Mid-tier,Healthcare,West,2,2,3,Medium,LinkedIn,3,30,2,1,,
3.14,Lower-tier,STEM,South,2,4,2,Large,LinkedIn,7,23,2,2,,
3.16,Lower-tier,Healthcare,South,0,2,5,Medium,LinkedIn,6,46,1,0,,
3.35,Lower-tier,Humanities,Northeast,1,4,1,Medium,LinkedIn,9,91,5,5,,
3.49,Mid-tier,Business,Midwest,1,2,2,Small,Indeed,1,13,1,0,,
3.41,Mid-tier,Humanities,South,0,1,1,Small,LinkedIn,2,22,1,0,,
3.07,Mid-tier,Business,South,0,3,0,Large,Indeed,7,70,0,0,,
3.28,Mid-tier,Business,West,2,3,2,Small,Indeed,12,114,5,3,,
3.16,Top-tier,Business,Northeast,2,2,5,Medium,LinkedIn,7,71,3,1,,
3.29,Mid-tier,STEM,South,2,2,4,Small,Indeed,2,34,2,1,,
3.2,Lower-tier,Business,West,0,5,2,Medium,LinkedIn,9,70,2,0,,
2.99,Top-tier,Healthcare,West,2,3,7,Medium,LinkedIn,8,64,1,0,,
3.22,Mid-tier,STEM,South,1,4,4,Small,LinkedIn,6,29,1,0,,
2.91,Mid-tier,STEM,West,0,4,0,Medium,Handshake,9,67,4,1,,
2.94,Lower-tier,Business,Midwest,1,2,8,Small,Indeed,11,137,2,1,,
3.09,Mid-tier,Healthcare,Northeast,1,1,2,Medium,Indeed,4,68,0,0,,
3.77,Mid-tier,Business,South,2,1,1,Small,Handshake,10,68,2,1,,
3.49,Lower-tier,STEM,Midwest,4,2,1,Medium,Handshake,2,11,0,0,,
3.18,Mid-tier,Business,West,4,1,3,Large,Handshake,3,25,4,2,,
3.13,Mid-tier,Business,South,0,3,4,Small,LinkedIn,9,97,2,1,,
3.15,Mid-tier,Healthcare,Midwest,0,1,2,Large,Indeed,10,231,1,1,,
3.14,Lower-tier,Humanities,West,0,2,4,Large,Handshake,4,17,2,0,,
3.2,Top-tier,STEM,Northeast,0,2,5,Small,LinkedIn,3,31,0,0,,
3.05,Mid-tier,STEM,West,0,1,4,Small,Handshake,5,19,4,2,,
3.0,Mid-tier,Business,Northeast,0,2,3,Medium,Indeed,5,109,0,0,,
4.0,Mid-tier,Business,South,2,0,3,Large,Handshake,3,26,0,0,,
3.17,Top-tier,STEM,West,1,0,1,Medium,Indeed,7,75,0,0,,
3.36,Mid-tier,Humanities,Midwest,2,2,5,Medium,LinkedIn,8,94,2,2,,
3.45,Mid-tier,Arts,Midwest,0,4,5,Large,LinkedIn,9,88,4,1,,
3.24,Top-tier,Business,West,2,5,1,Medium,Indeed,1,5,0,0,,
3.13,Mid-tier,STEM,West,1,2,2,Large,Indeed,4,41,3,3,,
2.94,Top-tier,Humanities,South,1,0,6,Large,LinkedIn,11,62,2,1,,
2.58,Mid-tier,Business,West,0,0,5,Small,Indeed,10,86,1,0,,
3.35,Lower-tier,STEM,West,1,3,5,Large,Indeed,8,160,9,8,,
3.27,Mid-tier,Healthcare,Midwest,1,1,2,Large,Handshake,12,102,3,1,,
3.59,Mid-tier,Healthcare,Northeast,1,0,3,Small,Indeed,1,14,2,0,,
3.14,Mid-tier,Business,West,1,4,1,Large,Indeed,9,109,5,5,,
2.89,Mid-tier,Business,Northeast,0,3,1,Large,Handshake,2,11,1,0,,
3.05,Top-tier,STEM,Midwest,1,3,3,Small,LinkedIn,12,92,3,0,,
3.49,Lower-tier,Healthcare,Midwest,1,1,3,Medium,Indeed,1,11,0,0,,
3.11,Mid-tier,Healthcare,West,1,1,6,Large,Handshake,5,32,2,2,,
3.63,Top-tier,Healthcare,Midwest,4,2,5,Medium,LinkedIn,11,66,4,4,,
3.23,Mid-tier,STEM,Midwest,0,1,2,Small,Handshake,5,23,2,1,,
3.2,Lower-tier,STEM,South,1,5,7,Medium,Handshake,2,8,3,0,,
3.46,Mid-tier,Business,Northeast,0,0,3,Small,Handshake,10,66,1,1,,
3.07,Lower-tier,Arts,South,1,1,10,Large,Indeed,2,39,2,1,,
3.07,Lower-tier,Healthcare,Midwest,2,2,3,Medium,LinkedIn,7,77,1,0,,
3.29,Lower-tier,STEM,West,2,3,5,Medium,Handshake,11,66,6,3,,
3.13,Mid-tier,STEM,Northeast,1,5,2,Medium,Handshake,3,26,3,1,,
3.29,Mid-tier,STEM,Northeast,1,2,3,Large,LinkedIn,11,75,3,3,,
3.64,Mid-tier,Humanities,Midwest,0,0,3,Large,Indeed,3,50,0,0,,
3.27,Mid-tier,Humanities,South,0,3,1,Medium,LinkedIn,4,26,3,1,,
2.91,Top-tier,Business,South,0,2,4,Medium,LinkedIn,6,40,0,0,,
3.08,Lower-tier,Business,West,2,1,4,Medium,Handshake,11,104,10,4,,
3.04,Lower-tier,STEM,South,3,4,5,Medium,Indeed,4,82,1,1,,
2.32,Top-tier,Business,Northeast,1,2,4,Large,LinkedIn,9,55,3,0,,
3.22,Lower-tier,Healthcare,West,1,2,2,Large,Indeed,2,34,0,0,,
3.29,Mid-tier,Business,South,2,3,2,Medium,LinkedIn,4,27,0,0,,
2.73,Lower-tier,STEM,West,1,3,3,Large,Indeed,11,253,6,1,,
2.87,Mid-tier,Business,West,1,1,1,Medium,Handshake,8,38,2,1,,
3.12,Lower-tier,Business,West,4,0,2,Small,LinkedIn,9,111,5,1,,
3.54,Mid-tier,STEM,South,1,0,4,Large,Indeed,6,79,0,0,,
2.7,Lower-tier,STEM,West,0,1,3,Large,Indeed,7,91,1,1,,
3.29,Mid-tier,Humanities,Midwest,0,1,4,Large,LinkedIn,10,58,1,0,,
3.08,Mid-tier,Business,South,0,0,5,Medium,LinkedIn,10,130,4,2,,
3.14,Mid-tier,STEM,Northeast,3,1,0,Large,LinkedIn,3,45,2,1,,
3.04,Mid-tier,STEM,Northeast,2,1,2,Medium,Handshake,7,16,2,1,,
3.07,Lower-tier,Business,West,2,2,1,Large,Handshake,7,33,2,2,,
3.4,Lower-tier,STEM,South,0,2,5,Large,Indeed,6,106,0,0,,
3.11,Mid-tier,Business,Northeast,0,2,2,Medium,Indeed,4,46,0,0,,
3.0,Lower-tier,Humanities,West,2,4,2,Medium,Indeed,8,104,0,0,,
3.52,Mid-tier,Business,Midwest,1,4,0,Small,Handshake,2,8,1,0,,
3.2,Mid-tier,Healthcare,Northeast,0,0,5,Large,Handshake,9,30,2,2,,
3.58,Mid-tier,Business,Northeast,3,3,4,Medium,Handshake,5,20,2,1,,
3.82,Lower-tier,STEM,Midwest,1,3,0,Large,Handshake,2,8,0,0,,
3.44,Mid-tier,STEM,Northeast,0,0,4,Medium,Handshake,11,82,6,1,,
3.8,Top-tier,STEM,Northeast,1,1,3,Large,LinkedIn,6,43,1,0,,
3.0,Lower-tier,STEM,West,1,5,4,Small,Handshake,1,7,0,0,,
2.91,Lower-tier,Business,Midwest,2,2,1,Large,LinkedIn,1,6,2,0,,
3.01,Mid-tier,Arts,West,1,0,3,Medium,LinkedIn,9,72,3,1,,
3.2,Lower-tier,Business,West,0,4,2,Medium,Indeed,6,57,1,0,,
3.55,Lower-tier,Healthcare,West,0,0,1,Medium,Indeed,12,156,2,1,,
3.32,Lower-tier,Business,Northeast,2,4,3,Medium,Indeed,8,66,2,0,,
2.7,Mid-tier,Business,West,0,6,0,Large,LinkedIn,10,125,2,0,,
3.64,Mid-tier,Healthcare,South,3,3,4,Medium,Handshake,8,52,3,1,,
3.02,Lower-tier,Humanities,Midwest,0,0,3,Medium,Handshake,12,54,5,4,,
3.83,Lower-tier,Humanities,West,2,0,4,Medium,Handshake,6,11,2,1,,
3.52,Mid-tier,STEM,South,0,3,3,Medium,Indeed,12,208,2,1,,
3.57,Mid-tier,Business,Midwest,1,1,1,Small,Handshake,4,21,1,0,,
3.43,Lower-tier,STEM,Northeast,2,3,1,Large,Indeed,9,157,0,0,,
2.95,Lower-tier,Business,Northeast,0,2,4,Medium,Handshake,7,31,2,1,,
2.83,Top-tier,Business,South,2,2,3,Small,LinkedIn,6,59,5,2,,
3.45,Mid-tier,Humanities,West,2,1,1,Large,LinkedIn,6,29,2,1,,
3.05,Mid-tier,STEM,Northeast,2,1,3,Small,Handshake,10,53,3,2,,
3.68,Mid-tier,STEM,South,1,4,2,Medium,Indeed,12,232,1,0,,
2.95,Top-tier,Humanities,West,2,2,4,Small,Handshake,7,22,4,1,,
3.43,Mid-tier,STEM,West,1,1,4,Medium,LinkedIn,8,57,1,0,,
3.48,Mid-tier,Business,Midwest,1,1,7,Medium,LinkedIn,11,47,1,0,,
3.28,Lower-tier,Business,West,2,4,3,Medium,LinkedIn,9,66,6,1,,
3.21,Lower-tier,STEM,Northeast,0,0,2,Medium,LinkedIn,12,110,3,1,,
3.1,Mid-tier,Business,Midwest,2,1,7,Large,LinkedIn,2,16,2,1,,
3.02,Lower-tier,STEM,West,3,0,6,Medium,LinkedIn,10,71,2,2,,
3.48,Top-tier,STEM,Northeast,0,0,4,Medium,Indeed,10,68,1,0,,
2.79,Lower-tier,Business,West,0,2,3,Medium,LinkedIn,11,51,1,0,,
3.52,Lower-tier,Business,West,4,3,4,Large,Handshake,12,44,3,1,,
3.0,Mid-tier,Humanities,South,2,2,4,Medium,Indeed,8,112,1,0,,
3.83,Lower-tier,Humanities,Midwest,0,4,1,Medium,LinkedIn,12,100,3,2,,
3.45,Lower-tier,Humanities,Northeast,1,4,1,Large,LinkedIn,3,26,2,2,,
3.48,Lower-tier,STEM,Midwest,4,1,2,Medium,Handshake,4,14,1,1,,
3.37,Mid-tier,STEM,Northeast,1,4,5,Large,LinkedIn,2,25,0,0,,
3.32,Lower-tier,STEM,Northeast,2,1,3,Large,LinkedIn,7,30,2,2,,
3.77,Top-tier,STEM,South,3,3,2,Small,LinkedIn,12,30,2,1,,
2.91,Lower-tier,STEM,South,1,0,5,Small,Handshake,3,26,2,1,,
3.33,Mid-tier,STEM,West,1,3,2,Medium,LinkedIn,1,10,0,0,,
2.45,Lower-tier,Arts,Northeast,1,6,3,Medium,Indeed,12,174,1,0,,
4.0,Mid-tier,Business,Northeast,2,3,3,Medium,LinkedIn,10,20,2,2,,
3.12,Mid-tier,STEM,South,1,2,0,Small,Handshake,11,51,9,2,,
2.93,Mid-tier,Business,Midwest,0,1,3,Large,Handshake,4,19,0,0,,
3.17,Top-tier,Humanities,West,2,1,4,Large,Handshake,2,17,2,2,,
3.73,Lower-tier,STEM,Northeast,4,2,1,Small,LinkedIn,1,5,0,0,,
3.12,Lower-tier,Humanities,Northeast,2,2,7,Small,Handshake,8,44,3,2,,
3.53,Lower-tier,STEM,West,1,2,4,Large,LinkedIn,8,16,0,0,,
3.12,Lower-tier,Business,South,1,2,4,Large,LinkedIn,1,12,2,1,,
3.7,Mid-tier,STEM,Midwest,0,1,5,Large,LinkedIn,1,12,2,2,,
3.03,Lower-tier,Healthcare,West,2,1,1,Small,Handshake,6,14,0,0,,
3.75,Mid-tier,STEM,Northeast,0,2,4,Medium,Indeed,3,42,3,2,,
3.01,Mid-tier,Humanities,South,2,1,2,Large,Handshake,7,40,1,0,,
2.91,Mid-tier,STEM,Northeast,5,2,1,Large,Handshake,4,16,2,1,,
3.09,Mid-tier,Business,West,2,1,6,Medium,LinkedIn,4,25,2,1,,
3.49,Mid-tier,STEM,Midwest,0,3,2,Medium,Indeed,12,122,3,0,,
3.26,Lower-tier,STEM,Northeast,1,0,3,Large,LinkedIn,5,29,1,0,,
2.93,Mid-tier,Humanities,Midwest,0,3,1,Medium,LinkedIn,10,41,3,1,,
3.88,Lower-tier,Arts,West,0,0,4,Small,Indeed,12,78,1,0,,
2.99,Mid-tier,Humanities,South,0,1,0,Medium,Handshake,6,78,6,1,,
3.05,Mid-tier,Business,Midwest,1,1,1,Large,LinkedIn,7,40,0,0,,
3.53,Mid-tier,Business,West,1,3,1,Large,Handshake,11,75,9,4,,
3.63,Mid-tier,Business,West,0,4,2,Large,LinkedIn,5,16,0,0,,
3.62,Lower-tier,Business,Midwest,2,4,4,Medium,LinkedIn,9,66,3,3,,
3.09,Lower-tier,Business,Northeast,1,4,1,Large,LinkedIn,9,108,2,0,,
3.51,Mid-tier,Arts,West,2,0,3,Small,Handshake,1,5,0,0,,
2.53,Top-tier,Humanities,South,2,0,1,Large,LinkedIn,6,36,0,0,,
2.84,Top-tier,Healthcare,Northeast,1,3,4,Large,Handshake,5,55,2,0,,
2.85,Lower-tier,STEM,West,0,3,1,Medium,LinkedIn,1,18,0,0,,
3.47,Lower-tier,Healthcare,Northeast,0,2,4,Medium,LinkedIn,10,61,4,1,,
2.93,Lower-tier,STEM,Midwest,1,1,3,Medium,LinkedIn,8,74,2,0,,
3.27,Mid-tier,Business,South,1,3,4,Large,LinkedIn,7,38,2,0,,
3.27,Lower-tier,Humanities,Northeast,0,2,7,Small,Indeed,1,8,0,0,,
3.2,Mid-tier,Business,Northeast,2,2,3,Large,Handshake,5,35,3,2,,
2.91,Top-tier,STEM,Northeast,4,2,3,Small,LinkedIn,6,54,3,1,,
3.4,Mid-tier,Business,Midwest,1,1,2,Small,Indeed,8,158,0,0,,
2.96,Lower-tier,STEM,South,0,2,3,Large,LinkedIn,11,113,3,1,,
3.3,Top-tier,Business,Midwest,3,3,2,Large,LinkedIn,10,95,4,2,,
3.78,Lower-tier,Business,Northeast,1,4,3,Medium,Handshake,8,48,3,0,,
2.13,Mid-tier,STEM,South,2,4,4,Large,LinkedIn,2,27,2,1,,
3.41,Mid-tier,Humanities,Northeast,1,1,6,Small,Indeed,12,96,2,1,,
4.0,Mid-tier,Humanities,Midwest,0,1,3,Medium,Handshake,11,38,2,0,,
3.2,Mid-tier,Humanities,Northeast,3,2,3,Large,Indeed,10,100,1,1,,
2.54,Lower-tier,Business,West,1,0,3,Medium,Indeed,6,32,0,0,,
3.22,Mid-tier,STEM,Midwest,0,2,1,Medium,Indeed,7,106,2,1,,
2.17,Lower-tier,STEM,Northeast,0,2,0,Small,Handshake,7,53,5,0,,
3.13,Lower-tier,Healthcare,West,1,6,3,Small,Handshake,6,39,3,2,,
2.98,Lower-tier,STEM,West,2,2,2,Large,LinkedIn,9,42,3,3,,
3.26,Mid-tier,Humanities,South,0,1,2,Medium,Handshake,6,40,3,2,,
3.65,Mid-tier,Business,Midwest,1,1,3,Medium,Indeed,2,33,0,0,,
2.9,Mid-tier,Healthcare,South,0,2,3,Small,Handshake,8,36,2,0,,
3.29,Top-tier,STEM,Northeast,4,1,0,Medium,LinkedIn,1,13,0,0,,
3.51,Lower-tier,STEM,Midwest,0,3,1,Medium,LinkedIn,12,108,2,1,,
3.64,Top-tier,Business,Northeast,2,2,0,Small,Handshake,1,5,0,0,,
3.11,Lower-tier,Business,Northeast,0,4,3,Medium,Handshake,10,43,2,0,,
2.9,Mid-tier,STEM,West,1,4,1,Large,Indeed,5,66,2,0,,
3.06,Mid-tier,Business,West,0,2,4,Large,LinkedIn,1,5,2,1,,
3.24,Mid-tier,STEM,Northeast,0,1,5,Medium,Handshake,9,70,3,1,,
2.95,Mid-tier,Humanities,Midwest,0,2,4,Large,LinkedIn,5,28,1,0,,
3.69,Top-tier,Healthcare,Northeast,1,1,3,Medium,Handshake,2,11,2,0,,
2.84,Mid-tier,STEM,South,2,0,5,Medium,Handshake,10,45,3,2,,
3.12,Mid-tier,Humanities,West,3,3,3,Medium,Handshake,3,9,2,1,,
3.52,Lower-tier,STEM,Northeast,0,1,1,Small,Handshake,8,46,2,2,,
3.21,Lower-tier,Healthcare,Northeast,0,0,6,Large,Indeed,4,47,2,1,,
3.13,Mid-tier,Business,Northeast,4,2,2,Medium,LinkedIn,9,112,2,0,,
2.36,Lower-tier,Business,Midwest,0,5,2,Large,Indeed,6,52,1,0,,
3.07,Mid-tier,Business,South,1,2,1,Medium,Indeed,9,201,2,2,,
3.16,Top-tier,Business,West,3,5,4,Medium,LinkedIn,11,91,3,2,,
3.14,Mid-tier,Business,Northeast,2,3,3,Large,Handshake,10,80,3,2,,
2.81,Lower-tier,Healthcare,South,0,1,5,Medium,LinkedIn,12,148,6,0,,
2.82,Top-tier,STEM,West,2,0,3,Medium,LinkedIn,1,8,0,0,,
2.72,Mid-tier,Humanities,West,1,1,1,Medium,LinkedIn,11,121,3,0,,
3.12,Mid-tier,STEM,Midwest,1,1,1,Medium,Handshake,11,55,9,4,,
3.51,Lower-tier,Humanities,Midwest,2,4,2,Medium,Indeed,7,92,2,2,,
3.55,Lower-tier,Humanities,West,1,1,3,Large,Indeed,8,126,4,1,,
3.12,Mid-tier,Business,South,1,1,3,Medium,LinkedIn,3,12,2,1,,
3.53,Lower-tier,Business,Northeast,0,1,3,Large,LinkedIn,2,5,0,0,,
3.03,Mid-tier,Arts,West,0,2,1,Medium,LinkedIn,11,119,6,3,,
3.65,Lower-tier,STEM,Midwest,2,4,4,Medium,LinkedIn,4,30,2,2,,
3.32,Lower-tier,STEM,Northeast,1,1,3,Large,Handshake,5,25,2,2,,
3.33,Mid-tier,STEM,West,0,1,0,Small,Handshake,10,53,1,1,,
2.94,Mid-tier,Business,South,2,3,1,Medium,Handshake,8,57,4,0,,
2.95,Top-tier,Business,Midwest,2,5,3,Medium,LinkedIn,2,18,2,1,,
3.63,Lower-tier,Healthcare,West,0,2,1,Small,Handshake,2,13,2,1,,
3.73,Top-tier,Healthcare,Northeast,2,1,5,Medium,LinkedIn,7,72,2,2,,
3.56,Top-tier,STEM,Northeast,0,4,4,Medium,Indeed,12,214,0,0,,
3.07,Mid-tier,Humanities,Northeast,1,2,4,Large,Indeed,7,135,0,0,,
2.66,Lower-tier,Humanities,Midwest,0,2,0,Medium,Indeed,11,36,2,2,,
2.99,Lower-tier,STEM,West,1,2,2,Medium,Handshake,8,38,2,1,,
3.83,Lower-tier,Business,South,3,1,1,Medium,LinkedIn,3,17,2,1,,
3.48,Top-tier,Humanities,Midwest,0,4,0,Large,LinkedIn,12,5,1,0,,
2.91,Top-tier,Humanities,West,0,6,2,Large,Handshake,8,28,3,1,,
2.93,Mid-tier,STEM,Northeast,0,2,1,Medium,LinkedIn,9,79,3,1,,
3.11,Mid-tier,Humanities,Midwest,0,2,5,Small,Indeed,2,19,0,0,,
2.56,Mid-tier,Arts,Midwest,2,0,1,Large,LinkedIn,4,56,3,1,,
3.69,Mid-tier,Humanities,Northeast,3,0,5,Large,Handshake,11,60,8,4,,
2.89,Mid-tier,Business,West,0,2,1,Small,Indeed,3,24,0,0,,
3.19,Lower-tier,STEM,West,0,1,1,Medium,Handshake,4,5,0,0,,
3.05,Mid-tier,Humanities,Northeast,1,4,2,Small,Handshake,10,50,3,2,,
3.27,Mid-tier,Business,Northeast,1,2,7,Medium,Handshake,4,28,2,2,,
3.16,Lower-tier,Business,Midwest,0,3,2,Medium,Handshake,7,18,0,0,,
2.73,Mid-tier,STEM,Northeast,3,1,3,Medium,LinkedIn,8,45,2,1,,
3.55,Lower-tier,Business,Midwest,2,4,2,Medium,Handshake,9,37,2,1,,
3.45,Mid-tier,Business,South,1,2,3,Medium,Handshake,7,39,1,0,,
3.85,Lower-tier,Humanities,South,0,2,4,Large,Handshake,3,5,0,0,,
2.95,Lower-tier,Humanities,South,2,0,1,Medium,LinkedIn,11,56,3,3,,
4.0,Lower-tier,STEM,South,4,1,3,Large,Indeed,10,300,6,5,,
3.4,Lower-tier,Business,West,0,4,5,Large,LinkedIn,7,91,2,1,,
3.77,Mid-tier,Healthcare,Northeast,0,2,3,Large,Handshake,7,30,1,0,,
4.0,Lower-tier,STEM,West,0,2,5,Small,LinkedIn,11,67,4,1,,
3.82,Lower-tier,STEM,Midwest,0,1,4,Medium,Handshake,11,34,4,1,,
3.35,Top-tier,Business,Midwest,4,1,1,Large,Indeed,1,17,2,2,,
3.85,Lower-tier,STEM,Northeast,0,3,6,Small,Handshake,1,6,2,2,,
2.98,Lower-tier,Business,Northeast,1,1,2,Medium,Handshake,12,34,2,1,,
3.38,Mid-tier,Business,West,0,2,2,Medium,Handshake,7,49,2,2,,
3.41,Lower-tier,STEM,Midwest,1,5,5,Large,LinkedIn,2,16,0,0,,
2.8,Mid-tier,Business,West,0,2,2,Medium,LinkedIn,9,85,2,0,,
3.35,Lower-tier,Business,South,3,1,4,Large,LinkedIn,9,85,2,0,,
3.54,Mid-tier,STEM,West,0,1,3,Medium,LinkedIn,1,5,0,0,,
2.45,Mid-tier,STEM,Northeast,1,2,4,Small,Handshake,6,44,3,2,,
4.0,Lower-tier,Healthcare,Midwest,3,2,1,Large,Indeed,6,87,5,4,,
3.56,Lower-tier,Business,South,0,2,4,Small,LinkedIn,12,32,1,1,,
3.3,Mid-tier,Business,South,1,3,2,Large,Handshake,8,36,4,0,,
3.12,Mid-tier,STEM,West,2,3,3,Large,LinkedIn,8,77,4,2,,
3.31,Mid-tier,Humanities,Midwest,0,2,3,Medium,Handshake,2,15,0,0,,
2.3,Lower-tier,STEM,Northeast,3,1,2,Large,Indeed,1,14,0,0,,
3.56,Mid-tier,Humanities,Northeast,0,2,4,Large,Handshake,8,57,0,0,,
3.35,Mid-tier,STEM,South,2,2,3,Medium,Indeed,9,130,3,1,,
3.64,Mid-tier,STEM,Northeast,0,2,3,Large,Handshake,5,21,4,0,,
3.41,Lower-tier,Humanities,Midwest,0,2,2,Large,Indeed,6,81,0,0,,
3.76,Mid-tier,Business,Northeast,1,3,5,Small,LinkedIn,2,25,2,1,,
3.06,Lower-tier,STEM,South,1,1,1,Small,LinkedIn,4,28,2,2,,
2.97,Mid-tier,Healthcare,Northeast,0,5,3,Large,LinkedIn,4,64,2,1,,
3.75,Top-tier,STEM,South,2,1,4,Large,Handshake,9,73,3,2,,
3.45,Lower-tier,Business,South,2,1,1,Large,Indeed,12,194,3,0,,
3.45,Top-tier,Humanities,South,3,3,1,Small,Handshake,12,34,2,1,,
3.33,Mid-tier,STEM,Northeast,0,2,2,Large,LinkedIn,1,7,1,0,,
2.67,Mid-tier,Healthcare,Northeast,0,1,3,Medium,LinkedIn,10,118,5,3,,
3.82,Lower-tier,Humanities,Northeast,2,3,2,Medium,Handshake,10,53,2,2,,
2.71,Mid-tier,Arts,Midwest,1,2,1,Small,Handshake,9,72,4,2,,
2.99,Lower-tier,Healthcare,West,2,1,2,Medium,LinkedIn,3,32,2,2,,
3.18,Lower-tier,STEM,Midwest,1,1,1,Small,Indeed,2,42,3,1,,
3.48,Mid-tier,STEM,West,1,4,1,Medium,LinkedIn,12,100,4,3,,
3.31,Lower-tier,Business,Midwest,2,0,2,Medium,LinkedIn,1,8,1,0,,
3.32,Lower-tier,STEM,Midwest,2,5,2,Large,Handshake,3,31,2,2,,
3.49,Lower-tier,Arts,West,0,2,3,Large,LinkedIn,1,9,0,0,,
3.12,Lower-tier,Business,Midwest,1,4,2,Small,Indeed,2,42,0,0,,
3.42,Mid-tier,Business,Midwest,3,5,2,Medium,LinkedIn,6,5,2,2,,
3.51,Mid-tier,Humanities,South,3,1,3,Large,Handshake,3,14,3,1,,
2.97,Mid-tier,Business,Midwest,0,0,1,Small,LinkedIn,4,5,0,0,,
3.3,Lower-tier,STEM,Midwest,1,4,2,Large,Indeed,5,67,1,1,,
3.22,Mid-tier,Business,Northeast,2,2,3,Large,Handshake,2,5,0,0,,
3.17,Lower-tier,Arts,Midwest,1,2,2,Large,LinkedIn,6,68,2,0,,
2.96,Mid-tier,STEM,West,0,2,1,Large,Indeed,4,27,0,0,,
3.88,Lower-tier,Humanities,Northeast,3,1,2,Medium,Indeed,3,23,2,1,,
3.84,Lower-tier,STEM,Midwest,1,3,1,Small,Handshake,6,8,2,0,,
2.75,Lower-tier,STEM,West,4,3,2,Medium,Indeed,3,45,2,2,,
3.29,Top-tier,Arts,West,0,1,4,Large,LinkedIn,10,70,3,1,,
2.6,Lower-tier,Business,Northeast,1,1,2,Large,LinkedIn,6,59,3,0,,
3.78,Lower-tier,Healthcare,South,0,3,2,Medium,Handshake,5,24,0,0,,
3.01,Mid-tier,Business,South,2,1,2,Medium,Handshake,2,6,2,1,,
3.06,Lower-tier,Business,West,1,2,1,Medium,Indeed,4,56,0,0,,
3.52,Lower-tier,STEM,Northeast,2,1,1,Medium,Handshake,7,57,8,2,,
3.42,Mid-tier,Humanities,West,1,2,2,Large,Indeed,5,100,1,1,,
3.86,Mid-tier,Business,Midwest,2,2,3,Medium,Indeed,6,56,0,0,,
2.87,Mid-tier,Humanities,Midwest,1,4,2,Small,LinkedIn,8,42,2,1,,
2.43,Mid-tier,Healthcare,Midwest,0,5,2,Large,Indeed,7,63,0,0,,
3.41,Lower-tier,Healthcare,West,1,1,1,Medium,Indeed,12,170,3,1,,
2.98,Mid-tier,Healthcare,West,0,0,5,Large,Handshake,5,32,3,1,,
3.89,Lower-tier,STEM,Midwest,0,4,2,Large,LinkedIn,10,36,3,0,,
3.04,Mid-tier,STEM,West,1,5,4,Medium,Indeed,1,18,1,0,,
2.93,Top-tier,STEM,Northeast,0,5,3,Small,Handshake,9,48,2,1,,
2.87,Top-tier,STEM,Midwest,2,0,3,Large,LinkedIn,3,33,1,1,,
4.0,Mid-tier,Healthcare,West,0,3,3,Small,Handshake,6,5,2,1,,
2.78,Lower-tier,Healthcare,Midwest,2,2,6,Large,LinkedIn,11,75,0,0,,
3.31,Mid-tier,Humanities,Northeast,0,4,1,Medium,Handshake,6,14,1,1,,
2.45,Lower-tier,STEM,West,1,0,6,Large,Indeed,10,126,5,3,,
3.23,Lower-tier,STEM,West,0,0,3,Medium,LinkedIn,9,34,3,1,,
3.04,Top-tier,Business,Midwest,1,1,3,Large,Handshake,6,39,5,1,,
3.53,Lower-tier,Humanities,Northeast,3,4,4,Small,Handshake,8,45,4,0,,
4.0,Mid-tier,STEM,Northeast,0,1,2,Medium,Indeed,3,51,2,2,,
3.2,Top-tier,Business,Midwest,1,2,2,Large,Handshake,1,5,2,2,,
3.79,Lower-tier,STEM,West,1,1,4,Medium,Handshake,5,29,3,0,,
2.53,Top-tier,STEM,South,1,3,3,Medium,Handshake,3,7,0,0,,
3.83,Top-tier,STEM,South,1,3,3,Medium,Indeed,4,52,0,0,,
3.85,Lower-tier,STEM,Northeast,0,2,0,Small,Handshake,11,23,0,0,,
3.3,Top-tier,STEM,Midwest,0,3,2,Medium,Handshake,5,20,1,0,,
2.8,Mid-tier,Humanities,Northeast,0,2,2,Medium,Indeed,8,86,0,0,,
3.23,Mid-tier,Business,West,0,0,3,Medium,Handshake,8,13,1,0,,
3.7,Mid-tier,Business,Northeast,0,0,1,Small,Indeed,8,33,0,0,,
3.78,Mid-tier,STEM,Midwest,1,3,3,Small,Handshake,3,11,0,0,,
3.05,Mid-tier,Arts,Northeast,0,3,4,Medium,Handshake,1,5,1,0,,
3.11,Mid-tier,Healthcare,South,2,1,2,Large,Indeed,9,42,3,2,,
2.83,Top-tier,Healthcare,West,1,3,2,Large,Indeed,8,154,5,1,,
3.8,Lower-tier,STEM,South,1,2,1,Medium,LinkedIn,7,105,5,5,,
3.27,Mid-tier,Business,Northeast,3,1,3,Medium,Handshake,10,55,2,1,,
2.87,Lower-tier,STEM,West,1,2,3,Small,Handshake,6,45,7,1,,
2.99,Lower-tier,STEM,South,0,2,5,Small,Handshake,2,12,2,1,,
3.01,Lower-tier,Humanities,South,1,2,3,Medium,Indeed,10,138,2,2,,
2.56,Mid-tier,Business,South,2,3,2,Large,LinkedIn,5,55,2,0,,
3.1,Top-tier,Healthcare,Northeast,2,1,2,Small,Indeed,4,38,1,0,,
3.25,Lower-tier,Business,South,2,3,3,Large,Indeed,7,87,2,0,,
3.06,Mid-tier,Business,West,1,2,0,Medium,Handshake,10,40,3,3,,
3.4,Mid-tier,Arts,South,0,0,3,Large,Indeed,5,90,1,0,,
3.32,Lower-tier,STEM,Northeast,0,3,3,Large,Indeed,1,21,0,0,,
2.86,Mid-tier,Business,Midwest,2,3,3,Small,Handshake,2,9,2,0,,
3.88,Mid-tier,STEM,West,0,5,2,Medium,LinkedIn,11,36,2,1,,
3.69,Lower-tier,Humanities,South,2,2,5,Medium,LinkedIn,4,35,1,1,,
2.87,Mid-tier,STEM,Northeast,1,1,4,Large,Handshake,5,24,4,1,,
3.16,Mid-tier,Healthcare,South,2,1,3,Large,Indeed,6,104,0,0,,
2.54,Lower-tier,Humanities,Midwest,3,6,2,Large,LinkedIn,4,6,0,0,,
3.44,Mid-tier,Humanities,Midwest,2,2,0,Medium,Handshake,9,28,5,0,,
3.73,Top-tier,Healthcare,West,4,3,1,Medium,LinkedIn,3,48,2,1,,
3.09,Mid-tier,STEM,Northeast,0,1,4,Small,Handshake,9,51,4,1,,
3.24,Lower-tier,Humanities,South,0,2,3,Medium,LinkedIn,3,43,2,2,,
2.8,Mid-tier,Business,Northeast,2,1,2,Medium,Handshake,2,10,2,2,,
4.0,Mid-tier,STEM,South,1,4,2,Small,Handshake,2,19,2,2,,
3.09,Mid-tier,Business,South,0,2,3,Small,Indeed,11,100,1,0,,
2.66,Lower-tier,STEM,Midwest,2,1,5,Small,Handshake,8,28,5,1,,
2.79,Lower-tier,Humanities,West,1,0,4,Medium,LinkedIn,7,51,6,2,,
3.75,Lower-tier,Business,Midwest,2,1,2,Large,Handshake,8,42,2,2,,
3.2,Top-tier,Healthcare,Midwest,0,5,3,Medium,LinkedIn,4,45,2,1,,
2.9,Lower-tier,Humanities,West,0,2,3,Medium,LinkedIn,2,25,1,0,,
3.21,Mid-tier,STEM,Midwest,1,4,2,Medium,LinkedIn,3,32,2,1,,
3.31,Lower-tier,STEM,Midwest,0,3,1,Large,Handshake,5,52,8,3,,
3.15,Mid-tier,Healthcare,Northeast,0,4,3,Small,Indeed,5,57,0,0,,
3.15,Top-tier,STEM,South,2,2,3,Large,LinkedIn,6,53,1,0,,
3.0,Lower-tier,STEM,South,0,2,1,Small,Indeed,7,148,6,6,,
3.41,Lower-tier,Healthcare,South,0,3,2,Small,LinkedIn,8,81,0,0,,
3.07,Mid-tier,STEM,Northeast,2,4,4,Large,LinkedIn,3,45,2,1,,
3.62,Mid-tier,STEM,Northeast,2,1,4,Large,Indeed,6,90,1,0,,
2.6,Mid-tier,Business,Northeast,1,2,7,Small,Handshake,2,16,2,1,,
2.67,Lower-tier,Healthcare,Midwest,1,3,4,Large,Indeed,5,63,0,0,,
3.72,Lower-tier,STEM,West,0,0,3,Large,LinkedIn,3,15,0,0,,
3.13,Mid-tier,STEM,Northeast,0,5,2,Small,LinkedIn,2,17,1,1,,
2.61,Top-tier,STEM,Midwest,3,1,3,Medium,Handshake,8,56,2,1,,
3.47,Lower-tier,Humanities,Northeast,3,2,4,Large,LinkedIn,7,31,0,0,,
4.0,Mid-tier,Business,West,1,2,3,Medium,LinkedIn,6,52,2,0,,
3.36,Lower-tier,STEM,West,2,1,4,Large,Handshake,5,21,3,1,,
3.21,Lower-tier,STEM,Midwest,1,5,4,Small,Handshake,7,19,2,2,,
2.73,Mid-tier,Healthcare,Midwest,3,0,0,Large,LinkedIn,6,50,3,2,,
2.48,Lower-tier,Healthcare,Midwest,0,1,2,Small,Handshake,3,5,2,1,,
2.94,Lower-tier,STEM,Midwest,0,3,3,Large,LinkedIn,2,26,1,0,,
2.85,Lower-tier,STEM,Northeast,0,1,5,Small,Indeed,11,165,1,0,,
2.5,Mid-tier,Humanities,Midwest,1,3,5,Medium,LinkedIn,6,17,1,0,,
2.83,Mid-tier,Business,Midwest,2,3,5,Small,LinkedIn,2,27,1,0,,
3.04,Mid-tier,Business,Northeast,2,1,2,Large,LinkedIn,4,31,0,0,,
2.67,Lower-tier,Business,Midwest,0,5,3,Large,LinkedIn,12,112,5,2,,
2.58,Top-tier,Humanities,West,3,1,1,Large,Handshake,11,45,4,1,,
3.02,Mid-tier,STEM,West,0,3,4,Large,Handshake,7,8,2,0,,
2.98,Mid-tier,Business,Midwest,1,1,2,Medium,Handshake,8,89,5,3,,
2.71,Mid-tier,STEM,South,0,4,2,Medium,LinkedIn,4,5,0,0,,
3.27,Mid-tier,Business,Northeast,1,0,3,Large,LinkedIn,8,52,2,1,,
2.75,Lower-tier,Humanities,Northeast,0,1,3,Large,Handshake,9,52,3,3,,
3.6,Lower-tier,Healthcare,Midwest,0,0,2,Small,Handshake,10,55,5,1,,
3.11,Mid-tier,STEM,Midwest,4,5,1,Large,Indeed,7,58,3,3,,
3.37,Mid-tier,STEM,South,2,2,3,Large,LinkedIn,8,86,1,0,,
2.75,Mid-tier,STEM,West,2,2,0,Medium,LinkedIn,7,78,4,1,,
3.51,Mid-tier,Humanities,Midwest,0,2,1,Large,Handshake,11,34,6,3,,
3.06,Mid-tier,STEM,West,1,3,7,Large,LinkedIn,7,71,4,1,,
2.64,Lower-tier,Healthcare,Northeast,0,2,5,Medium,LinkedIn,1,6,2,2,,
3.37,Lower-tier,Business,West,2,3,1,Small,LinkedIn,5,48,3,0,,
2.52,Mid-tier,STEM,West,3,0,3,Large,Handshake,8,34,3,1,,
3.07,Mid-tier,STEM,South,4,2,1,Large,Handshake,3,12,2,2,,
2.53,Top-tier,Business,Northeast,1,2,5,Medium,LinkedIn,6,58,2,2,,
2.79,Lower-tier,Business,Northeast,1,3,8,Medium,Indeed,3,31,0,0,,
3.52,Top-tier,STEM,West,2,4,2,Small,Handshake,3,14,2,1,,
3.0,Mid-tier,STEM,West,4,1,0,Large,Indeed,1,9,0,0,,
3.47,Lower-tier,Humanities,Northeast,1,4,5,Medium,LinkedIn,7,68,4,0,,
2.75,Lower-tier,STEM,West,2,1,3,Large,LinkedIn,5,20,2,2,,
3.44,Lower-tier,Business,West,3,3,0,Medium,Handshake,5,29,2,0,,
3.49,Mid-tier,STEM,South,2,2,4,Large,Indeed,1,13,0,0,,
2.99,Lower-tier,Healthcare,Northeast,0,1,7,Large,LinkedIn,5,66,4,2,,
3.37,Mid-tier,STEM,South,2,4,5,Medium,LinkedIn,11,100,5,1,,
2.79,Lower-tier,Business,West,0,3,0,Medium,Handshake,4,14,2,1,,
3.07,Mid-tier,STEM,West,0,2,3,Small,Handshake,4,16,2,2,,
3.06,Lower-tier,Healthcare,South,0,3,5,Medium,LinkedIn,3,34,0,0,,
2.84,Lower-tier,STEM,Midwest,3,0,3,Large,Indeed,6,95,1,1,,
3.13,Top-tier,Business,Midwest,1,2,2,Large,LinkedIn,7,112,6,1,,
3.0,Mid-tier,Humanities,Midwest,0,2,0,Small,Handshake,3,8,1,0,,
2.67,Mid-tier,STEM,West,1,2,1,Large,Handshake,10,53,2,0,,
3.6,Lower-tier,Business,Northeast,0,4,5,Small,Handshake,4,18,1,1,,
3.29,Lower-tier,Humanities,Midwest,0,0,3,Medium,Handshake,9,28,2,1,,
3.53,Mid-tier,Business,Midwest,1,0,1,Large,Handshake,3,14,2,2,,
3.58,Lower-tier,Humanities,South,1,2,1,Large,Indeed,7,131,1,0,,
2.95,Top-tier,Humanities,Midwest,1,2,4,Large,Handshake,9,39,2,2,,
3.54,Top-tier,STEM,South,3,0,1,Large,Handshake,10,5,2,2,,
3.37,Mid-tier,Healthcare,West,0,3,3,Large,Handshake,3,25,0,0,,
2.95,Mid-tier,Healthcare,Midwest,3,0,1,Large,Handshake,3,8,2,1,,
3.26,Top-tier,STEM,Midwest,0,2,8,Medium,LinkedIn,9,72,2,2,,
3.58,Mid-tier,STEM,Northeast,2,4,7,Medium,Indeed,4,32,1,0,,
3.44,Lower-tier,Healthcare,Northeast,0,3,3,Large,Handshake,12,42,4,0,,
3.05,Mid-tier,Business,West,2,4,4,Small,Handshake,7,47,1,0,,
3.9,Mid-tier,Business,Midwest,1,0,4,Large,Handshake,2,5,2,2,,
2.88,Top-tier,Healthcare,Midwest,1,5,3,Medium,Handshake,7,28,3,0,,
3.39,Top-tier,STEM,Northeast,3,5,3,Medium,Handshake,1,5,0,0,,
4.0,Lower-tier,STEM,Northeast,0,0,0,Medium,Handshake,6,25,3,3,,
3.19,Mid-tier,Healthcare,West,1,2,3,Medium,Handshake,8,20,3,0,,
2.97,Top-tier,STEM,West,1,3,1,Medium,Handshake,10,50,4,2,,
3.34,Mid-tier,Healthcare,Northeast,0,3,2,Large,LinkedIn,7,81,5,2,,
2.86,Lower-tier,STEM,West,4,3,1,Medium,LinkedIn,5,40,3,2,,
2.88,Mid-tier,Humanities,Northeast,1,0,5,Large,Indeed,1,12,0,0,,
2.9,Lower-tier,Arts,Midwest,0,2,4,Small,Handshake,4,12,1,1,,
2.85,Lower-tier,STEM,Midwest,3,1,3,Medium,Indeed,6,66,1,1,,
3.55,Mid-tier,STEM,West,0,3,5,Small,Indeed,1,15,1,0,,
3.46,Mid-tier,Business,West,0,5,1,Large,LinkedIn,10,100,5,0,,
3.72,Mid-tier,STEM,South,0,1,4,Large,Indeed,6,71,0,0,,
3.26,Top-tier,Humanities,West,2,0,7,Large,Indeed,9,118,2,0,,
3.57,Mid-tier,Business,South,3,2,2,Large,LinkedIn,1,14,2,1,,
2.92,Lower-tier,Business,West,0,2,1,Medium,LinkedIn,6,31,0,0,,
3.61,Mid-tier,STEM,Midwest,1,3,3,Medium,Handshake,10,75,7,0,,
2.86,Top-tier,Business,Midwest,1,0,2,Small,Indeed,12,94,5,1,,
3.23,Mid-tier,STEM,South,1,4,3,Small,Handshake,6,25,0,0,,
2.72,Lower-tier,STEM,Northeast,1,0,1,Medium,Indeed,2,22,0,0,,
3.18,Mid-tier,STEM,West,0,3,9,Medium,LinkedIn,10,125,9,3,,
3.83,Lower-tier,Business,Northeast,1,1,3,Medium,LinkedIn,2,13,0,0,,
2.32,Mid-tier,Business,West,2,1,3,Medium,LinkedIn,4,5,0,0,,
3.4,Mid-tier,STEM,South,1,1,5,Medium,Handshake,1,5,0,0,,
3.18,Mid-tier,Business,Midwest,0,1,2,Large,Indeed,9,159,3,1,,
3.06,Top-tier,Humanities,South,0,3,2,Small,LinkedIn,5,57,2,0,,
2.7,Mid-tier,Business,Midwest,2,1,3,Large,LinkedIn,7,63,2,2,,
3.39,Lower-tier,STEM,Midwest,1,1,5,Medium,LinkedIn,9,5,1,0,,
3.11,Top-tier,STEM,Midwest,1,4,3,Large,LinkedIn,3,29,2,2,,
3.74,Mid-tier,STEM,South,2,1,5,Small,Indeed,5,51,0,0,,
3.0,Mid-tier,Business,Northeast,2,1,6,Medium,LinkedIn,8,36,2,0,,
2.47,Mid-tier,Humanities,South,0,2,3,Medium,Handshake,11,20,2,0,,
2.77,Mid-tier,Arts,West,2,5,4,Large,LinkedIn,3,26,0,0,,
3.67,Mid-tier,Healthcare,Northeast,1,4,3,Small,Indeed,7,96,1,0,,
3.4,Lower-tier,Humanities,Northeast,3,5,3,Medium,Indeed,2,25,2,2,,
3.75,Mid-tier,Healthcare,Northeast,0,2,2,Small,Handshake,2,13,2,2,,
3.0,Mid-tier,STEM,Midwest,0,1,2,Medium,Handshake,6,20,2,1,,
3.31,Lower-tier,Humanities,South,0,5,3,Small,LinkedIn,6,59,1,0,,
3.52,Mid-tier,Healthcare,Midwest,3,2,4,Medium,LinkedIn,8,22,2,1,,
3.08,Lower-tier,Business,Northeast,1,2,0,Medium,LinkedIn,4,52,2,0,,
3.17,Mid-tier,STEM,West,3,3,7,Large,Indeed,1,23,1,1,,
2.82,Top-tier,Business,Northeast,0,5,1,Medium,Handshake,5,43,5,0,,
3.27,Mid-tier,STEM,Northeast,0,4,5,Large,Handshake,3,14,1,0,,
3.58,Lower-tier,Business,Northeast,1,2,4,Medium,Handshake,12,28,4,1,,
3.75,Mid-tier,STEM,Northeast,0,0,4,Large,Handshake,7,5,0,0,,
3.21,Mid-tier,Business,South,1,2,1,Large,LinkedIn,11,47,2,2,,
3.36,Top-tier,STEM,West,4,2,2,Medium,Handshake,9,34,1,1,,
2.77,Lower-tier,Healthcare,South,1,1,2,Large,Handshake,12,64,4,3,,
3.52,Mid-tier,Business,South,0,1,2,Medium,LinkedIn,2,11,1,0,,
3.46,Mid-tier,STEM,Northeast,1,2,1,Medium,LinkedIn,2,11,0,0,,
3.69,Mid-tier,STEM,Midwest,1,1,0,Large,Handshake,6,11,2,2,,
3.03,Mid-tier,Humanities,Northeast,2,0,1,Large,Indeed,1,19,0,0,,
3.6,Mid-tier,Arts,Northeast,0,1,2,Medium,LinkedIn,6,50,3,3,,
3.61,Lower-tier,STEM,West,0,5,3,Medium,Handshake,4,11,0,0,,
3.18,Mid-tier,Humanities,Northeast,1,3,2,Large,Indeed,2,36,0,0,,
2.98,Lower-tier,Business,Northeast,0,3,4,Medium,LinkedIn,2,20,1,0,,
2.52,Mid-tier,STEM,Northeast,0,3,7,Large,LinkedIn,10,93,4,2,,
2.4,Lower-tier,Healthcare,Northeast,0,0,2,Large,Indeed,2,6,2,1,,
3.45,Lower-tier,Healthcare,Northeast,2,1,2,Large,Handshake,12,50,2,0,,
2.75,Lower-tier,Humanities,Midwest,1,3,8,Medium,LinkedIn,7,24,2,2,,
3.75,Mid-tier,STEM,South,2,5,4,Medium,Indeed,12,300,3,1,,
2.94,Mid-tier,Business,West,0,1,5,Large,Handshake,5,32,3,0,,
2.88,Mid-tier,STEM,West,4,4,5,Medium,LinkedIn,2,23,2,1,,
3.01,Mid-tier,Business,Midwest,0,2,3,Small,LinkedIn,1,11,0,0,,
3.01,Mid-tier,Business,Northeast,2,2,4,Large,Handshake,2,8,2,1,,
2.73,Mid-tier,Humanities,West,1,2,4,Large,Handshake,8,45,6,1,,
3.37,Lower-tier,Humanities,Midwest,2,2,2,Medium,LinkedIn,5,77,2,1,,
2.77,Mid-tier,Business,Midwest,0,4,3,Large,LinkedIn,11,69,6,1,,
3.75,Lower-tier,STEM,Northeast,0,3,3,Small,Indeed,1,10,0,0,,
3.21,Lower-tier,STEM,Midwest,0,1,2,Large,LinkedIn,2,12,1,1,,
3.63,Lower-tier,Humanities,Northeast,1,4,4,Small,LinkedIn,7,82,3,1,,
3.29,Top-tier,STEM,Midwest,1,1,5,Small,Handshake,12,62,4,1,,
3.16,Lower-tier,Business,West,0,1,2,Medium,LinkedIn,9,73,4,2,,
3.15,Mid-tier,Healthcare,Northeast,1,4,4,Small,Indeed,2,17,1,0,,
3.04,Lower-tier,Humanities,Midwest,1,1,6,Small,Handshake,8,26,3,1,,
2.7,Mid-tier,STEM,Northeast,1,2,6,Medium,Indeed,4,55,3,3,,
3.37,Lower-tier,Humanities,Midwest,1,0,0,Medium,Handshake,1,5,2,2,,
3.4,Lower-tier,Humanities,South,1,3,4,Large,LinkedIn,5,45,1,0,,
3.47,Mid-tier,Business,Midwest,1,3,3,Medium,LinkedIn,2,15,1,0,,
3.44,Mid-tier,Humanities,Northeast,1,3,5,Medium,Indeed,4,18,0,0,,
2.75,Lower-tier,Business,West,1,1,5,Large,LinkedIn,6,42,2,1,,
2.91,Lower-tier,STEM,West,1,0,4,Large,Handshake,1,7,1,0,,
3.23,Mid-tier,Business,South,0,3,5,Medium,Handshake,7,17,1,0,,
3.09,Lower-tier,Business,South,0,4,0,Medium,Handshake,3,16,2,2,,
2.35,Mid-tier,Business,Northeast,0,3,3,Small,Handshake,4,5,2,0,,
3.17,Mid-tier,STEM,Northeast,2,1,5,Medium,Handshake,5,23,2,1,,
3.48,Mid-tier,STEM,South,0,1,2,Large,Indeed,6,155,2,0,,
3.55,Lower-tier,Humanities,Midwest,1,0,3,Large,Handshake,10,51,1,0,,
3.51,Mid-tier,Business,Midwest,1,2,2,Large,LinkedIn,3,33,2,2,,
3.19,Mid-tier,Business,Northeast,1,2,4,Small,Handshake,12,80,5,2,,
3.0,Mid-tier,Humanities,Midwest,1,3,4,Small,Indeed,1,12,0,0,,
3.53,Lower-tier,STEM,Northeast,0,2,2,Small,Handshake,5,50,3,1,,
3.0,Top-tier,STEM,South,1,0,2,Medium,Handshake,2,9,2,1,,
3.45,Mid-tier,STEM,West,0,1,3,Large,LinkedIn,11,100,10,1,,
3.41,Lower-tier,STEM,Northeast,0,0,0,Small,Handshake,6,26,2,0,,
2.88,Mid-tier,STEM,South,1,1,0,Small,Handshake,11,36,1,0,,
3.09,Lower-tier,Humanities,Midwest,2,2,2,Small,Handshake,3,7,2,2,,
2.32,Mid-tier,Healthcare,West,2,1,2,Large,Handshake,2,15,2,1,,
2.97,Mid-tier,STEM,West,1,3,1,Large,Indeed,5,57,0,0,,
3.2,Lower-tier,STEM,West,0,3,3,Medium,Handshake,10,51,2,1,,
3.09,Mid-tier,Business,Northeast,1,2,6,Small,LinkedIn,5,26,2,1,,
2.71,Lower-tier,Humanities,Northeast,3,3,4,Medium,Indeed,7,28,0,0,,
3.13,Mid-tier,Business,South,1,2,5,Medium,LinkedIn,9,45,3,2,,
3.02,Lower-tier,STEM,Midwest,2,3,2,Medium,Handshake,6,61,8,3,,
3.28,Mid-tier,STEM,Northeast,0,1,1,Medium,Handshake,12,6,2,1,,
3.42,Lower-tier,STEM,Northeast,1,3,2,Large,LinkedIn,9,114,2,1,,
2.91,Lower-tier,STEM,Northeast,1,4,5,Medium,Handshake,6,22,1,0,,
3.27,Mid-tier,STEM,Midwest,2,3,3,Medium,LinkedIn,3,21,2,2,,
3.58,Mid-tier,STEM,South,0,0,3,Medium,LinkedIn,2,18,1,0,,
3.39,Mid-tier,Business,West,1,1,2,Medium,Handshake,3,11,0,0,,
2.85,Lower-tier,Humanities,Northeast,0,6,0,Small,LinkedIn,2,23,1,0,,
4.0,Top-tier,STEM,Northeast,1,1,1,Small,Indeed,7,114,6,3,,
3.21,Lower-tier,Healthcare,South,0,0,1,Large,LinkedIn,4,27,1,1,,
2.4,Mid-tier,Business,South,3,3,5,Medium,LinkedIn,2,17,2,1,,
2.91,Lower-tier,STEM,Northeast,0,1,0,Medium,LinkedIn,3,31,0,0,,
2.86,Lower-tier,Business,Midwest,1,1,3,Medium,Indeed,10,46,0,0,,
2.64,Top-tier,Business,West,1,1,8,Large,LinkedIn,9,27,4,1,,
2.59,Lower-tier,Business,South,1,0,1,Medium,LinkedIn,10,38,2,2,,
3.44,Mid-tier,Business,South,1,1,6,Medium,LinkedIn,11,126,7,2,,
3.11,Mid-tier,Humanities,West,1,2,3,Large,Handshake,3,12,4,2,,
3.06,Mid-tier,STEM,Northeast,1,3,5,Large,Indeed,6,61,3,1,,
3.59,Mid-tier,Business,Midwest,0,1,6,Large,LinkedIn,11,108,2,1,,
3.26,Mid-tier,Humanities,South,0,1,3,Small,Handshake,11,49,3,2,,
3.69,Mid-tier,Business,Midwest,3,2,2,Medium,Indeed,4,28,0,0,,
3.62,Top-tier,STEM,Midwest,1,2,5,Medium,Handshake,8,53,3,1,,
2.83,Top-tier,STEM,South,0,0,1,Medium,Indeed,5,65,1,1,,
3.2,Mid-tier,Humanities,South,1,1,6,Large,Handshake,6,26,3,1,,
3.06,Mid-tier,STEM,Northeast,1,2,1,Small,LinkedIn,7,38,1,0,,
2.65,Mid-tier,Business,West,4,1,3,Medium,LinkedIn,1,10,2,2,,
3.21,Mid-tier,Business,West,2,3,4,Small,Indeed,9,177,0,0,,
3.09,Mid-tier,STEM,West,0,4,4,Medium,LinkedIn,8,74,2,1,,
2.85,Mid-tier,Humanities,Midwest,1,2,3,Large,LinkedIn,7,80,1,0,,
3.48,Mid-tier,Business,Northeast,2,3,3,Large,Indeed,4,30,1,0,,
2.92,Lower-tier,Arts,West,1,1,4,Medium,LinkedIn,10,73,2,0,,
4.0,Mid-tier,STEM,Midwest,1,0,0,Small,Indeed,8,158,6,4,,
3.07,Lower-tier,STEM,Midwest,3,1,5,Medium,Indeed,4,66,2,1,,
3.09,Top-tier,Arts,Northeast,3,3,4,Large,LinkedIn,11,157,4,2,,
3.42,Mid-tier,Healthcare,West,2,1,3,Medium,Indeed,12,140,1,0,,
3.07,Mid-tier,Business,South,2,2,3,Large,LinkedIn,5,32,0,0,,
3.41,Lower-tier,STEM,Northeast,3,2,4,Large,Handshake,5,22,1,0,,
3.18,Mid-tier,Humanities,Midwest,1,3,9,Medium,Handshake,11,66,10,1,,
3.74,Mid-tier,Arts,West,1,4,3,Large,Handshake,8,42,2,1,,
3.19,Mid-tier,Business,Midwest,0,2,1,Small,Indeed,11,174,1,1,,
3.44,Lower-tier,Business,Midwest,1,3,5,Large,LinkedIn,5,61,3,1,,
3.39,Lower-tier,Business,Northeast,1,3,7,Medium,LinkedIn,11,88,2,0,,
3.5,Mid-tier,STEM,Midwest,1,0,5,Small,Handshake,12,26,0,0,,
3.4,Top-tier,Humanities,Northeast,1,4,6,Small,LinkedIn,6,36,2,1,,
3.01,Mid-tier,STEM,West,1,2,2,Large,Handshake,8,9,2,2,,
3.17,Top-tier,Business,Northeast,1,0,3,Large,LinkedIn,7,82,2,0,,
3.26,Mid-tier,Healthcare,West,2,3,6,Medium,Indeed,2,42,0,0,,
3.4,Lower-tier,Business,South,1,0,2,Medium,LinkedIn,9,70,4,2,,
2.59,Mid-tier,STEM,Northeast,0,1,2,Small,Handshake,6,31,2,1,,
2.86,Mid-tier,STEM,Northeast,0,1,5,Large,Handshake,1,5,2,2,,
2.96,Top-tier,STEM,South,1,0,3,Medium,LinkedIn,9,36,4,1,,
3.24,Mid-tier,Humanities,Northeast,1,1,2,Large,Handshake,5,38,2,1,,
2.55,Mid-tier,Business,Midwest,2,3,5,Medium,LinkedIn,10,35,2,1,,
3.0,Mid-tier,STEM,South,1,2,3,Large,Handshake,2,14,0,0,,
3.58,Lower-tier,STEM,South,0,3,2,Medium,LinkedIn,8,98,2,2,,
3.41,Mid-tier,STEM,South,1,2,3,Medium,LinkedIn,4,5,2,1,,
3.93,Mid-tier,STEM,West,1,2,3,Medium,Indeed,12,114,2,1,,
3.11,Mid-tier,Healthcare,West,2,1,6,Medium,Indeed,9,52,2,1,,
4.0,Mid-tier,Humanities,South,0,1,1,Medium,LinkedIn,4,40,1,0,,
2.93,Top-tier,STEM,Midwest,3,4,1,Medium,LinkedIn,12,54,2,1,,
3.0,Lower-tier,STEM,West,0,3,4,Large,LinkedIn,7,5,0,0,,
3.06,Top-tier,Humanities,Midwest,1,1,6,Small,LinkedIn,9,79,2,2,,
3.52,Lower-tier,STEM,West,0,3,2,Medium,Handshake,3,27,2,1,,
3.24,Mid-tier,Healthcare,South,1,1,4,Large,LinkedIn,1,8,0,0,,
2.99,Lower-tier,Humanities,West,2,4,5,Large,Handshake,5,36,2,1,,
2.86,Lower-tier,Healthcare,Midwest,2,2,1,Medium,LinkedIn,2,13,2,1,,
3.45,Mid-tier,STEM,West,2,2,4,Large,LinkedIn,8,85,5,1,,
3.44,Lower-tier,Arts,Midwest,2,2,3,Medium,Handshake,9,27,2,2,,
2.66,Mid-tier,Healthcare,South,0,2,4,Large,LinkedIn,2,22,2,1,,
3.09,Mid-tier,Humanities,West,0,0,1,Medium,Indeed,9,271,5,2,,
3.08,Top-tier,STEM,Northeast,0,4,2,Small,Indeed,10,181,3,0,,
3.65,Mid-tier,Healthcare,Midwest,1,2,4,Medium,LinkedIn,9,100,4,1,,
3.38,Top-tier,Humanities,Midwest,1,2,3,Small,LinkedIn,5,48,2,0,,
3.63,Lower-tier,STEM,South,1,0,4,Large,LinkedIn,3,16,2,1,,
3.43,Mid-tier,Healthcare,West,1,0,1,Medium,LinkedIn,1,17,1,0,,
3.35,Lower-tier,STEM,South,0,2,2,Medium,LinkedIn,11,66,3,0,,
3.15,Mid-tier,Business,Midwest,0,2,5,Large,LinkedIn,4,8,0,0,,
2.56,Lower-tier,Healthcare,Northeast,0,1,2,Large,LinkedIn,3,32,0,0,,
2.79,Lower-tier,STEM,South,1,4,7,Medium,Handshake,8,80,5,2,,
3.85,Mid-tier,STEM,West,0,1,3,Small,Indeed,8,65,3,1,,
3.52,Lower-tier,STEM,Northeast,1,2,3,Large,Handshake,1,5,0,0,,
2.41,Mid-tier,Healthcare,Northeast,2,1,1,Large,LinkedIn,6,42,3,0,,
3.09,Top-tier,Business,South,2,0,2,Medium,LinkedIn,3,32,2,1,,
3.3,Mid-tier,Humanities,Northeast,0,3,2,Large,Indeed,7,106,1,1,,
3.29,Mid-tier,Humanities,West,1,0,4,Medium,Handshake,4,5,2,1,,
2.84,Mid-tier,Healthcare,Midwest,3,4,4,Large,Handshake,11,84,2,2,,
3.11,Top-tier,Business,South,3,2,5,Large,Indeed,10,133,4,4,,
3.38,Lower-tier,STEM,Midwest,1,3,0,Small,LinkedIn,10,96,2,0,,
3.58,Mid-tier,STEM,Midwest,2,4,1,Medium,Handshake,5,14,2,2,,
3.42,Lower-tier,Healthcare,South,0,4,2,Medium,LinkedIn,12,72,6,4,,
2.91,Mid-tier,Business,Northeast,3,5,2,Medium,LinkedIn,4,29,2,1,,
4.0,Lower-tier,Business,West,2,1,2,Medium,LinkedIn,8,10,1,0,,
3.63,Mid-tier,Humanities,South,1,3,6,Large,Handshake,2,12,2,1,,
2.97,Lower-tier,Business,West,3,2,7,Large,Handshake,11,75,2,2,,
3.42,Lower-tier,STEM,West,0,4,4,Medium,Handshake,12,48,2,1,,
2.82,Lower-tier,Humanities,South,0,3,3,Large,Indeed,4,50,1,1,,
3.38,Lower-tier,Healthcare,Northeast,0,2,1,Large,LinkedIn,12,154,5,2,,
2.89,Mid-tier,STEM,South,1,4,4,Medium,Handshake,11,77,7,3,,
3.66,Top-tier,Business,Midwest,1,2,3,Small,Handshake,4,36,5,0,,
3.19,Mid-tier,Humanities,West,0,1,7,Medium,Indeed,7,50,3,1,,
3.31,Mid-tier,Humanities,West,2,2,1,Large,Handshake,4,9,0,0,,
3.43,Mid-tier,STEM,Northeast,0,3,3,Large,Indeed,4,98,5,4,,
3.22,Mid-tier,Humanities,West,1,1,3,Medium,Indeed,1,19,2,2,,
3.23,Mid-tier,Humanities,Midwest,0,0,2,Small,Handshake,3,5,0,0,,
3.0,Lower-tier,Healthcare,West,2,1,1,Small,Handshake,3,25,3,0,,
2.93,Mid-tier,Arts,Northeast,0,2,5,Medium,Handshake,3,9,0,0,,
3.35,Mid-tier,Business,Northeast,1,1,1,Large,Handshake,3,21,1,0,,
2.99,Lower-tier,Humanities,Midwest,1,3,1,Large,LinkedIn,6,9,1,1,,
2.59,Lower-tier,STEM,South,4,1,4,Small,Indeed,2,35,2,1,,
3.07,Lower-tier,STEM,West,2,2,5,Large,Handshake,7,21,2,1,,
3.42,Mid-tier,Business,Midwest,3,1,6,Large,Handshake,4,17,2,2,,
3.4,Lower-tier,Business,South,1,4,4,Small,Handshake,4,26,2,2,,
3.73,Mid-tier,Healthcare,Midwest,2,0,3,Large,Handshake,3,14,3,0,,
3.21,Mid-tier,STEM,Northeast,2,3,2,Medium,Indeed,2,15,0,0,,
3.35,Lower-tier,STEM,West,1,4,4,Medium,Handshake,12,100,4,4,,
3.53,Mid-tier,STEM,Midwest,1,2,1,Small,Handshake,3,23,2,0,,
3.02,Mid-tier,STEM,West,1,1,1,Medium,Handshake,5,20,2,2,,
3.38,Lower-tier,STEM,West,1,1,4,Large,LinkedIn,7,81,3,2,,
2.67,Lower-tier,STEM,West,1,0,4,Small,Indeed,6,113,2,1,,
3.26,Mid-tier,Humanities,Midwest,0,1,1,Medium,LinkedIn,3,15,1,0,,
3.05,Mid-tier,Healthcare,Northeast,0,4,4,Small,Indeed,7,66,1,1,,
2.96,Mid-tier,Humanities,West,1,2,5,Small,Handshake,2,10,1,1,,
3.19,Lower-tier,Business,South,0,3,1,Medium,LinkedIn,1,9,0,0,,
2.93,Mid-tier,STEM,South,1,2,3,Medium,Indeed,4,30,0,0,,
4.0,Mid-tier,Healthcare,South,0,2,3,Small,Handshake,6,23,0,0,,
3.56,Lower-tier,Business,Midwest,3,0,2,Large,LinkedIn,8,29,0,0,,
3.08,Mid-tier,STEM,South,0,4,5,Large,Handshake,6,15,1,1,,
3.24,Mid-tier,Healthcare,Northeast,0,1,3,Medium,LinkedIn,1,9,0,0,,
2.84,Lower-tier,Humanities,Midwest,2,4,1,Large,Indeed,5,43,0,0,,
2.56,Mid-tier,Healthcare,West,0,5,5,Large,Handshake,9,58,4,1,,
2.51,Lower-tier,Business,Northeast,1,3,5,Large,LinkedIn,12,76,2,1,,
3.12,Top-tier,STEM,Northeast,4,8,3,Medium,Indeed,6,83,2,1,,
3.17,Mid-tier,Healthcare,Midwest,2,1,3,Large,LinkedIn,6,53,1,0,,
3.17,Mid-tier,STEM,West,0,1,4,Large,LinkedIn,5,28,2,0,,
3.49,Lower-tier,Business,West,1,3,3,Medium,Handshake,3,5,0,0,,
3.3,Top-tier,Arts,Midwest,2,2,4,Large,LinkedIn,2,9,2,1,,
3.5,Top-tier,Business,South,1,1,2,Medium,Handshake,10,65,2,1,,
3.49,Lower-tier,Business,Midwest,3,2,3,Small,Indeed,6,76,3,3,,
3.08,Lower-tier,STEM,West,2,0,1,Medium,Indeed,10,73,0,0,,
3.41,Mid-tier,Humanities,Midwest,0,4,3,Medium,LinkedIn,1,9,0,0,,
3.51,Top-tier,STEM,Northeast,4,1,1,Large,Indeed,12,170,7,3,,
3.28,Mid-tier,Business,Northeast,0,2,3,Large,LinkedIn,10,110,5,2,,
2.85,Mid-tier,Business,West,0,1,1,Medium,LinkedIn,4,26,0,0,,
3.91,Lower-tier,Healthcare,South,1,2,2,Small,Handshake,9,58,3,1,,
3.32,Top-tier,STEM,Midwest,1,1,1,Large,Indeed,4,38,1,0,,
3.22,Mid-tier,Business,Midwest,2,3,4,Large,LinkedIn,5,57,2,1,,
2.9,Mid-tier,Humanities,West,1,5,3,Medium,Indeed,12,198,3,1,,
3.16,Mid-tier,STEM,Midwest,0,2,5,Large,Indeed,1,6,0,0,,
3.07,Top-tier,Business,South,0,1,2,Large,Indeed,3,58,2,0,,
2.93,Mid-tier,STEM,West,2,5,4,Medium,Indeed,10,68,4,1,,
2.93,Mid-tier,Business,West,1,3,1,Small,LinkedIn,8,48,2,0,,
3.12,Mid-tier,Business,Midwest,2,0,2,Medium,LinkedIn,4,18,3,1,,
3.11,Lower-tier,Business,West,0,0,1,Medium,LinkedIn,4,5,0,0,,
2.93,Lower-tier,Arts,Northeast,3,3,5,Medium,Indeed,7,95,0,0,,
2.84,Mid-tier,Humanities,South,0,1,3,Medium,Handshake,6,47,2,0,,
3.48,Mid-tier,Arts,West,0,2,4,Medium,Indeed,11,163,0,0,,
3.84,Lower-tier,Healthcare,Midwest,0,2,2,Medium,LinkedIn,1,14,2,2,,
3.33,Mid-tier,Humanities,Northeast,0,3,2,Medium,Handshake,11,69,4,3,,
3.25,Mid-tier,STEM,South,1,0,3,Large,Indeed,6,50,3,3,,
3.28,Mid-tier,Business,Midwest,0,0,3,Medium,LinkedIn,8,49,1,0,,
3.55,Lower-tier,STEM,Midwest,1,4,3,Medium,Indeed,3,42,0,0,,
3.63,Mid-tier,STEM,West,4,1,0,Large,Handshake,1,8,2,2,,
2.52,Top-tier,Business,Midwest,3,1,3,Large,Indeed,12,74,4,3,,
3.41,Mid-tier,Business,Midwest,1,3,2,Large,LinkedIn,11,23,1,0,,
3.1,Lower-tier,Healthcare,Northeast,0,2,4,Medium,Handshake,9,91,4,2,,
2.53,Mid-tier,Healthcare,Midwest,2,1,2,Medium,Handshake,1,5,2,2,,
2.56,Mid-tier,Business,South,2,4,4,Small,LinkedIn,5,25,2,2,,
3.91,Lower-tier,Business,West,1,2,5,Large,LinkedIn,2,20,2,2,,
4.0,Mid-tier,Business,West,0,3,3,Small,Handshake,2,12,0,0,,
3.5,Lower-tier,Healthcare,South,0,0,1,Small,Handshake,3,22,1,0,,
3.39,Mid-tier,Humanities,Northeast,2,4,1,Large,Indeed,5,84,3,2,,
2.83,Mid-tier,Business,Northeast,2,0,3,Large,LinkedIn,2,29,2,2,,
3.26,Mid-tier,Humanities,Midwest,0,4,3,Large,Handshake,1,5,2,1,,
3.32,Mid-tier,STEM,West,2,5,3,Large,LinkedIn,4,41,1,0,,
2.85,Mid-tier,Business,West,0,3,3,Medium,LinkedIn,11,78,4,2,,
3.28,Lower-tier,STEM,West,1,1,1,Large,Indeed,9,82,3,3,,
3.21,Mid-tier,Healthcare,Midwest,1,2,3,Small,Handshake,1,5,0,0,,
3.82,Mid-tier,STEM,Northeast,4,1,2,Large,Indeed,7,107,0,0,,
3.26,Mid-tier,STEM,Northeast,2,1,1,Large,LinkedIn,5,65,5,2,,
2.72,Mid-tier,Business,South,1,1,2,Small,LinkedIn,1,5,0,0,,
3.4,Lower-tier,Healthcare,Midwest,1,1,2,Large,Indeed,4,49,2,2,,
3.12,Top-tier,STEM,South,2,3,5,Large,Handshake,3,25,2,2,,
3.51,Mid-tier,Healthcare,Midwest,0,5,3,Large,LinkedIn,2,16,2,2,,
2.84,Lower-tier,Healthcare,Midwest,3,2,2,Large,Indeed,8,184,0,0,,
3.18,Mid-tier,Business,West,1,3,3,Large,LinkedIn,8,66,0,0,,
2.87,Top-tier,Business,Midwest,2,1,3,Large,Handshake,1,6,2,2,,
3.42,Lower-tier,STEM,Midwest,3,0,3,Large,Handshake,2,5,0,0,,
3.29,Mid-tier,STEM,South,0,1,2,Large,Indeed,12,144,0,0,,
2.86,Mid-tier,STEM,Midwest,1,3,3,Medium,Handshake,4,42,1,1,,
2.91,Lower-tier,Arts,Midwest,0,5,5,Large,Indeed,5,52,0,0,,
3.06,Mid-tier,STEM,Northeast,4,4,6,Large,Handshake,7,29,2,2,,
3.51,Mid-tier,Humanities,West,0,3,1,Medium,Handshake,3,10,0,0,,
3.05,Top-tier,Business,Midwest,2,4,2,Large,Indeed,1,14,0,0,,
3.12,Mid-tier,Business,Midwest,3,2,4,Large,Indeed,10,126,1,0,,
3.48,Top-tier,Humanities,South,0,3,4,Medium,Indeed,4,22,1,0,,
2.9,Top-tier,Healthcare,South,1,3,3,Large,LinkedIn,12,106,6,6,,
2.77,Mid-tier,Business,Northeast,2,1,5,Large,Handshake,5,13,2,2,,
3.55,Lower-tier,Business,Northeast,3,2,2,Small,Indeed,2,23,0,0,,
2.77,Lower-tier,Business,West,2,2,6,Large,LinkedIn,4,27,1,0,,
3.05,Mid-tier,Humanities,South,0,3,4,Small,LinkedIn,3,16,1,0,,
3.96,Mid-tier,Business,Midwest,4,1,5,Medium,LinkedIn,11,56,2,2,,
3.21,Top-tier,STEM,Midwest,2,1,2,Small,LinkedIn,2,17,0,0,,
2.58,Lower-tier,Healthcare,West,2,2,9,Medium,Indeed,10,151,0,0,,
4.0,Mid-tier,Business,Midwest,0,2,3,Medium,LinkedIn,2,14,0,0,,
3.4,Top-tier,Humanities,Northeast,1,5,1,Large,Indeed,3,85,0,0,,
3.92,Mid-tier,STEM,South,2,1,2,Large,LinkedIn,3,25,2,2,,
3.11,Mid-tier,Healthcare,Northeast,0,0,3,Medium,LinkedIn,8,46,1,0,,
3.22,Top-tier,Humanities,Northeast,0,4,6,Medium,Handshake,1,5,0,0,,
3.14,Lower-tier,STEM,West,0,1,7,Medium,LinkedIn,5,33,3,1,,
3.15,Lower-tier,Business,West,1,2,4,Large,LinkedIn,11,152,4,2,,
3.3,Mid-tier,STEM,West,0,0,3,Large,LinkedIn,9,84,3,2,,
3.32,Lower-tier,Business,South,1,2,3,Medium,LinkedIn,7,24,3,0,,
3.29,Mid-tier,STEM,Midwest,1,1,0,Large,Indeed,5,93,4,1,,
3.38,Mid-tier,Business,South,2,1,3,Large,Indeed,4,28,0,0,,
3.18,Lower-tier,STEM,South,0,3,2,Large,Indeed,6,61,2,1,,
2.78,Mid-tier,Arts,Midwest,2,4,4,Small,Handshake,9,54,3,1,,
3.3,Mid-tier,Arts,Northeast,1,4,1,Large,LinkedIn,1,12,0,0,,
3.2,Lower-tier,Healthcare,West,0,3,3,Medium,Handshake,6,23,2,1,,
3.08,Lower-tier,Business,Northeast,0,6,2,Large,LinkedIn,4,57,1,0,,
3.65,Mid-tier,Business,West,4,1,1,Small,LinkedIn,8,69,4,1,,
3.16,Lower-tier,Healthcare,Midwest,0,2,3,Medium,LinkedIn,3,24,0,0,,
2.74,Mid-tier,Business,Northeast,2,1,6,Small,Handshake,5,39,2,2,,
3.57,Lower-tier,Healthcare,South,0,2,1,Large,Indeed,4,80,3,2,,
3.42,Mid-tier,STEM,South,2,1,1,Medium,LinkedIn,1,16,2,2,,
3.77,Top-tier,Arts,Northeast,1,2,5,Small,LinkedIn,11,124,4,2,,
2.47,Lower-tier,Healthcare,Northeast,1,2,2,Large,Indeed,10,85,3,1,,
3.03,Lower-tier,STEM,South,0,1,2,Large,LinkedIn,10,33,1,0,,
2.52,Lower-tier,STEM,Midwest,0,0,4,Medium,LinkedIn,5,51,2,0,,
3.07,Mid-tier,Humanities,South,0,4,3,Large,Handshake,7,28,2,1,,
3.84,Mid-tier,Business,Northeast,0,1,3,Small,Indeed,8,86,1,0,,
3.65,Lower-tier,STEM,Midwest,1,2,1,Medium,Indeed,12,52,3,2,,
3.0,Top-tier,Humanities,Northeast,2,3,3,Medium,Indeed,4,31,2,1,,
4.0,Lower-tier,Humanities,Northeast,1,4,3,Medium,Handshake,3,24,0,0,,
2.76,Mid-tier,Business,South,0,2,9,Large,LinkedIn,2,15,2,1,,
2.51,Mid-tier,Healthcare,South,0,2,4,Small,Handshake,9,42,3,2,,
3.24,Mid-tier,Healthcare,Midwest,2,3,3,Medium,Handshake,3,18,2,1,,
2.9,Mid-tier,Healthcare,West,1,3,4,Small,Indeed,8,149,0,0,,
4.0,Mid-tier,Humanities,Midwest,2,1,4,Medium,LinkedIn,6,48,3,1,,
3.01,Mid-tier,Business,West,0,4,2,Medium,Handshake,7,35,2,2,,
3.45,Mid-tier,Business,West,4,3,3,Medium,LinkedIn,8,124,3,1,,
3.29,Lower-tier,Humanities,Northeast,0,3,4,Large,Indeed,3,63,0,0,,
3.57,Lower-tier,Arts,Northeast,1,3,3,Small,LinkedIn,7,59,2,1,,
2.96,Mid-tier,STEM,Northeast,0,5,1,Medium,Handshake,4,12,2,1,,
2.69,Top-tier,STEM,West,0,1,4,Small,LinkedIn,10,15,0,0,,
3.13,Lower-tier,Business,Midwest,0,3,1,Large,LinkedIn,2,13,0,0,,
3.1,Top-tier,Humanities,Midwest,4,2,1,Medium,LinkedIn,12,70,4,1,,
2.94,Mid-tier,STEM,West,0,3,3,Medium,Handshake,1,5,0,0,,
3.68,Lower-tier,STEM,South,1,4,4,Large,LinkedIn,2,22,2,2,,
3.44,Lower-tier,Business,Northeast,0,4,1,Small,Handshake,10,68,4,1,,
2.96,Mid-tier,Healthcare,Midwest,2,1,4,Large,Handshake,1,5,2,1,,
3.63,Lower-tier,STEM,Northeast,2,1,4,Large,Indeed,5,51,0,0,,
2.53,Mid-tier,STEM,West,0,4,1,Small,Handshake,1,5,1,0,,
3.06,Mid-tier,STEM,Northeast,1,2,3,Medium,Handshake,7,15,2,2,,
3.46,Lower-tier,Healthcare,West,2,1,3,Large,Handshake,12,48,2,1,,
2.22,Mid-tier,Business,Midwest,1,0,1,Medium,LinkedIn,2,7,2,2,,
3.67,Mid-tier,Healthcare,Northeast,0,4,3,Medium,Indeed,9,138,1,0,,
3.28,Mid-tier,Healthcare,West,3,3,4,Medium,LinkedIn,5,45,3,0,,
3.61,Lower-tier,Business,West,0,2,1,Medium,Indeed,4,46,0,0,,
2.93,Lower-tier,Arts,South,1,5,0,Medium,Indeed,12,136,1,0,,
3.27,Mid-tier,Humanities,Midwest,2,4,0,Small,Handshake,7,22,1,0,,
3.31,Mid-tier,Healthcare,West,0,1,4,Large,Indeed,7,66,0,0,,
2.45,Mid-tier,Humanities,West,0,2,3,Large,LinkedIn,12,106,4,1,,
3.54,Lower-tier,STEM,Midwest,0,3,4,Medium,LinkedIn,11,33,2,2,,
3.62,Mid-tier,Business,West,0,1,5,Medium,LinkedIn,7,26,2,2,,
3.07,Lower-tier,STEM,South,0,0,3,Medium,Indeed,10,176,2,1,,
3.78,Lower-tier,Healthcare,Northeast,2,1,4,Small,Handshake,2,7,2,1,,
3.34,Lower-tier,Healthcare,Northeast,0,3,7,Medium,Indeed,8,33,0,0,,
3.11,Mid-tier,Humanities,South,0,2,3,Small,LinkedIn,12,134,5,2,,
3.65,Mid-tier,STEM,Northeast,0,6,2,Large,Handshake,10,70,9,1,,
2.62,Mid-tier,Humanities,West,1,2,1,Medium,Handshake,12,32,6,2,,
2.79,Mid-tier,Healthcare,Midwest,1,4,5,Large,Handshake,5,25,2,2,,
3.72,Top-tier,Healthcare,Northeast,0,3,2,Large,Handshake,1,5,0,0,,
3.62,Top-tier,Business,South,2,0,5,Small,Indeed,6,67,3,1,,
3.35,Mid-tier,STEM,Northeast,2,0,3,Medium,Indeed,7,120,2,1,,
3.25,Mid-tier,Business,South,2,0,1,Large,Handshake,7,7,2,1,,
3.18,Mid-tier,Healthcare,Midwest,4,3,2,Small,Handshake,12,46,3,1,,
3.35,Lower-tier,Healthcare,West,0,1,2,Large,Handshake,7,47,6,2,,
2.32,Mid-tier,Humanities,Midwest,4,1,5,Small,Handshake,5,31,1,0,,
2.24,Mid-tier,STEM,South,0,4,3,Medium,Indeed,1,13,2,2,,
3.22,Mid-tier,STEM,South,4,2,2,Medium,LinkedIn,9,88,5,2,,
3.1,Lower-tier,STEM,South,2,1,5,Large,LinkedIn,5,31,2,1,,
3.04,Mid-tier,Business,Midwest,1,2,8,Large,Indeed,7,53,1,0,,
3.43,Lower-tier,Humanities,West,0,1,2,Large,Handshake,5,5,1,0,,
2.8,Lower-tier,Business,West,1,0,1,Medium,LinkedIn,3,28,1,0,,
3.73,Mid-tier,Healthcare,Northeast,2,1,1,Large,Indeed,5,55,3,3,,
3.14,Mid-tier,Business,Northeast,0,1,0,Small,LinkedIn,2,8,0,0,,
3.58,Mid-tier,STEM,Midwest,2,0,2,Large,LinkedIn,7,64,3,0,,
4.0,Mid-tier,Humanities,Midwest,2,2,1,Medium,Handshake,5,26,3,2,,
4.0,Mid-tier,Arts,Northeast,0,1,2,Medium,Handshake,4,26,3,0,,
2.82,Mid-tier,Arts,Midwest,1,1,4,Large,Handshake,8,50,3,0,,
3.24,Mid-tier,Healthcare,Midwest,0,1,2,Small,Handshake,7,18,2,2,,
2.8,Mid-tier,Healthcare,Northeast,2,3,3,Small,Indeed,8,61,0,0,,
3.01,Mid-tier,Healthcare,South,0,2,3,Medium,LinkedIn,1,9,1,0,,
2.92,Lower-tier,Arts,Midwest,0,2,4,Large,Handshake,9,45,4,3,,
3.83,Lower-tier,Healthcare,West,4,5,3,Small,Handshake,12,72,3,1,,
3.29,Mid-tier,Humanities,Northeast,2,1,5,Medium,Handshake,8,5,2,1,,
2.71,Lower-tier,STEM,South,0,1,5,Large,Indeed,10,156,1,0,,
2.95,Lower-tier,STEM,South,0,1,1,Medium,Handshake,8,48,7,2,,
3.04,Mid-tier,Healthcare,Northeast,0,1,0,Medium,LinkedIn,1,12,0,0,,
3.32,Mid-tier,STEM,Northeast,2,3,2,Large,Indeed,9,169,9,9,,
3.39,Mid-tier,STEM,West,2,3,4,Medium,Indeed,10,143,0,0,,
3.75,Top-tier,Humanities,West,1,0,1,Large,LinkedIn,9,82,3,1,,
3.37,Mid-tier,Humanities,West,0,0,5,Large,LinkedIn,9,84,1,1,,
2.79,Mid-tier,STEM,Midwest,2,2,7,Large,Handshake,1,5,2,2,,
2.78,Lower-tier,STEM,Northeast,0,1,3,Large,Indeed,3,33,1,0,,
3.87,Mid-tier,STEM,Northeast,2,1,1,Medium,LinkedIn,3,12,0,0,,
3.48,Mid-tier,Business,Midwest,1,0,1,Medium,LinkedIn,1,11,1,1,,
3.63,Top-tier,STEM,West,2,2,2,Medium,LinkedIn,11,62,3,3,,
2.88,Lower-tier,Healthcare,Northeast,3,1,3,Large,Handshake,9,54,2,1,,
2.62,Top-tier,Business,West,3,3,1,Medium,Handshake,10,16,1,1,,
3.26,Mid-tier,STEM,Northeast,0,0,2,Large,Handshake,12,56,2,1,,
3.05,Lower-tier,STEM,Midwest,2,1,4,Small,LinkedIn,11,113,1,1,,
3.51,Mid-tier,STEM,South,4,1,3,Medium,Indeed,10,98,0,0,,
3.22,Top-tier,Business,Midwest,2,2,1,Small,Handshake,1,5,2,1,,
3.65,Top-tier,Healthcare,Midwest,3,4,2,Large,LinkedIn,9,5,2,1,,
2.99,Lower-tier,Business,South,2,0,4,Large,Indeed,4,47,1,0,,
3.13,Lower-tier,Humanities,Midwest,0,3,3,Medium,LinkedIn,10,116,8,1,,
3.86,Top-tier,STEM,Midwest,2,1,2,Medium,LinkedIn,2,19,0,0,,
3.26,Lower-tier,Healthcare,Midwest,0,5,5,Medium,Indeed,8,98,1,0,,
2.93,Mid-tier,Business,South,4,4,1,Large,LinkedIn,1,9,0,0,,
3.82,Lower-tier,Humanities,Midwest,1,6,2,Medium,Indeed,7,113,0,0,,
2.6,Mid-tier,Healthcare,South,0,3,0,Medium,LinkedIn,6,44,1,0,,
3.32,Mid-tier,Business,West,1,3,3,Large,Indeed,3,48,1,1,,
3.71,Lower-tier,STEM,Midwest,0,3,3,Large,LinkedIn,10,88,3,1,,
3.32,Mid-tier,Business,Midwest,1,1,2,Small,Handshake,3,9,0,0,,
2.59,Mid-tier,Healthcare,West,1,3,6,Large,LinkedIn,5,25,2,2,,
3.15,Mid-tier,Healthcare,South,0,2,2,Medium,Indeed,8,137,0,0,,
3.52,Mid-tier,Business,Northeast,0,1,1,Medium,LinkedIn,3,10,1,0,,
2.89,Mid-tier,Humanities,Midwest,1,0,1,Medium,Handshake,2,7,0,0,,
3.78,Lower-tier,Business,Northeast,1,1,4,Large,Handshake,7,19,1,1,,
2.42,Top-tier,STEM,South,1,3,4,Medium,LinkedIn,4,43,3,1,,
2.79,Mid-tier,STEM,Northeast,1,2,0,Medium,Handshake,2,6,0,0,,
3.95,Mid-tier,Healthcare,West,1,1,1,Large,LinkedIn,4,14,0,0,,
3.58,Top-tier,STEM,West,3,2,1,Medium,LinkedIn,3,25,2,1,,
3.63,Lower-tier,STEM,Northeast,2,2,3,Small,Indeed,9,127,2,0,,
3.53,Mid-tier,Healthcare,Northeast,3,2,2,Large,Handshake,3,14,0,0,,
3.49,Lower-tier,Healthcare,West,0,3,2,Small,LinkedIn,6,46,3,2,,
2.93,Mid-tier,Healthcare,Northeast,0,0,4,Medium,LinkedIn,2,19,1,0,,
4.0,Mid-tier,Humanities,South,1,1,4,Medium,Indeed,9,121,3,3,,
3.29,Mid-tier,Business,South,2,2,4,Large,Indeed,12,164,3,3,,
3.35,Top-tier,STEM,West,1,7,3,Small,Handshake,4,16,2,0,,
3.2,Mid-tier,Healthcare,South,0,0,6,Medium,LinkedIn,7,73,2,2,,
2.83,Lower-tier,Healthcare,West,3,4,2,Small,Handshake,4,8,0,0,,
3.34,Mid-tier,STEM,Northeast,1,3,1,Medium,LinkedIn,10,86,2,2,,
3.08,Mid-tier,Healthcare,Northeast,0,1,4,Medium,Indeed,1,5,0,0,,
2.71,Lower-tier,STEM,West,3,2,3,Small,Handshake,9,21,2,1,,
3.05,Mid-tier,STEM,Northeast,4,2,5,Small,LinkedIn,1,5,0,0,,
3.03,Mid-tier,Healthcare,Midwest,1,2,2,Medium,Handshake,3,28,2,2,,
2.74,Mid-tier,STEM,Northeast,1,2,3,Large,Indeed,11,220,2,0,,
2.86,Mid-tier,Healthcare,West,2,2,4,Medium,Indeed,4,30,0,0,,
3.28,Lower-tier,Humanities,West,2,2,4,Medium,Indeed,4,46,0,0,,
4.0,Mid-tier,Humanities,Northeast,0,2,1,Large,LinkedIn,1,5,0,0,,
2.89,Mid-tier,STEM,Midwest,2,2,4,Large,LinkedIn,1,16,2,1,,
3.61,Mid-tier,Healthcare,South,2,2,1,Large,Handshake,7,78,5,1,,
3.03,Mid-tier,STEM,Midwest,1,2,1,Large,Handshake,12,54,3,2,,
3.97,Lower-tier,Business,South,4,2,3,Small,Handshake,9,64,3,3,,
2.74,Lower-tier,Business,West,1,3,1,Small,LinkedIn,12,34,1,0,,
3.42,Mid-tier,Healthcare,Northeast,1,0,2,Medium,Handshake,6,27,2,2,,
3.39,Mid-tier,Healthcare,West,1,2,2,Medium,LinkedIn,9,70,4,1,,
3.27,Mid-tier,STEM,Midwest,1,2,2,Medium,Indeed,6,117,0,0,,
2.63,Lower-tier,STEM,West,1,3,1,Large,LinkedIn,2,26,2,2,,
2.33,Lower-tier,Healthcare,West,2,0,1,Large,Indeed,12,114,6,5,,
2.61,Mid-tier,STEM,South,2,1,8,Medium,Handshake,12,98,2,2,,
2.5,Mid-tier,Humanities,Northeast,1,2,3,Large,Handshake,11,66,3,0,,
3.06,Lower-tier,Business,Northeast,0,1,1,Large,LinkedIn,8,25,0,0,,
2.19,Mid-tier,Business,South,1,0,3,Large,LinkedIn,2,19,1,0,,
3.1,Top-tier,Business,Northeast,2,4,1,Medium,Indeed,7,127,2,0,,
2.87,Mid-tier,STEM,West,1,3,1,Medium,Indeed,6,21,0,0,,
2.91,Lower-tier,Humanities,Midwest,0,2,3,Medium,LinkedIn,5,64,4,1,,
2.86,Mid-tier,STEM,South,0,0,4,Large,Handshake,1,5,1,0,,
3.06,Top-tier,STEM,South,0,0,5,Medium,LinkedIn,5,43,3,3,,
3.55,Lower-tier,Healthcare,Midwest,2,4,0,Large,Indeed,6,146,5,5,,
2.86,Mid-tier,STEM,West,2,0,1,Medium,LinkedIn,3,16,2,2,,
2.96,Mid-tier,STEM,Midwest,3,2,7,Medium,Handshake,11,36,4,1,,
3.33,Top-tier,STEM,West,2,0,3,Small,Indeed,3,54,2,2,,
3.34,Top-tier,Business,Midwest,0,0,4,Large,Handshake,12,84,5,1,,
2.89,Mid-tier,Arts,West,1,2,5,Large,Handshake,12,86,3,1,,
3.16,Mid-tier,Humanities,Northeast,0,3,6,Large,Indeed,1,5,0,0,,
2.93,Top-tier,STEM,West,1,4,4,Medium,Handshake,10,86,5,2,,
3.6,Mid-tier,STEM,Midwest,2,3,1,Medium,LinkedIn,4,30,2,1,,
3.37,Mid-tier,Business,South,0,1,2,Small,LinkedIn,4,32,2,2,,
3.47,Mid-tier,STEM,West,0,1,0,Medium,LinkedIn,3,17,0,0,,
3.41,Lower-tier,Business,West,1,0,8,Small,Indeed,3,37,0,0,,
2.98,Mid-tier,Business,Midwest,0,3,3,Small,LinkedIn,2,14,1,0,,
2.89,Top-tier,STEM,Midwest,1,5,3,Medium,LinkedIn,7,86,4,0,,
2.4,Mid-tier,STEM,West,0,2,2,Large,Handshake,10,46,5,1,,
2.73,Lower-tier,Healthcare,Northeast,1,5,3,Medium,LinkedIn,10,35,2,1,,
2.99,Lower-tier,Business,Northeast,1,1,3,Small,LinkedIn,5,18,1,0,,
2.86,Top-tier,Business,South,2,5,5,Medium,Indeed,9,157,6,3,,
3.26,Top-tier,Healthcare,South,2,1,2,Small,Handshake,7,22,3,1,,
3.56,Mid-tier,STEM,Midwest,1,2,3,Large,Handshake,11,53,4,1,,
2.63,Lower-tier,Humanities,South,0,3,0,Medium,LinkedIn,2,30,1,0,,
3.39,Mid-tier,STEM,West,2,2,1,Large,Indeed,7,66,1,0,,
4.0,Mid-tier,STEM,Northeast,2,3,5,Large,Handshake,11,18,2,1,,
2.92,Mid-tier,STEM,South,3,0,2,Medium,LinkedIn,1,11,2,2,,
3.07,Lower-tier,Business,South,0,2,8,Large,LinkedIn,11,69,3,1,,
3.3,Mid-tier,Arts,South,1,5,1,Large,Indeed,3,52,0,0,,
3.46,Mid-tier,Humanities,West,0,0,4,Large,Handshake,8,21,3,1,,
3.04,Mid-tier,Business,Midwest,0,1,0,Medium,LinkedIn,2,5,0,0,,
3.09,Lower-tier,Business,Midwest,2,2,0,Medium,Indeed,4,67,1,1,,
3.97,Top-tier,Healthcare,Northeast,2,4,4,Large,LinkedIn,4,10,2,1,,
3.68,Lower-tier,STEM,Midwest,3,1,1,Large,LinkedIn,11,44,2,1,,
3.05,Lower-tier,STEM,West,2,1,2,Large,Handshake,8,45,3,3,,
2.95,Mid-tier,Business,Midwest,1,3,6,Medium,LinkedIn,7,42,1,1,,
3.01,Mid-tier,Humanities,South,0,1,3,Large,LinkedIn,4,21,0,0,,
3.42,Mid-tier,Healthcare,South,0,1,2,Large,Handshake,11,31,5,0,,
3.17,Mid-tier,STEM,West,4,0,0,Medium,Handshake,3,15,2,2,,
3.85,Lower-tier,STEM,Northeast,3,3,3,Large,LinkedIn,6,85,1,1,,
4.0,Top-tier,STEM,South,2,1,3,Small,LinkedIn,7,100,4,1,,
3.17,Mid-tier,Humanities,Northeast,3,2,2,Large,Indeed,1,19,0,0,,
3.27,Mid-tier,STEM,Midwest,1,3,3,Small,Handshake,9,55,5,0,,
2.99,Mid-tier,STEM,South,3,3,5,Large,LinkedIn,11,113,4,2,,
3.43,Lower-tier,Business,Northeast,0,4,2,Medium,LinkedIn,5,71,3,1,,
3.56,Lower-tier,Humanities,West,0,2,5,Large,LinkedIn,1,9,2,1,,
3.21,Top-tier,STEM,West,3,2,6,Large,LinkedIn,11,71,3,3,,
2.77,Mid-tier,Healthcare,Midwest,2,2,3,Medium,LinkedIn,3,11,2,0,,
3.02,Top-tier,STEM,South,2,4,5,Medium,Indeed,5,82,0,0,,
3.07,Mid-tier,STEM,Midwest,1,2,4,Medium,Indeed,10,213,3,2,,
2.68,Top-tier,STEM,South,0,1,2,Large,LinkedIn,12,106,7,1,,
3.49,Lower-tier,STEM,Northeast,1,2,2,Medium,Indeed,2,28,0,0,,
2.83,Top-tier,Business,South,1,3,4,Small,LinkedIn,9,79,6,2,,
2.82,Mid-tier,Healthcare,South,2,1,6,Large,Handshake,1,5,2,2,,
3.09,Lower-tier,Business,Northeast,1,2,2,Small,Handshake,10,45,4,1,,
2.87,Mid-tier,Business,Midwest,1,2,5,Large,Indeed,7,47,0,0,,
2.94,Mid-tier,Humanities,Northeast,1,2,1,Large,LinkedIn,11,104,3,0,,
3.02,Lower-tier,STEM,Northeast,0,3,7,Medium,Handshake,7,36,1,0,,
3.49,Lower-tier,STEM,Midwest,3,3,1,Medium,LinkedIn,3,20,2,2,,
3.45,Lower-tier,Business,West,3,2,3,Small,LinkedIn,1,5,2,2,,
2.81,Mid-tier,STEM,West,1,0,3,Medium,Handshake,5,33,2,0,,
3.18,Lower-tier,STEM,South,0,1,2,Large,LinkedIn,11,133,8,2,,
3.32,Mid-tier,Humanities,Northeast,3,1,5,Large,LinkedIn,11,82,4,2,,
2.09,Mid-tier,STEM,Midwest,1,0,5,Large,Handshake,7,43,2,0,,
3.4,Lower-tier,STEM,Midwest,0,4,4,Large,LinkedIn,9,52,3,1,,
3.17,Lower-tier,STEM,South,2,1,4,Medium,LinkedIn,8,88,4,1,,
2.94,Lower-tier,STEM,Northeast,1,2,2,Medium,Indeed,9,225,0,0,,
3.31,Top-tier,STEM,Northeast,2,4,0,Large,Handshake,4,31,0,0,,
2.94,Lower-tier,Business,West,0,4,2,Large,LinkedIn,10,90,3,1,,
4.0,Mid-tier,Business,South,2,2,3,Medium,Indeed,6,62,2,2,,
3.64,Mid-tier,Business,West,0,2,2,Medium,Handshake,3,5,1,1,,
3.18,Mid-tier,STEM,Midwest,2,1,1,Large,LinkedIn,12,132,8,4,,
4.0,Top-tier,Healthcare,West,2,3,4,Medium,LinkedIn,5,51,2,2,,
3.47,Mid-tier,STEM,South,1,1,4,Medium,Handshake,6,14,0,0,,
3.62,Lower-tier,STEM,Midwest,1,0,2,Large,Handshake,4,11,2,0,,
3.32,Mid-tier,Business,South,2,0,1,Large,Handshake,8,46,6,2,,
2.89,Mid-tier,Business,West,2,1,4,Small,Indeed,2,31,1,1,,
3.44,Mid-tier,Humanities,South,0,1,3,Medium,Handshake,3,15,1,0,,
3.22,Lower-tier,Humanities,Northeast,1,1,0,Small,Handshake,12,68,2,2,,
3.21,Lower-tier,STEM,Northeast,3,1,1,Large,Indeed,1,17,0,0,,
3.96,Mid-tier,Humanities,Northeast,1,0,4,Large,Handshake,4,22,1,0,,
3.03,Mid-tier,STEM,Northeast,1,0,2,Large,Indeed,6,79,0,0,,
3.1,Mid-tier,STEM,South,1,3,2,Small,Handshake,3,10,3,1,,
3.67,Lower-tier,Healthcare,Northeast,0,3,1,Small,Indeed,8,136,2,0,,
4.0,Lower-tier,STEM,Midwest,1,2,1,Medium,Handshake,10,33,2,2,,
3.53,Mid-tier,Healthcare,West,1,3,2,Large,LinkedIn,3,29,1,0,,
2.61,Lower-tier,STEM,Midwest,3,4,2,Large,Indeed,2,24,0,0,,
4.0,Lower-tier,STEM,West,3,2,4,Medium,Indeed,5,9,0,0,,
2.82,Mid-tier,Healthcare,Midwest,0,2,2,Large,Handshake,7,21,0,0,,
3.15,Mid-tier,Business,West,0,2,1,Medium,Handshake,6,9,0,0,,
3.11,Lower-tier,Business,Northeast,0,0,3,Medium,LinkedIn,12,98,2,1,,
3.56,Lower-tier,Healthcare,West,1,2,4,Large,LinkedIn,4,38,2,2,,
3.11,Lower-tier,STEM,Midwest,3,2,3,Large,Handshake,8,40,2,2,,
3.44,Lower-tier,Business,Northeast,1,2,3,Medium,Indeed,3,55,0,0,,
2.66,Lower-tier,Business,Midwest,0,0,5,Medium,LinkedIn,7,77,4,0,,
3.0,Lower-tier,STEM,South,0,1,4,Large,LinkedIn,10,58,3,1,,
2.38,Mid-tier,Business,Midwest,2,1,3,Medium,Indeed,9,67,4,4,,
2.62,Mid-tier,STEM,Northeast,2,2,4,Large,Handshake,2,6,0,0,,
3.07,Mid-tier,Business,West,0,1,3,Medium,Handshake,9,36,2,1,,
2.89,Lower-tier,Business,South,0,2,2,Medium,LinkedIn,6,46,5,0,,
2.49,Mid-tier,STEM,Midwest,2,2,5,Medium,Indeed,1,13,0,0,,
3.02,Mid-tier,STEM,Northeast,0,2,4,Small,Indeed,12,238,1,0,,
3.34,Mid-tier,STEM,Northeast,3,2,4,Large,LinkedIn,11,93,4,3,,
3.38,Lower-tier,STEM,Northeast,1,3,2,Large,Handshake,9,63,3,2,,
3.54,Mid-tier,Business,South,1,1,2,Small,Handshake,12,54,2,1,,
3.33,Mid-tier,STEM,Northeast,0,2,6,Medium,Handshake,9,93,6,5,,
3.26,Mid-tier,Arts,South,2,2,3,Medium,Indeed,8,109,0,0,,
3.39,Mid-tier,Humanities,Northeast,3,2,2,Large,LinkedIn,7,79,3,3,,
2.81,Top-tier,STEM,Northeast,0,3,2,Medium,LinkedIn,8,77,4,0,,
3.09,Mid-tier,Business,Northeast,3,3,5,Large,LinkedIn,11,110,4,2,,
2.79,Mid-tier,Healthcare,West,4,1,3,Medium,LinkedIn,12,54,2,0,,
3.31,Lower-tier,Humanities,Midwest,1,1,1,Medium,Handshake,11,55,7,1,,
3.24,Lower-tier,STEM,Northeast,2,2,3,Large,LinkedIn,6,25,0,0,,
2.77,Lower-tier,Arts,South,1,2,3,Small,Indeed,10,131,2,1,,
2.78,Mid-tier,Humanities,South,0,2,8,Small,Handshake,7,28,0,0,,
3.66,Mid-tier,STEM,Northeast,1,0,3,Large,Indeed,4,48,2,1,,
3.08,Mid-tier,Healthcare,South,1,3,1,Medium,Handshake,4,5,0,0,,
3.91,Lower-tier,Humanities,Midwest,1,4,4,Small,Handshake,9,63,3,0,,
3.66,Mid-tier,Healthcare,Northeast,0,3,2,Small,LinkedIn,7,70,3,1,,
2.61,Mid-tier,STEM,West,1,2,5,Medium,Handshake,6,7,2,2,,
3.03,Lower-tier,STEM,West,1,1,3,Medium,Handshake,6,22,4,0,,
4.0,Top-tier,Business,Midwest,1,1,4,Medium,Indeed,10,131,1,0,,
3.77,Mid-tier,Humanities,Northeast,2,4,4,Medium,Handshake,8,22,1,0,,
3.2,Lower-tier,Humanities,Midwest,0,3,2,Small,Handshake,9,42,3,2,,
2.81,Mid-tier,Healthcare,South,0,0,5,Large,Indeed,12,206,3,2,,
2.51,Mid-tier,STEM,West,1,3,1,Medium,Handshake,11,29,2,1,,
3.14,Mid-tier,Healthcare,South,1,4,3,Large,Indeed,6,124,1,0,,
3.76,Top-tier,STEM,Northeast,2,4,2,Large,LinkedIn,8,33,2,1,,
2.81,Mid-tier,Business,South,2,2,6,Large,LinkedIn,10,90,2,2,,
2.95,Mid-tier,Business,South,1,4,4,Medium,LinkedIn,2,8,2,2,,
2.94,Mid-tier,STEM,Midwest,0,1,4,Large,Handshake,2,11,2,2,,
3.45,Mid-tier,Healthcare,South,2,5,3,Small,Handshake,9,5,0,0,,
3.44,Mid-tier,STEM,Midwest,1,3,5,Medium,LinkedIn,1,8,0,0,,
2.96,Mid-tier,STEM,Northeast,1,2,4,Large,Handshake,9,37,4,0,,
3.19,Mid-tier,Healthcare,Midwest,2,3,4,Small,LinkedIn,6,80,3,1,,
3.43,Mid-tier,Business,South,0,2,2,Large,LinkedIn,11,99,5,2,,
3.38,Mid-tier,STEM,West,1,0,1,Small,Indeed,8,124,2,2,,
3.48,Mid-tier,Humanities,Midwest,2,1,1,Medium,LinkedIn,9,58,3,1,,
3.02,Mid-tier,Humanities,West,0,2,2,Large,LinkedIn,5,39,0,0,,
2.2,Mid-tier,STEM,Northeast,0,4,4,Large,Indeed,11,154,1,1,,
3.06,Top-tier,STEM,West,2,1,4,Large,Handshake,6,33,2,1,,
3.24,Mid-tier,Humanities,Midwest,4,2,3,Large,Indeed,3,36,2,2,,
3.6,Lower-tier,STEM,Midwest,0,1,3,Small,Handshake,3,13,0,0,,
3.71,Mid-tier,Business,Midwest,2,0,1,Large,Indeed,7,79,1,0,,
3.21,Mid-tier,Business,Midwest,0,2,7,Small,Handshake,2,6,2,2,,
3.71,Mid-tier,STEM,West,1,0,1,Medium,LinkedIn,9,16,0,0,,
3.38,Lower-tier,STEM,Northeast,0,2,1,Medium,Indeed,6,33,1,0,,
3.19,Mid-tier,STEM,West,0,1,4,Medium,Indeed,7,80,0,0,,
2.65,Mid-tier,Healthcare,South,1,3,4,Large,Handshake,5,18,1,0,,
3.12,Lower-tier,Business,Northeast,0,1,4,Medium,Indeed,12,130,6,6,,
3.18,Mid-tier,STEM,South,0,1,3,Medium,Handshake,4,29,2,1,,
3.22,Mid-tier,STEM,Northeast,1,1,2,Medium,Indeed,10,225,2,2,,
3.7,Lower-tier,STEM,West,4,2,3,Small,Handshake,2,9,2,1,,
3.16,Mid-tier,Arts,South,0,1,5,Large,Handshake,1,5,1,0,,
3.5,Mid-tier,Business,West,0,2,2,Large,LinkedIn,7,40,3,3,,
3.26,Mid-tier,STEM,Midwest,0,4,0,Medium,LinkedIn,4,30,3,1,,
3.41,Top-tier,Arts,Northeast,2,2,4,Medium,Indeed,6,104,3,3,,
3.96,Mid-tier,Business,Northeast,0,1,7,Medium,Handshake,12,38,2,0,,
3.23,Lower-tier,Business,Midwest,0,1,2,Medium,LinkedIn,4,24,2,1,,
3.06,Mid-tier,STEM,West,1,3,2,Medium,Handshake,3,21,2,2,,
3.14,Lower-tier,STEM,South,1,0,1,Medium,Handshake,11,45,7,4,,
2.76,Lower-tier,Business,West,0,0,2,Small,Handshake,4,10,0,0,,
3.23,Lower-tier,STEM,South,0,2,4,Large,Indeed,11,218,11,10,,
3.55,Mid-tier,STEM,South,0,4,4,Large,Handshake,9,34,2,0,,
3.2,Mid-tier,Humanities,Northeast,1,2,3,Large,Handshake,3,18,2,2,,
3.65,Mid-tier,Business,South,1,1,1,Large,Handshake,8,44,5,0,,
3.28,Mid-tier,STEM,Northeast,0,6,4,Large,LinkedIn,5,72,2,0,,
3.56,Top-tier,Healthcare,West,1,2,1,Large,LinkedIn,11,163,5,2,,
2.69,Mid-tier,Business,Northeast,1,2,4,Small,LinkedIn,4,38,1,0,,
2.83,Mid-tier,Business,Northeast,4,4,2,Large,Indeed,3,44,0,0,,
3.2,Lower-tier,Arts,Midwest,2,3,2,Large,Handshake,3,18,2,2,,
3.16,Top-tier,Healthcare,West,1,2,5,Medium,LinkedIn,11,75,3,1,,
2.83,Mid-tier,Healthcare,West,2,2,4,Medium,Indeed,9,123,6,4,,
3.48,Top-tier,STEM,Midwest,1,2,3,Large,LinkedIn,4,30,1,0,,
3.36,Mid-tier,STEM,Northeast,1,1,1,Large,Indeed,10,101,1,1,,
3.58,Mid-tier,Humanities,South,3,2,5,Large,Indeed,10,196,5,0,,
3.51,Mid-tier,STEM,Midwest,0,0,5,Medium,LinkedIn,9,78,4,1,,
3.22,Mid-tier,STEM,Northeast,1,3,0,Large,Indeed,7,56,2,1,,
2.68,Top-tier,Business,West,2,1,3,Medium,LinkedIn,11,177,5,0,,
3.48,Mid-tier,Healthcare,South,2,3,3,Large,LinkedIn,6,41,1,0,,
4.0,Lower-tier,STEM,Northeast,0,2,4,Medium,Handshake,3,7,0,0,,
3.59,Top-tier,STEM,South,4,1,2,Medium,LinkedIn,8,132,5,1,,
3.53,Top-tier,STEM,Midwest,0,3,1,Large,LinkedIn,9,57,2,2,,
3.13,Mid-tier,Business,West,4,6,0,Medium,LinkedIn,9,102,6,4,,
3.64,Lower-tier,Humanities,Northeast,4,3,3,Small,Indeed,1,5,0,0,,
3.25,Lower-tier,Humanities,South,1,2,6,Medium,LinkedIn,9,123,5,5,,
3.52,Mid-tier,STEM,West,0,6,3,Large,LinkedIn,4,30,2,1,,
3.44,Mid-tier,STEM,South,1,3,4,Large,Handshake,6,48,3,1,,
2.06,Lower-tier,Business,Northeast,4,3,5,Small,Handshake,5,22,1,1,,
2.49,Mid-tier,STEM,South,2,5,5,Medium,Handshake,11,62,4,1,,
3.56,Mid-tier,STEM,Northeast,0,2,4,Small,Handshake,9,73,2,2,,
3.29,Top-tier,STEM,Midwest,0,1,1,Small,Indeed,7,79,0,0,,
3.47,Top-tier,Healthcare,Midwest,1,2,4,Medium,Indeed,6,106,0,0,,
2.98,Top-tier,STEM,West,2,0,2,Medium,LinkedIn,2,20,3,1,,
4.0,Top-tier,Business,West,2,1,1,Large,Handshake,11,56,3,1,,
2.61,Lower-tier,STEM,Northeast,1,0,5,Medium,LinkedIn,12,122,5,1,,
3.7,Mid-tier,Business,South,4,1,1,Large,LinkedIn,5,78,2,2,,
3.91,Lower-tier,Business,South,1,4,3,Small,Indeed,1,16,0,0,,
3.46,Lower-tier,Business,Midwest,2,4,5,Medium,Handshake,11,33,4,2,,
3.27,Mid-tier,STEM,Northeast,0,0,6,Medium,LinkedIn,6,66,0,0,,
2.82,Lower-tier,Humanities,Northeast,1,0,1,Medium,Indeed,2,20,1,0,,
3.36,Lower-tier,Healthcare,South,0,1,1,Large,Handshake,12,46,4,1,,
2.63,Lower-tier,Business,Northeast,1,3,2,Small,Handshake,10,18,2,1,,
2.55,Top-tier,Business,Northeast,2,1,4,Small,LinkedIn,8,81,5,2,,
2.0,Mid-tier,Business,Midwest,1,4,4,Large,LinkedIn,8,57,2,0,,
3.27,Lower-tier,STEM,South,1,4,5,Medium,LinkedIn,8,110,3,0,,
3.84,Lower-tier,Business,West,1,3,2,Medium,LinkedIn,12,98,4,2,,
3.36,Top-tier,Business,South,0,2,5,Large,Indeed,9,28,2,1,,
3.52,Mid-tier,STEM,West,2,2,2,Small,Handshake,9,24,2,2,,
3.37,Top-tier,STEM,Northeast,1,1,4,Small,LinkedIn,11,121,7,2,,
2.67,Mid-tier,STEM,Midwest,1,3,1,Medium,Indeed,9,67,3,1,,
3.21,Mid-tier,STEM,West,1,4,5,Large,Handshake,2,10,2,1,,
3.03,Top-tier,Business,South,4,3,3,Medium,Indeed,5,53,3,1,,
3.18,Lower-tier,Business,Midwest,2,0,3,Medium,LinkedIn,11,124,2,0,,
3.18,Mid-tier,Business,South,3,1,3,Large,Handshake,3,5,2,0,,
3.19,Mid-tier,Business,Midwest,0,1,3,Medium,Indeed,3,39,0,0,,
3.55,Mid-tier,STEM,Northeast,1,3,3,Medium,LinkedIn,6,40,2,2,,
2.83,Mid-tier,Healthcare,Midwest,0,4,5,Small,LinkedIn,12,156,0,0,,
3.74,Mid-tier,STEM,Midwest,2,3,4,Small,LinkedIn,12,98,3,1,,
3.0,Mid-tier,STEM,Midwest,0,1,2,Large,LinkedIn,7,58,2,0,,
3.41,Lower-tier,STEM,Northeast,1,0,3,Small,Handshake,10,65,3,2,,
3.23,Mid-tier,STEM,West,1,4,2,Large,Indeed,4,62,3,2,,
3.12,Mid-tier,STEM,West,2,3,3,Large,Handshake,4,24,1,1,,
2.99,Mid-tier,Business,West,0,1,6,Large,LinkedIn,4,26,1,1,,
3.81,Mid-tier,STEM,Northeast,0,6,2,Small,Handshake,8,40,1,0,,
3.11,Mid-tier,STEM,South,1,4,6,Large,Indeed,6,98,3,0,,
3.34,Mid-tier,STEM,Northeast,0,1,2,Large,Handshake,7,15,0,0,,
2.74,Mid-tier,Business,West,0,2,3,Large,LinkedIn,5,78,3,1,,
3.87,Mid-tier,Arts,Midwest,2,1,6,Large,LinkedIn,9,39,1,1,,
3.77,Mid-tier,Business,West,1,2,5,Small,Indeed,9,57,0,0,,
2.97,Top-tier,STEM,West,1,2,3,Small,Handshake,8,57,2,1,,
4.0,Lower-tier,Humanities,Northeast,1,0,3,Small,Handshake,7,47,6,1,,
2.82,Mid-tier,Business,Midwest,3,1,3,Medium,Indeed,9,118,1,0,,
3.05,Top-tier,Healthcare,South,2,3,1,Small,LinkedIn,12,122,3,2,,
2.58,Mid-tier,STEM,South,1,2,0,Medium,LinkedIn,11,80,2,0,,
3.9,Mid-tier,Healthcare,Northeast,0,0,2,Medium,Indeed,11,139,0,0,,
3.35,Mid-tier,Healthcare,South,2,3,4,Medium,Handshake,2,5,2,2,,
2.61,Mid-tier,Business,Midwest,1,2,2,Medium,LinkedIn,12,86,5,2,,
2.96,Top-tier,Humanities,West,1,3,2,Medium,LinkedIn,9,99,0,0,,
3.22,Mid-tier,Business,Northeast,3,5,4,Small,LinkedIn,2,13,2,2,,
3.42,Mid-tier,Healthcare,West,0,0,3,Small,Handshake,11,62,2,2,,
3.6,Lower-tier,Business,South,0,5,3,Large,LinkedIn,4,36,0,0,,
3.13,Mid-tier,Business,Northeast,1,1,2,Large,Handshake,12,30,2,1,,
3.26,Lower-tier,STEM,West,2,4,4,Medium,Handshake,11,5,1,0,,
3.37,Lower-tier,Arts,South,0,2,3,Medium,LinkedIn,11,75,4,4,,
3.39,Mid-tier,STEM,Midwest,2,1,1,Medium,LinkedIn,10,86,5,3,,
3.58,Mid-tier,Business,West,2,0,3,Small,LinkedIn,9,5,0,0,,
2.97,Lower-tier,Business,South,2,2,6,Small,LinkedIn,8,48,2,2,,
3.02,Top-tier,STEM,Northeast,0,0,2,Medium,LinkedIn,6,78,2,2,,
3.01,Mid-tier,Business,West,2,3,0,Large,Handshake,7,50,4,0,,
3.31,Mid-tier,STEM,Midwest,4,3,3,Small,Handshake,5,22,0,0,,
2.73,Mid-tier,Business,South,0,2,5,Medium,Handshake,1,7,1,0,,
3.58,Lower-tier,STEM,Midwest,0,1,3,Large,Indeed,12,146,4,1,,
3.15,Lower-tier,Humanities,West,1,0,5,Small,Indeed,2,16,2,0,,
3.27,Mid-tier,STEM,Midwest,1,2,3,Small,LinkedIn,5,60,1,0,,
3.53,Mid-tier,Business,Northeast,0,0,2,Medium,Indeed,11,111,1,1,,
3.64,Lower-tier,Humanities,Northeast,1,0,1,Small,Indeed,12,162,0,0,,
3.48,Mid-tier,Business,West,1,1,4,Medium,LinkedIn,5,38,2,1,,
3.07,Top-tier,Arts,Northeast,1,0,0,Large,LinkedIn,1,10,0,0,,
3.03,Lower-tier,Healthcare,West,1,3,1,Large,LinkedIn,6,43,2,2,,
3.17,Lower-tier,STEM,South,2,0,3,Large,LinkedIn,4,44,1,1,,
3.3,Mid-tier,Arts,Northeast,0,2,2,Large,LinkedIn,7,25,1,0,,
3.66,Top-tier,Business,Midwest,1,1,1,Small,Handshake,5,20,2,2,,
2.58,Lower-tier,STEM,Northeast,1,1,0,Small,Handshake,5,32,4,1,,
3.02,Mid-tier,Humanities,Northeast,0,2,3,Large,Indeed,10,175,3,1,,
3.24,Top-tier,Healthcare,Northeast,0,4,2,Large,Handshake,8,13,1,1,,
2.87,Top-tier,STEM,South,0,2,2,Large,Handshake,5,13,1,0,,
3.63,Mid-tier,Healthcare,Northeast,1,0,1,Medium,LinkedIn,1,8,0,0,,
3.56,Mid-tier,Humanities,Northeast,2,1,2,Medium,LinkedIn,3,41,3,2,,
3.34,Top-tier,Business,Northeast,3,2,2,Large,LinkedIn,8,26,2,1,,
2.56,Lower-tier,STEM,South,1,0,6,Medium,LinkedIn,9,73,3,1,,
3.04,Mid-tier,Humanities,West,2,1,1,Large,Indeed,9,117,6,2,,
3.45,Top-tier,Business,Northeast,1,0,1,Medium,LinkedIn,5,42,2,1,,
3.23,Lower-tier,STEM,Midwest,0,1,2,Medium,Handshake,4,16,1,1,,
3.44,Mid-tier,Business,Midwest,1,1,5,Medium,Indeed,12,162,1,0,,
2.89,Mid-tier,Humanities,South,0,1,5,Large,Indeed,2,9,0,0,,
3.6,Mid-tier,Business,Midwest,2,1,3,Medium,Indeed,11,139,1,1,,
2.81,Lower-tier,Humanities,Northeast,2,3,3,Medium,LinkedIn,5,58,2,1,,
3.23,Lower-tier,Business,Northeast,0,2,3,Small,Indeed,6,58,0,0,,
3.33,Lower-tier,STEM,Midwest,2,5,4,Large,LinkedIn,5,50,0,0,,
3.27,Mid-tier,STEM,South,1,0,3,Large,LinkedIn,1,6,0,0,,
3.05,Mid-tier,Healthcare,Northeast,0,3,2,Large,Handshake,12,5,1,1,,
3.6,Mid-tier,STEM,Northeast,0,2,1,Small,Handshake,2,13,2,1,,
3.31,Lower-tier,Humanities,Midwest,2,3,4,Large,Handshake,9,51,3,1,,
3.2,Mid-tier,Business,West,1,2,2,Small,LinkedIn,4,28,2,2,,
2.7,Mid-tier,Business,Northeast,0,0,1,Large,LinkedIn,12,76,5,0,,
3.27,Lower-tier,Business,South,2,2,1,Large,Indeed,10,66,0,0,,
3.14,Mid-tier,Humanities,Midwest,3,3,4,Medium,Indeed,7,148,4,1,,
3.7,Lower-tier,Business,Northeast,0,2,0,Large,LinkedIn,10,85,2,0,,
3.87,Mid-tier,STEM,Northeast,0,3,2,Large,Handshake,3,23,2,2,,
2.99,Lower-tier,Humanities,West,1,3,5,Small,Indeed,6,65,2,1,,
3.36,Top-tier,STEM,West,1,3,1,Large,Handshake,1,6,0,0,,
2.8,Lower-tier,Humanities,Midwest,2,3,4,Small,Handshake,12,56,4,1,,
2.76,Lower-tier,Business,South,0,2,4,Large,Indeed,9,126,1,0,,
3.35,Lower-tier,Business,West,3,2,2,Large,LinkedIn,11,82,4,4,,
3.63,Lower-tier,STEM,West,0,3,2,Medium,Indeed,5,50,0,0,,
3.99,Mid-tier,Arts,Northeast,0,2,2,Small,LinkedIn,7,56,4,2,,
2.87,Top-tier,Business,West,1,1,6,Large,LinkedIn,9,157,5,3,,
3.32,Lower-tier,Business,Northeast,3,2,2,Medium,Handshake,6,42,6,2,,
3.11,Lower-tier,STEM,West,1,2,0,Medium,Handshake,12,66,8,4,,
2.91,Lower-tier,Healthcare,Midwest,4,2,4,Small,Indeed,3,51,0,0,,
3.86,Lower-tier,Healthcare,South,1,2,4,Small,LinkedIn,7,67,4,1,,
2.83,Lower-tier,STEM,West,3,1,2,Small,Indeed,11,253,5,2,,
3.46,Mid-tier,Humanities,Midwest,1,1,1,Medium,Indeed,4,48,0,0,,
3.25,Mid-tier,Humanities,West,2,3,3,Large,LinkedIn,12,62,3,2,,
3.29,Lower-tier,STEM,Northeast,1,3,2,Small,Handshake,1,5,2,2,,
3.22,Mid-tier,Business,West,3,1,8,Medium,Handshake,4,25,3,1,,
3.67,Lower-tier,Healthcare,West,2,1,4,Large,Indeed,5,36,2,1,,
3.53,Top-tier,STEM,Midwest,2,0,3,Medium,LinkedIn,1,7,2,1,,
3.31,Mid-tier,Humanities,West,0,2,2,Medium,Indeed,7,71,1,0,,
3.83,Top-tier,STEM,South,1,2,4,Medium,Handshake,11,47,4,0,,
2.87,Mid-tier,Humanities,West,1,4,4,Small,Handshake,8,37,5,1,,
3.56,Mid-tier,Business,South,1,4,4,Medium,LinkedIn,6,51,1,0,,
3.3,Lower-tier,Business,West,1,3,1,Medium,Indeed,1,14,2,1,,
3.51,Lower-tier,Humanities,South,2,3,6,Small,Handshake,12,86,4,4,,
3.31,Lower-tier,Humanities,South,0,3,4,Medium,LinkedIn,9,90,1,0,,
3.29,Mid-tier,Business,West,1,1,3,Large,LinkedIn,2,22,1,0,,
3.25,Mid-tier,STEM,West,1,0,1,Large,LinkedIn,7,44,2,0,,
2.51,Mid-tier,Humanities,West,0,3,3,Small,Handshake,10,5,2,2,,
3.87,Lower-tier,STEM,West,2,2,3,Small,Handshake,7,57,2,2,,
2.39,Lower-tier,Humanities,Northeast,0,0,3,Medium,Handshake,8,18,1,0,,
3.48,Top-tier,STEM,Midwest,4,1,5,Medium,Handshake,7,5,2,2,,
3.32,Lower-tier,Humanities,Midwest,1,4,5,Large,Handshake,8,28,1,1,,
2.36,Mid-tier,Humanities,Northeast,0,3,3,Medium,Handshake,7,39,2,1,,
3.26,Mid-tier,Healthcare,South,1,2,0,Large,LinkedIn,3,30,0,0,,
3.98,Lower-tier,Business,South,1,3,3,Large,LinkedIn,10,85,4,1,,
3.12,Top-tier,STEM,Northeast,5,3,5,Small,LinkedIn,9,72,3,2,,
3.0,Lower-tier,STEM,Midwest,1,4,6,Medium,Handshake,2,6,0,0,,
2.98,Top-tier,Healthcare,West,1,2,5,Small,Handshake,8,14,0,0,,
3.38,Mid-tier,Humanities,Midwest,3,3,2,Small,Handshake,5,10,2,2,,
2.0,Mid-tier,Business,South,2,0,3,Large,Handshake,2,10,2,1,,
2.87,Mid-tier,Business,West,0,2,4,Medium,Handshake,6,20,1,0,,
3.39,Top-tier,Business,Midwest,3,1,4,Medium,Handshake,8,52,7,0,,
3.23,Mid-tier,Business,Northeast,1,5,1,Large,LinkedIn,1,6,0,0,,
3.24,Top-tier,Business,Midwest,2,7,5,Medium,LinkedIn,10,105,5,1,,
3.63,Lower-tier,Business,West,0,3,3,Large,Handshake,10,61,4,4,,
3.35,Lower-tier,STEM,Midwest,2,1,5,Medium,Handshake,7,12,2,2,,
2.94,Mid-tier,STEM,Northeast,0,1,4,Small,Handshake,2,5,1,0,,
3.38,Lower-tier,STEM,South,1,0,8,Small,Indeed,11,165,2,1,,
2.89,Mid-tier,Business,West,1,2,4,Small,Handshake,6,26,3,0,,
3.56,Mid-tier,Arts,Midwest,3,3,3,Medium,LinkedIn,1,9,2,2,,
2.63,Mid-tier,Business,West,1,2,5,Large,LinkedIn,12,46,4,2,,
3.36,Lower-tier,STEM,Midwest,3,0,3,Large,LinkedIn,12,76,3,3,,
2.99,Mid-tier,STEM,South,0,1,2,Large,Handshake,10,55,2,1,,
3.78,Lower-tier,STEM,West,0,0,1,Large,Handshake,11,97,8,4,,
3.51,Lower-tier,Business,Northeast,1,5,1,Large,Handshake,9,82,5,1,,
2.94,Top-tier,STEM,Midwest,1,1,2,Small,LinkedIn,1,9,2,2,,
3.46,Lower-tier,Humanities,South,1,3,7,Small,LinkedIn,1,7,0,0,,
3.27,Mid-tier,STEM,West,0,1,7,Large,Handshake,3,15,1,0,,
3.72,Mid-tier,Healthcare,Midwest,0,1,2,Medium,Handshake,7,17,2,1,,
3.14,Mid-tier,Healthcare,South,2,7,1,Medium,Indeed,7,142,0,0,,
2.94,Lower-tier,STEM,Midwest,2,1,1,Large,LinkedIn,1,13,1,0,,
2.85,Top-tier,STEM,West,1,4,2,Small,Handshake,8,24,1,0,,
4.0,Mid-tier,Humanities,Midwest,1,4,6,Small,Handshake,9,60,2,0,,
2.93,Top-tier,Arts,Midwest,0,3,1,Medium,LinkedIn,3,17,2,1,,
2.79,Mid-tier,STEM,Midwest,0,0,1,Large,LinkedIn,4,63,2,1,,
4.0,Lower-tier,Arts,South,0,3,2,Small,Indeed,4,106,2,2,,
3.82,Lower-tier,Business,West,4,3,1,Large,Indeed,9,72,2,0,,
2.76,Mid-tier,Business,Northeast,1,2,3,Large,LinkedIn,1,9,0,0,,
3.12,Mid-tier,Humanities,Midwest,1,0,0,Medium,LinkedIn,5,54,2,1,,
2.23,Mid-tier,Healthcare,South,2,4,3,Small,Handshake,11,62,2,2,,
3.1,Mid-tier,Business,Northeast,0,2,3,Medium,LinkedIn,9,60,5,1,,
2.62,Lower-tier,Business,Midwest,0,1,5,Large,Handshake,9,24,1,0,,
2.98,Top-tier,Humanities,West,2,4,2,Large,LinkedIn,11,78,2,1,,
2.97,Lower-tier,STEM,Midwest,2,2,5,Large,Handshake,3,9,2,2,,
3.58,Mid-tier,STEM,Midwest,3,3,3,Medium,Indeed,6,92,1,0,,
3.47,Lower-tier,STEM,West,0,4,2,Medium,Indeed,10,96,2,2,,
3.05,Mid-tier,STEM,Midwest,3,1,3,Large,Handshake,10,68,4,4,,
2.98,Mid-tier,STEM,South,3,4,5,Large,Handshake,10,18,2,1,,
2.32,Top-tier,Business,West,3,1,4,Small,Indeed,9,157,3,2,,
3.11,Lower-tier,Arts,South,0,0,1,Medium,Handshake,3,7,1,1,,
3.5,Mid-tier,Business,Midwest,2,3,5,Large,LinkedIn,5,46,4,0,,
2.8,Mid-tier,Arts,Northeast,1,2,3,Large,Handshake,9,28,2,2,,
3.31,Mid-tier,Business,South,3,4,3,Large,Indeed,3,46,1,0,,
3.11,Mid-tier,Business,Midwest,0,3,2,Large,Handshake,3,9,0,0,,
2.84,Mid-tier,Humanities,South,1,3,3,Small,Handshake,8,44,4,1,,
2.9,Mid-tier,STEM,Northeast,2,2,2,Small,Handshake,7,35,2,0,,
3.58,Mid-tier,Healthcare,Northeast,2,1,4,Medium,Handshake,4,21,2,2,,
2.25,Mid-tier,Arts,Northeast,1,2,3,Large,Indeed,3,58,0,0,,
3.75,Lower-tier,STEM,Northeast,2,2,5,Medium,LinkedIn,7,50,3,3,,
3.08,Mid-tier,STEM,South,2,2,4,Large,Handshake,5,15,2,1,,
2.97,Mid-tier,Healthcare,West,1,5,3,Medium,Indeed,1,5,0,0,,
3.01,Mid-tier,Humanities,West,1,4,6,Large,Indeed,9,114,1,0,,
